day,date,campaign_id,daily_budget_inr,spend_inr,ran_out,ran_out_daypart
0,2026-08-03,C-S1-DEL,900.0,899.22,True,afternoon
0,2026-08-03,C-S1-MUM,1600.0,1194.29,False,
0,2026-08-03,C-S1-BLR,1100.0,1098.36,True,evening
0,2026-08-03,C-S1-HYD,1150.0,1000.75,False,
0,2026-08-03,C-S1-PUN,500.0,494.59,False,
0,2026-08-03,C-S2-DEL,1700.0,1052.74,False,
0,2026-08-03,C-S2-MUM,400.0,399.99,True,afternoon
0,2026-08-03,C-S2-BLR,1350.0,782.11,False,
0,2026-08-03,C-S2-HYD,600.0,250.76,False,
0,2026-08-03,C-S2-PUN,400.0,203.39,False,
0,2026-08-03,C-S3-DEL,2900.0,2490.5,False,
0,2026-08-03,C-S3-MUM,2350.0,1704.2,False,
0,2026-08-03,C-S3-BLR,1050.0,1049.18,True,evening
0,2026-08-03,C-S3-HYD,400.0,286.95,False,
0,2026-08-03,C-S3-PUN,750.0,595.1,False,
0,2026-08-03,C-S4-DEL,1150.0,849.98,False,
0,2026-08-03,C-S4-MUM,950.0,786.47,False,
0,2026-08-03,C-S4-BLR,1250.0,619.66,False,
0,2026-08-03,C-S4-HYD,400.0,258.98,False,
0,2026-08-03,C-S4-PUN,400.0,119.47,False,
0,2026-08-03,C-S5-DEL,400.0,399.49,True,afternoon
0,2026-08-03,C-S5-MUM,1300.0,1260.31,False,
0,2026-08-03,C-S5-BLR,500.0,498.93,True,evening
0,2026-08-03,C-S5-HYD,400.0,285.69,False,
0,2026-08-03,C-S5-PUN,400.0,128.03,False,
1,2026-08-04,C-S1-DEL,900.0,899.17,True,afternoon
1,2026-08-04,C-S1-MUM,1600.0,1180.93,False,
1,2026-08-04,C-S1-BLR,1100.0,1097.82,True,evening
1,2026-08-04,C-S1-HYD,1150.0,1062.18,False,
1,2026-08-04,C-S1-PUN,500.0,497.42,True,evening
1,2026-08-04,C-S2-DEL,1700.0,1075.63,False,
1,2026-08-04,C-S2-MUM,400.0,398.62,True,evening
1,2026-08-04,C-S2-BLR,1350.0,796.66,False,
1,2026-08-04,C-S2-HYD,600.0,260.37,False,
1,2026-08-04,C-S2-PUN,400.0,213.62,False,
1,2026-08-04,C-S3-DEL,2900.0,2367.93,False,
1,2026-08-04,C-S3-MUM,2350.0,1626.08,False,
1,2026-08-04,C-S3-BLR,1050.0,1049.3,True,evening
1,2026-08-04,C-S3-HYD,400.0,303.64,False,
1,2026-08-04,C-S3-PUN,750.0,616.1,False,
1,2026-08-04,C-S4-DEL,1150.0,874.14,False,
1,2026-08-04,C-S4-MUM,950.0,663.92,False,
1,2026-08-04,C-S4-BLR,1250.0,656.53,False,
1,2026-08-04,C-S4-HYD,400.0,254.73,False,
1,2026-08-04,C-S4-PUN,400.0,113.49,False,
1,2026-08-04,C-S5-DEL,400.0,399.36,True,afternoon
1,2026-08-04,C-S5-MUM,1300.0,1154.39,False,
1,2026-08-04,C-S5-BLR,500.0,499.44,True,afternoon
1,2026-08-04,C-S5-HYD,400.0,318.21,False,
1,2026-08-04,C-S5-PUN,400.0,128.24,False,
2,2026-08-05,C-S1-DEL,900.0,899.07,True,afternoon
2,2026-08-05,C-S1-MUM,1600.0,1168.0,False,
2,2026-08-05,C-S1-BLR,1100.0,1098.28,True,evening
2,2026-08-05,C-S1-HYD,1150.0,1120.61,False,
2,2026-08-05,C-S1-PUN,500.0,497.92,True,evening
2,2026-08-05,C-S2-DEL,1700.0,1039.76,False,
2,2026-08-05,C-S2-MUM,400.0,399.96,True,afternoon
2,2026-08-05,C-S2-BLR,1350.0,716.99,False,
2,2026-08-05,C-S2-HYD,600.0,255.41,False,
2,2026-08-05,C-S2-PUN,400.0,210.36,False,
2,2026-08-05,C-S3-DEL,2900.0,2578.84,False,
2,2026-08-05,C-S3-MUM,2350.0,1635.18,False,
2,2026-08-05,C-S3-BLR,1050.0,1049.21,True,evening
2,2026-08-05,C-S3-HYD,400.0,332.05,False,
2,2026-08-05,C-S3-PUN,750.0,603.18,False,
2,2026-08-05,C-S4-DEL,1150.0,837.93,False,
2,2026-08-05,C-S4-MUM,950.0,703.72,False,
2,2026-08-05,C-S4-BLR,1250.0,582.27,False,
2,2026-08-05,C-S4-HYD,400.0,262.83,False,
2,2026-08-05,C-S4-PUN,400.0,121.95,False,
2,2026-08-05,C-S5-DEL,400.0,399.4,True,afternoon
2,2026-08-05,C-S5-MUM,1300.0,1200.81,False,
2,2026-08-05,C-S5-BLR,500.0,499.48,True,evening
2,2026-08-05,C-S5-HYD,400.0,349.19,False,
2,2026-08-05,C-S5-PUN,400.0,122.6,False,
3,2026-08-06,C-S1-DEL,900.0,899.14,True,afternoon
3,2026-08-06,C-S1-MUM,1600.0,1189.52,False,
3,2026-08-06,C-S1-BLR,1100.0,1097.72,True,evening
3,2026-08-06,C-S1-HYD,1150.0,1102.59,False,
3,2026-08-06,C-S1-PUN,500.0,498.13,True,evening
3,2026-08-06,C-S2-DEL,1700.0,1040.55,False,
3,2026-08-06,C-S2-MUM,400.0,400.03,True,afternoon
3,2026-08-06,C-S2-BLR,1350.0,659.64,False,
3,2026-08-06,C-S2-HYD,600.0,238.32,False,
3,2026-08-06,C-S2-PUN,400.0,194.17,False,
3,2026-08-06,C-S3-DEL,2900.0,2318.1,False,
3,2026-08-06,C-S3-MUM,2350.0,1698.71,False,
3,2026-08-06,C-S3-BLR,1050.0,1048.82,True,evening
3,2026-08-06,C-S3-HYD,400.0,320.27,False,
3,2026-08-06,C-S3-PUN,750.0,658.4,False,
3,2026-08-06,C-S4-DEL,1150.0,908.4,False,
3,2026-08-06,C-S4-MUM,950.0,730.59,False,
3,2026-08-06,C-S4-BLR,1250.0,530.46,False,
3,2026-08-06,C-S4-HYD,400.0,250.66,False,
3,2026-08-06,C-S4-PUN,400.0,107.24,False,
3,2026-08-06,C-S5-DEL,400.0,399.35,True,afternoon
3,2026-08-06,C-S5-MUM,1300.0,1299.31,True,evening
3,2026-08-06,C-S5-BLR,500.0,499.1,True,evening
3,2026-08-06,C-S5-HYD,400.0,349.65,False,
3,2026-08-06,C-S5-PUN,400.0,140.9,False,
4,2026-08-07,C-S1-DEL,900.0,899.17,True,afternoon
4,2026-08-07,C-S1-MUM,1600.0,1069.54,False,
4,2026-08-07,C-S1-BLR,1100.0,1098.97,True,afternoon
4,2026-08-07,C-S1-HYD,1150.0,1049.37,False,
4,2026-08-07,C-S1-PUN,500.0,466.35,False,
4,2026-08-07,C-S2-DEL,1700.0,950.27,False,
4,2026-08-07,C-S2-MUM,400.0,399.23,True,evening
4,2026-08-07,C-S2-BLR,1350.0,677.02,False,
4,2026-08-07,C-S2-HYD,600.0,268.87,False,
4,2026-08-07,C-S2-PUN,400.0,215.64,False,
4,2026-08-07,C-S3-DEL,2900.0,2505.94,False,
4,2026-08-07,C-S3-MUM,2350.0,1446.26,False,
4,2026-08-07,C-S3-BLR,1050.0,1049.13,True,evening
4,2026-08-07,C-S3-HYD,400.0,308.05,False,
4,2026-08-07,C-S3-PUN,750.0,515.24,False,
4,2026-08-07,C-S4-DEL,1150.0,803.34,False,
4,2026-08-07,C-S4-MUM,950.0,640.49,False,
4,2026-08-07,C-S4-BLR,1250.0,547.11,False,
4,2026-08-07,C-S4-HYD,400.0,288.67,False,
4,2026-08-07,C-S4-PUN,400.0,127.61,False,
4,2026-08-07,C-S5-DEL,400.0,399.37,True,afternoon
4,2026-08-07,C-S5-MUM,1300.0,1083.69,False,
4,2026-08-07,C-S5-BLR,500.0,499.11,True,afternoon
4,2026-08-07,C-S5-HYD,400.0,293.98,False,
4,2026-08-07,C-S5-PUN,400.0,100.18,False,
5,2026-08-08,C-S1-DEL,900.0,899.38,True,afternoon
5,2026-08-08,C-S1-MUM,1600.0,1313.52,False,
5,2026-08-08,C-S1-BLR,1100.0,1098.22,True,evening
5,2026-08-08,C-S1-HYD,1150.0,1148.02,True,evening
5,2026-08-08,C-S1-PUN,500.0,498.17,True,evening
5,2026-08-08,C-S2-DEL,1700.0,1261.03,False,
5,2026-08-08,C-S2-MUM,400.0,399.99,True,afternoon
5,2026-08-08,C-S2-BLR,1350.0,942.09,False,
5,2026-08-08,C-S2-HYD,600.0,313.76,False,
5,2026-08-08,C-S2-PUN,400.0,238.67,False,
5,2026-08-08,C-S3-DEL,2900.0,2639.31,False,
5,2026-08-08,C-S3-MUM,2350.0,1796.19,False,
5,2026-08-08,C-S3-BLR,1050.0,1049.01,True,evening
5,2026-08-08,C-S3-HYD,400.0,358.63,False,
5,2026-08-08,C-S3-PUN,750.0,625.64,False,
5,2026-08-08,C-S4-DEL,1150.0,1027.03,False,
5,2026-08-08,C-S4-MUM,950.0,809.13,False,
5,2026-08-08,C-S4-BLR,1250.0,773.17,False,
5,2026-08-08,C-S4-HYD,400.0,342.51,False,
5,2026-08-08,C-S4-PUN,400.0,136.5,False,
5,2026-08-08,C-S5-DEL,400.0,399.68,True,morning
5,2026-08-08,C-S5-MUM,1300.0,1299.51,True,evening
5,2026-08-08,C-S5-BLR,500.0,498.62,True,evening
5,2026-08-08,C-S5-HYD,400.0,375.72,False,
5,2026-08-08,C-S5-PUN,400.0,124.09,False,
6,2026-08-09,C-S1-DEL,900.0,899.36,True,afternoon
6,2026-08-09,C-S1-MUM,1600.0,1335.67,False,
6,2026-08-09,C-S1-BLR,1100.0,1097.24,True,evening
6,2026-08-09,C-S1-HYD,1150.0,1111.62,False,
6,2026-08-09,C-S1-PUN,500.0,497.96,True,evening
6,2026-08-09,C-S2-DEL,1700.0,1197.89,False,
6,2026-08-09,C-S2-MUM,400.0,399.99,True,afternoon
6,2026-08-09,C-S2-BLR,1350.0,850.67,False,
6,2026-08-09,C-S2-HYD,600.0,279.54,False,
6,2026-08-09,C-S2-PUN,400.0,231.74,False,
6,2026-08-09,C-S3-DEL,2900.0,2747.67,False,
6,2026-08-09,C-S3-MUM,2350.0,1877.98,False,
6,2026-08-09,C-S3-BLR,1050.0,1048.91,True,evening
6,2026-08-09,C-S3-HYD,400.0,330.83,False,
6,2026-08-09,C-S3-PUN,750.0,652.05,False,
6,2026-08-09,C-S4-DEL,1150.0,975.26,False,
6,2026-08-09,C-S4-MUM,950.0,744.77,False,
6,2026-08-09,C-S4-BLR,1250.0,685.59,False,
6,2026-08-09,C-S4-HYD,400.0,285.31,False,
6,2026-08-09,C-S4-PUN,400.0,135.58,False,
6,2026-08-09,C-S5-DEL,400.0,399.58,True,afternoon
6,2026-08-09,C-S5-MUM,1300.0,1299.35,True,evening
6,2026-08-09,C-S5-BLR,500.0,498.95,True,evening
6,2026-08-09,C-S5-HYD,400.0,308.34,False,
6,2026-08-09,C-S5-PUN,400.0,134.52,False,
7,2026-08-10,C-S1-DEL,900.0,899.44,True,afternoon
7,2026-08-10,C-S1-MUM,1600.0,1158.81,False,
7,2026-08-10,C-S1-BLR,1100.0,1097.85,True,evening
7,2026-08-10,C-S1-HYD,1150.0,1037.15,False,
7,2026-08-10,C-S1-PUN,500.0,497.63,True,evening
7,2026-08-10,C-S2-DEL,1700.0,987.41,False,
7,2026-08-10,C-S2-MUM,400.0,398.53,True,evening
7,2026-08-10,C-S2-BLR,1350.0,744.3,False,
7,2026-08-10,C-S2-HYD,600.0,246.56,False,
7,2026-08-10,C-S2-PUN,400.0,233.13,False,
7,2026-08-10,C-S3-DEL,2900.0,2469.1,False,
7,2026-08-10,C-S3-MUM,2350.0,1673.28,False,
7,2026-08-10,C-S3-BLR,1050.0,1049.22,True,evening
7,2026-08-10,C-S3-HYD,400.0,294.82,False,
7,2026-08-10,C-S3-PUN,750.0,611.13,False,
7,2026-08-10,C-S4-DEL,1150.0,814.32,False,
7,2026-08-10,C-S4-MUM,950.0,614.06,False,
7,2026-08-10,C-S4-BLR,1250.0,639.15,False,
7,2026-08-10,C-S4-HYD,400.0,258.86,False,
7,2026-08-10,C-S4-PUN,400.0,138.69,False,
7,2026-08-10,C-S5-DEL,400.0,399.67,True,afternoon
7,2026-08-10,C-S5-MUM,1300.0,1266.5,False,
7,2026-08-10,C-S5-BLR,500.0,498.54,True,evening
7,2026-08-10,C-S5-HYD,400.0,314.8,False,
7,2026-08-10,C-S5-PUN,400.0,126.08,False,
8,2026-08-11,C-S1-DEL,900.0,899.29,True,afternoon
8,2026-08-11,C-S1-MUM,1600.0,1181.87,False,
8,2026-08-11,C-S1-BLR,1100.0,1098.32,True,evening
8,2026-08-11,C-S1-HYD,1150.0,1133.89,False,
8,2026-08-11,C-S1-PUN,500.0,493.44,False,
8,2026-08-11,C-S2-DEL,1700.0,1098.44,False,
8,2026-08-11,C-S2-MUM,400.0,400.0,True,afternoon
8,2026-08-11,C-S2-BLR,1350.0,719.59,False,
8,2026-08-11,C-S2-HYD,600.0,254.12,False,
8,2026-08-11,C-S2-PUN,400.0,207.6,False,
8,2026-08-11,C-S3-DEL,2900.0,2240.04,False,
8,2026-08-11,C-S3-MUM,2350.0,1609.34,False,
8,2026-08-11,C-S3-BLR,1050.0,1049.34,True,evening
8,2026-08-11,C-S3-HYD,400.0,337.2,False,
8,2026-08-11,C-S3-PUN,750.0,585.49,False,
8,2026-08-11,C-S4-DEL,1150.0,851.62,False,
8,2026-08-11,C-S4-MUM,950.0,766.61,False,
8,2026-08-11,C-S4-BLR,1250.0,602.51,False,
8,2026-08-11,C-S4-HYD,400.0,251.34,False,
8,2026-08-11,C-S4-PUN,400.0,126.09,False,
8,2026-08-11,C-S5-DEL,400.0,399.43,True,afternoon
8,2026-08-11,C-S5-MUM,1300.0,1231.1,False,
8,2026-08-11,C-S5-BLR,500.0,499.29,True,evening
8,2026-08-11,C-S5-HYD,400.0,346.63,False,
8,2026-08-11,C-S5-PUN,400.0,118.07,False,
9,2026-08-12,C-S1-DEL,900.0,899.31,True,afternoon
9,2026-08-12,C-S1-MUM,1600.0,1255.53,False,
9,2026-08-12,C-S1-BLR,1100.0,1098.57,True,evening
9,2026-08-12,C-S1-HYD,1150.0,1056.47,False,
9,2026-08-12,C-S1-PUN,500.0,481.87,False,
9,2026-08-12,C-S2-DEL,1700.0,1174.81,False,
9,2026-08-12,C-S2-MUM,400.0,399.99,True,afternoon
9,2026-08-12,C-S2-BLR,1350.0,717.6,False,
9,2026-08-12,C-S2-HYD,600.0,285.13,False,
9,2026-08-12,C-S2-PUN,400.0,210.0,False,
9,2026-08-12,C-S3-DEL,2900.0,2346.38,False,
9,2026-08-12,C-S3-MUM,2350.0,1737.74,False,
9,2026-08-12,C-S3-BLR,1050.0,1049.19,True,evening
9,2026-08-12,C-S3-HYD,400.0,305.46,False,
9,2026-08-12,C-S3-PUN,750.0,587.83,False,
9,2026-08-12,C-S4-DEL,1150.0,935.38,False,
9,2026-08-12,C-S4-MUM,950.0,754.93,False,
9,2026-08-12,C-S4-BLR,1250.0,620.49,False,
9,2026-08-12,C-S4-HYD,400.0,301.13,False,
9,2026-08-12,C-S4-PUN,400.0,121.23,False,
9,2026-08-12,C-S5-DEL,400.0,399.46,True,afternoon
9,2026-08-12,C-S5-MUM,1300.0,1299.44,True,evening
9,2026-08-12,C-S5-BLR,500.0,499.19,True,evening
9,2026-08-12,C-S5-HYD,400.0,301.2,False,
9,2026-08-12,C-S5-PUN,400.0,128.48,False,
10,2026-08-13,C-S1-DEL,900.0,899.38,True,afternoon
10,2026-08-13,C-S1-MUM,1600.0,1199.79,False,
10,2026-08-13,C-S1-BLR,1100.0,1097.91,True,evening
10,2026-08-13,C-S1-HYD,1150.0,1124.77,False,
10,2026-08-13,C-S1-PUN,500.0,497.81,False,
10,2026-08-13,C-S2-DEL,1700.0,1044.18,False,
10,2026-08-13,C-S2-MUM,400.0,399.99,True,afternoon
10,2026-08-13,C-S2-BLR,1350.0,652.7,False,
10,2026-08-13,C-S2-HYD,600.0,260.33,False,
10,2026-08-13,C-S2-PUN,400.0,210.57,False,
10,2026-08-13,C-S3-DEL,2900.0,2353.37,False,
10,2026-08-13,C-S3-MUM,2350.0,1653.21,False,
10,2026-08-13,C-S3-BLR,1050.0,1049.43,True,evening
10,2026-08-13,C-S3-HYD,400.0,326.67,False,
10,2026-08-13,C-S3-PUN,750.0,581.48,False,
10,2026-08-13,C-S4-DEL,1150.0,842.37,False,
10,2026-08-13,C-S4-MUM,950.0,711.71,False,
10,2026-08-13,C-S4-BLR,1250.0,534.17,False,
10,2026-08-13,C-S4-HYD,400.0,268.71,False,
10,2026-08-13,C-S4-PUN,400.0,128.17,False,
10,2026-08-13,C-S5-DEL,400.0,399.73,True,afternoon
10,2026-08-13,C-S5-MUM,1300.0,1117.64,False,
10,2026-08-13,C-S5-BLR,500.0,498.87,True,evening
10,2026-08-13,C-S5-HYD,400.0,333.53,False,
10,2026-08-13,C-S5-PUN,400.0,121.55,False,
11,2026-08-14,C-S1-DEL,900.0,899.08,True,afternoon
11,2026-08-14,C-S1-MUM,1600.0,1145.12,False,
11,2026-08-14,C-S1-BLR,1100.0,1097.97,True,evening
11,2026-08-14,C-S1-HYD,1150.0,1147.78,True,evening
11,2026-08-14,C-S1-PUN,500.0,483.9,False,
11,2026-08-14,C-S2-DEL,1700.0,1029.63,False,
11,2026-08-14,C-S2-MUM,400.0,400.04,True,afternoon
11,2026-08-14,C-S2-BLR,1350.0,707.18,False,
11,2026-08-14,C-S2-HYD,600.0,289.78,False,
11,2026-08-14,C-S2-PUN,400.0,216.92,False,
11,2026-08-14,C-S3-DEL,2900.0,2086.13,False,
11,2026-08-14,C-S3-MUM,2350.0,1579.29,False,
11,2026-08-14,C-S3-BLR,1050.0,1049.59,True,evening
11,2026-08-14,C-S3-HYD,400.0,344.29,False,
11,2026-08-14,C-S3-PUN,750.0,569.61,False,
11,2026-08-14,C-S4-DEL,1150.0,820.19,False,
11,2026-08-14,C-S4-MUM,950.0,725.43,False,
11,2026-08-14,C-S4-BLR,1250.0,604.68,False,
11,2026-08-14,C-S4-HYD,400.0,304.48,False,
11,2026-08-14,C-S4-PUN,400.0,126.61,False,
11,2026-08-14,C-S5-DEL,400.0,399.34,True,afternoon
11,2026-08-14,C-S5-MUM,1300.0,1296.28,False,
11,2026-08-14,C-S5-BLR,500.0,499.02,True,evening
11,2026-08-14,C-S5-HYD,400.0,399.52,True,evening
11,2026-08-14,C-S5-PUN,400.0,120.33,False,
12,2026-08-15,C-S1-DEL,900.0,899.31,True,afternoon
12,2026-08-15,C-S1-MUM,1600.0,1397.76,False,
12,2026-08-15,C-S1-BLR,1100.0,1098.81,True,afternoon
12,2026-08-15,C-S1-HYD,1150.0,1148.71,True,evening
12,2026-08-15,C-S1-PUN,500.0,497.8,True,evening
12,2026-08-15,C-S2-DEL,1700.0,1140.86,False,
12,2026-08-15,C-S2-MUM,400.0,400.0,True,afternoon
12,2026-08-15,C-S2-BLR,1350.0,758.77,False,
12,2026-08-15,C-S2-HYD,600.0,306.8,False,
12,2026-08-15,C-S2-PUN,400.0,229.55,False,
12,2026-08-15,C-S3-DEL,2900.0,2547.12,False,
12,2026-08-15,C-S3-MUM,2350.0,1934.16,False,
12,2026-08-15,C-S3-BLR,1050.0,1049.61,True,afternoon
12,2026-08-15,C-S3-HYD,400.0,360.31,False,
12,2026-08-15,C-S3-PUN,750.0,666.65,False,
12,2026-08-15,C-S4-DEL,1150.0,921.76,False,
12,2026-08-15,C-S4-MUM,950.0,776.08,False,
12,2026-08-15,C-S4-BLR,1250.0,645.77,False,
12,2026-08-15,C-S4-HYD,400.0,327.82,False,
12,2026-08-15,C-S4-PUN,400.0,131.15,False,
12,2026-08-15,C-S5-DEL,400.0,399.56,True,afternoon
12,2026-08-15,C-S5-MUM,1300.0,1299.38,True,evening
12,2026-08-15,C-S5-BLR,500.0,499.42,True,afternoon
12,2026-08-15,C-S5-HYD,400.0,369.9,False,
12,2026-08-15,C-S5-PUN,400.0,140.31,False,
13,2026-08-16,C-S1-DEL,900.0,899.88,True,afternoon
13,2026-08-16,C-S1-MUM,1600.0,1343.46,False,
13,2026-08-16,C-S1-BLR,1100.0,1098.93,True,afternoon
13,2026-08-16,C-S1-HYD,1150.0,1147.63,True,evening
13,2026-08-16,C-S1-PUN,500.0,498.5,True,evening
13,2026-08-16,C-S2-DEL,1700.0,1187.24,False,
13,2026-08-16,C-S2-MUM,400.0,399.99,True,afternoon
13,2026-08-16,C-S2-BLR,1350.0,809.38,False,
13,2026-08-16,C-S2-HYD,600.0,278.67,False,
13,2026-08-16,C-S2-PUN,400.0,247.09,False,
13,2026-08-16,C-S3-DEL,2900.0,2267.94,False,
13,2026-08-16,C-S3-MUM,2350.0,1870.08,False,
13,2026-08-16,C-S3-BLR,1050.0,1049.78,True,afternoon
13,2026-08-16,C-S3-HYD,400.0,346.67,False,
13,2026-08-16,C-S3-PUN,750.0,644.52,False,
13,2026-08-16,C-S4-DEL,1150.0,931.63,False,
13,2026-08-16,C-S4-MUM,950.0,825.9,False,
13,2026-08-16,C-S4-BLR,1250.0,662.76,False,
13,2026-08-16,C-S4-HYD,400.0,278.7,False,
13,2026-08-16,C-S4-PUN,400.0,139.04,False,
13,2026-08-16,C-S5-DEL,400.0,399.6,True,afternoon
13,2026-08-16,C-S5-MUM,1300.0,1299.44,True,evening
13,2026-08-16,C-S5-BLR,500.0,499.41,True,afternoon
13,2026-08-16,C-S5-HYD,400.0,343.34,False,
13,2026-08-16,C-S5-PUN,400.0,127.89,False,
14,2026-08-17,C-S1-DEL,900.0,899.51,True,afternoon
14,2026-08-17,C-S1-MUM,1600.0,1169.92,False,
14,2026-08-17,C-S1-BLR,1100.0,1097.69,True,evening
14,2026-08-17,C-S1-HYD,1150.0,1116.32,False,
14,2026-08-17,C-S1-PUN,500.0,492.47,False,
14,2026-08-17,C-S2-DEL,1700.0,1063.57,False,
14,2026-08-17,C-S2-MUM,400.0,399.57,True,afternoon
14,2026-08-17,C-S2-BLR,1350.0,716.96,False,
14,2026-08-17,C-S2-HYD,600.0,246.05,False,
14,2026-08-17,C-S2-PUN,400.0,220.12,False,
14,2026-08-17,C-S3-DEL,2900.0,2258.7,False,
14,2026-08-17,C-S3-MUM,2350.0,1574.0,False,
14,2026-08-17,C-S3-BLR,1050.0,1049.0,True,evening
14,2026-08-17,C-S3-HYD,400.0,325.47,False,
14,2026-08-17,C-S3-PUN,750.0,583.9,False,
14,2026-08-17,C-S4-DEL,1150.0,862.65,False,
14,2026-08-17,C-S4-MUM,950.0,693.18,False,
14,2026-08-17,C-S4-BLR,1250.0,604.83,False,
14,2026-08-17,C-S4-HYD,400.0,260.9,False,
14,2026-08-17,C-S4-PUN,400.0,129.49,False,
14,2026-08-17,C-S5-DEL,400.0,399.65,True,afternoon
14,2026-08-17,C-S5-MUM,1300.0,1170.6,False,
14,2026-08-17,C-S5-BLR,500.0,499.07,True,evening
14,2026-08-17,C-S5-HYD,400.0,369.0,False,
14,2026-08-17,C-S5-PUN,400.0,123.13,False,
15,2026-08-18,C-S1-DEL,900.0,898.23,True,evening
15,2026-08-18,C-S1-MUM,1600.0,1221.26,False,
15,2026-08-18,C-S1-BLR,1100.0,1098.44,True,evening
15,2026-08-18,C-S1-HYD,1150.0,1114.73,False,
15,2026-08-18,C-S1-PUN,500.0,489.35,False,
15,2026-08-18,C-S2-DEL,1700.0,1101.87,False,
15,2026-08-18,C-S2-MUM,400.0,399.57,True,afternoon
15,2026-08-18,C-S2-BLR,1350.0,750.26,False,
15,2026-08-18,C-S2-HYD,600.0,267.19,False,
15,2026-08-18,C-S2-PUN,400.0,227.1,False,
15,2026-08-18,C-S3-DEL,2900.0,2270.73,False,
15,2026-08-18,C-S3-MUM,2350.0,1727.94,False,
15,2026-08-18,C-S3-BLR,1050.0,1049.42,True,evening
15,2026-08-18,C-S3-HYD,400.0,333.41,False,
15,2026-08-18,C-S3-PUN,750.0,559.72,False,
15,2026-08-18,C-S4-DEL,1150.0,897.52,False,
15,2026-08-18,C-S4-MUM,950.0,770.95,False,
15,2026-08-18,C-S4-BLR,1250.0,581.18,False,
15,2026-08-18,C-S4-HYD,400.0,279.07,False,
15,2026-08-18,C-S4-PUN,400.0,127.37,False,
15,2026-08-18,C-S5-DEL,400.0,399.62,True,afternoon
15,2026-08-18,C-S5-MUM,1300.0,1299.51,True,evening
15,2026-08-18,C-S5-BLR,500.0,499.14,True,evening
15,2026-08-18,C-S5-HYD,400.0,334.65,False,
15,2026-08-18,C-S5-PUN,400.0,113.8,False,
16,2026-08-19,C-S1-DEL,900.0,899.29,True,afternoon
16,2026-08-19,C-S1-MUM,1600.0,1238.74,False,
16,2026-08-19,C-S1-BLR,1100.0,1097.55,True,evening
16,2026-08-19,C-S1-HYD,1150.0,1147.58,True,evening
16,2026-08-19,C-S1-PUN,500.0,480.65,False,
16,2026-08-19,C-S2-DEL,1700.0,1036.1,False,
16,2026-08-19,C-S2-MUM,400.0,398.81,True,evening
16,2026-08-19,C-S2-BLR,1350.0,709.66,False,
16,2026-08-19,C-S2-HYD,600.0,242.1,False,
16,2026-08-19,C-S2-PUN,400.0,202.37,False,
16,2026-08-19,C-S3-DEL,2900.0,2161.07,False,
16,2026-08-19,C-S3-MUM,2350.0,1733.64,False,
16,2026-08-19,C-S3-BLR,1050.0,1049.19,True,evening
16,2026-08-19,C-S3-HYD,400.0,339.57,False,
16,2026-08-19,C-S3-PUN,750.0,569.29,False,
16,2026-08-19,C-S4-DEL,1150.0,873.85,False,
16,2026-08-19,C-S4-MUM,950.0,701.42,False,
16,2026-08-19,C-S4-BLR,1250.0,584.03,False,
16,2026-08-19,C-S4-HYD,400.0,245.86,False,
16,2026-08-19,C-S4-PUN,400.0,120.91,False,
16,2026-08-19,C-S5-DEL,400.0,399.63,True,afternoon
16,2026-08-19,C-S5-MUM,1300.0,1299.38,True,evening
16,2026-08-19,C-S5-BLR,500.0,498.74,True,evening
16,2026-08-19,C-S5-HYD,400.0,386.11,False,
16,2026-08-19,C-S5-PUN,400.0,117.49,False,
17,2026-08-20,C-S1-DEL,900.0,899.44,True,afternoon
17,2026-08-20,C-S1-MUM,1600.0,1131.08,False,
17,2026-08-20,C-S1-BLR,1100.0,1097.57,True,evening
17,2026-08-20,C-S1-HYD,1150.0,1053.17,False,
17,2026-08-20,C-S1-PUN,500.0,497.89,True,evening
17,2026-08-20,C-S2-DEL,1700.0,1003.14,False,
17,2026-08-20,C-S2-MUM,400.0,399.99,True,afternoon
17,2026-08-20,C-S2-BLR,1350.0,718.75,False,
17,2026-08-20,C-S2-HYD,600.0,265.9,False,
17,2026-08-20,C-S2-PUN,400.0,237.58,False,
17,2026-08-20,C-S3-DEL,2900.0,2370.12,False,
17,2026-08-20,C-S3-MUM,2350.0,1545.38,False,
17,2026-08-20,C-S3-BLR,1050.0,1049.27,True,evening
17,2026-08-20,C-S3-HYD,400.0,306.76,False,
17,2026-08-20,C-S3-PUN,750.0,609.57,False,
17,2026-08-20,C-S4-DEL,1150.0,841.07,False,
17,2026-08-20,C-S4-MUM,950.0,691.2,False,
17,2026-08-20,C-S4-BLR,1250.0,590.82,False,
17,2026-08-20,C-S4-HYD,400.0,281.18,False,
17,2026-08-20,C-S4-PUN,400.0,133.36,False,
17,2026-08-20,C-S5-DEL,400.0,399.63,True,afternoon
17,2026-08-20,C-S5-MUM,1300.0,1268.62,False,
17,2026-08-20,C-S5-BLR,500.0,498.95,True,evening
17,2026-08-20,C-S5-HYD,400.0,296.11,False,
17,2026-08-20,C-S5-PUN,400.0,126.58,False,
18,2026-08-21,C-S1-DEL,900.0,899.43,True,afternoon
18,2026-08-21,C-S1-MUM,1600.0,1124.6,False,
18,2026-08-21,C-S1-BLR,1100.0,1099.15,True,afternoon
18,2026-08-21,C-S1-HYD,1150.0,1147.87,True,evening
18,2026-08-21,C-S1-PUN,500.0,497.59,True,evening
18,2026-08-21,C-S2-DEL,1700.0,1003.41,False,
18,2026-08-21,C-S2-MUM,400.0,398.51,True,evening
18,2026-08-21,C-S2-BLR,1350.0,717.34,False,
18,2026-08-21,C-S2-HYD,600.0,287.87,False,
18,2026-08-21,C-S2-PUN,400.0,212.8,False,
18,2026-08-21,C-S3-DEL,2900.0,2421.2,False,
18,2026-08-21,C-S3-MUM,2350.0,1580.49,False,
18,2026-08-21,C-S3-BLR,1050.0,1049.05,True,evening
18,2026-08-21,C-S3-HYD,400.0,329.41,False,
18,2026-08-21,C-S3-PUN,750.0,662.83,False,
18,2026-08-21,C-S4-DEL,1150.0,834.4,False,
18,2026-08-21,C-S4-MUM,950.0,641.36,False,
18,2026-08-21,C-S4-BLR,1250.0,619.59,False,
18,2026-08-21,C-S4-HYD,400.0,301.94,False,
18,2026-08-21,C-S4-PUN,400.0,122.31,False,
18,2026-08-21,C-S5-DEL,400.0,399.51,True,afternoon
18,2026-08-21,C-S5-MUM,1300.0,1168.82,False,
18,2026-08-21,C-S5-BLR,500.0,499.47,True,afternoon
18,2026-08-21,C-S5-HYD,400.0,358.7,False,
18,2026-08-21,C-S5-PUN,400.0,141.48,False,
19,2026-08-22,C-S1-DEL,900.0,899.74,True,afternoon
19,2026-08-22,C-S1-MUM,1600.0,1390.25,False,
19,2026-08-22,C-S1-BLR,1100.0,1099.09,True,afternoon
19,2026-08-22,C-S1-HYD,1150.0,1147.83,True,evening
19,2026-08-22,C-S1-PUN,500.0,497.86,True,evening
19,2026-08-22,C-S2-DEL,1700.0,1161.18,False,
19,2026-08-22,C-S2-MUM,400.0,400.0,True,afternoon
19,2026-08-22,C-S2-BLR,1350.0,843.59,False,
19,2026-08-22,C-S2-HYD,600.0,263.5,False,
19,2026-08-22,C-S2-PUN,400.0,238.15,False,
19,2026-08-22,C-S3-DEL,2900.0,2857.35,False,
19,2026-08-22,C-S3-MUM,2350.0,1971.27,False,
19,2026-08-22,C-S3-BLR,1050.0,1049.02,True,evening
19,2026-08-22,C-S3-HYD,400.0,344.76,False,
19,2026-08-22,C-S3-PUN,750.0,620.59,False,
19,2026-08-22,C-S4-DEL,1150.0,956.78,False,
19,2026-08-22,C-S4-MUM,950.0,855.74,False,
19,2026-08-22,C-S4-BLR,1250.0,712.11,False,
19,2026-08-22,C-S4-HYD,400.0,268.67,False,
19,2026-08-22,C-S4-PUN,400.0,145.7,False,
19,2026-08-22,C-S5-DEL,400.0,399.27,True,afternoon
19,2026-08-22,C-S5-MUM,1300.0,1299.43,True,evening
19,2026-08-22,C-S5-BLR,500.0,499.42,True,afternoon
19,2026-08-22,C-S5-HYD,400.0,359.45,False,
19,2026-08-22,C-S5-PUN,400.0,128.28,False,
20,2026-08-23,C-S1-DEL,900.0,899.81,True,afternoon
20,2026-08-23,C-S1-MUM,1600.0,1327.95,False,
20,2026-08-23,C-S1-BLR,1100.0,1097.64,True,evening
20,2026-08-23,C-S1-HYD,1150.0,1147.66,True,evening
20,2026-08-23,C-S1-PUN,500.0,497.89,True,evening
20,2026-08-23,C-S2-DEL,1700.0,1188.62,False,
20,2026-08-23,C-S2-MUM,400.0,400.0,True,afternoon
20,2026-08-23,C-S2-BLR,1350.0,817.42,False,
20,2026-08-23,C-S2-HYD,600.0,269.7,False,
20,2026-08-23,C-S2-PUN,400.0,249.82,False,
20,2026-08-23,C-S3-DEL,2900.0,2599.26,False,
20,2026-08-23,C-S3-MUM,2350.0,1818.57,False,
20,2026-08-23,C-S3-BLR,1050.0,1049.29,True,evening
20,2026-08-23,C-S3-HYD,400.0,367.8,False,
20,2026-08-23,C-S3-PUN,750.0,677.53,False,
20,2026-08-23,C-S4-DEL,1150.0,949.98,False,
20,2026-08-23,C-S4-MUM,950.0,852.47,False,
20,2026-08-23,C-S4-BLR,1250.0,697.43,False,
20,2026-08-23,C-S4-HYD,400.0,274.28,False,
20,2026-08-23,C-S4-PUN,400.0,145.35,False,
20,2026-08-23,C-S5-DEL,400.0,399.73,True,afternoon
20,2026-08-23,C-S5-MUM,1300.0,1279.05,False,
20,2026-08-23,C-S5-BLR,500.0,499.08,True,evening
20,2026-08-23,C-S5-HYD,400.0,399.17,True,evening
20,2026-08-23,C-S5-PUN,400.0,145.87,False,
21,2026-08-24,C-S1-DEL,900.0,898.61,True,evening
21,2026-08-24,C-S1-MUM,1600.0,1238.98,False,
21,2026-08-24,C-S1-BLR,1100.0,1098.11,True,evening
21,2026-08-24,C-S1-HYD,1150.0,1067.89,False,
21,2026-08-24,C-S1-PUN,500.0,496.96,True,evening
21,2026-08-24,C-S2-DEL,1700.0,939.26,False,
21,2026-08-24,C-S2-MUM,400.0,398.41,True,evening
21,2026-08-24,C-S2-BLR,1350.0,735.66,False,
21,2026-08-24,C-S2-HYD,600.0,266.03,False,
21,2026-08-24,C-S2-PUN,400.0,218.0,False,
21,2026-08-24,C-S3-DEL,2900.0,2201.79,False,
21,2026-08-24,C-S3-MUM,2350.0,1746.97,False,
21,2026-08-24,C-S3-BLR,1050.0,1049.5,True,evening
21,2026-08-24,C-S3-HYD,400.0,314.32,False,
21,2026-08-24,C-S3-PUN,750.0,578.06,False,
21,2026-08-24,C-S4-DEL,1150.0,775.92,False,
21,2026-08-24,C-S4-MUM,950.0,647.56,False,
21,2026-08-24,C-S4-BLR,1250.0,602.18,False,
21,2026-08-24,C-S4-HYD,400.0,279.01,False,
21,2026-08-24,C-S4-PUN,400.0,126.45,False,
21,2026-08-24,C-S5-DEL,400.0,399.59,True,afternoon
21,2026-08-24,C-S5-MUM,1300.0,1230.39,False,
21,2026-08-24,C-S5-BLR,500.0,499.0,True,evening
21,2026-08-24,C-S5-HYD,400.0,322.91,False,
21,2026-08-24,C-S5-PUN,400.0,115.93,False,
22,2026-08-25,C-S1-DEL,900.0,899.18,True,afternoon
22,2026-08-25,C-S1-MUM,1600.0,1200.42,False,
22,2026-08-25,C-S1-BLR,1100.0,1098.44,True,evening
22,2026-08-25,C-S1-HYD,1150.0,990.46,False,
22,2026-08-25,C-S1-PUN,500.0,498.09,True,evening
22,2026-08-25,C-S2-DEL,1700.0,986.86,False,
22,2026-08-25,C-S2-MUM,400.0,398.78,True,evening
22,2026-08-25,C-S2-BLR,1350.0,796.02,False,
22,2026-08-25,C-S2-HYD,600.0,261.3,False,
22,2026-08-25,C-S2-PUN,400.0,211.11,False,
22,2026-08-25,C-S3-DEL,2900.0,2305.44,False,
22,2026-08-25,C-S3-MUM,2350.0,1653.16,False,
22,2026-08-25,C-S3-BLR,1050.0,1049.14,True,evening
22,2026-08-25,C-S3-HYD,400.0,293.19,False,
22,2026-08-25,C-S3-PUN,750.0,599.63,False,
22,2026-08-25,C-S4-DEL,1150.0,792.49,False,
22,2026-08-25,C-S4-MUM,950.0,662.31,False,
22,2026-08-25,C-S4-BLR,1250.0,634.29,False,
22,2026-08-25,C-S4-HYD,400.0,281.49,False,
22,2026-08-25,C-S4-PUN,400.0,123.8,False,
22,2026-08-25,C-S5-DEL,400.0,399.61,True,afternoon
22,2026-08-25,C-S5-MUM,1300.0,1240.18,False,
22,2026-08-25,C-S5-BLR,500.0,499.25,True,afternoon
22,2026-08-25,C-S5-HYD,400.0,275.34,False,
22,2026-08-25,C-S5-PUN,400.0,126.65,False,
23,2026-08-26,C-S1-DEL,900.0,899.1,True,afternoon
23,2026-08-26,C-S1-MUM,1600.0,1178.97,False,
23,2026-08-26,C-S1-BLR,1100.0,1097.63,True,evening
23,2026-08-26,C-S1-HYD,1150.0,1147.6,True,evening
23,2026-08-26,C-S1-PUN,500.0,497.59,True,evening
23,2026-08-26,C-S2-DEL,1700.0,1067.9,False,
23,2026-08-26,C-S2-MUM,400.0,400.0,True,afternoon
23,2026-08-26,C-S2-BLR,1350.0,731.95,False,
23,2026-08-26,C-S2-HYD,600.0,300.27,False,
23,2026-08-26,C-S2-PUN,400.0,215.15,False,
23,2026-08-26,C-S3-DEL,2900.0,2374.37,False,
23,2026-08-26,C-S3-MUM,2350.0,1604.33,False,
23,2026-08-26,C-S3-BLR,1050.0,1049.09,True,evening
23,2026-08-26,C-S3-HYD,400.0,336.71,False,
23,2026-08-26,C-S3-PUN,750.0,594.96,False,
23,2026-08-26,C-S4-DEL,1150.0,848.85,False,
23,2026-08-26,C-S4-MUM,950.0,711.8,False,
23,2026-08-26,C-S4-BLR,1250.0,619.05,False,
23,2026-08-26,C-S4-HYD,400.0,336.87,False,
23,2026-08-26,C-S4-PUN,400.0,119.18,False,
23,2026-08-26,C-S5-DEL,400.0,399.48,True,afternoon
23,2026-08-26,C-S5-MUM,1300.0,1189.27,False,
23,2026-08-26,C-S5-BLR,500.0,499.16,True,afternoon
23,2026-08-26,C-S5-HYD,400.0,379.52,False,
23,2026-08-26,C-S5-PUN,400.0,121.41,False,
24,2026-08-27,C-S1-DEL,900.0,899.2,True,afternoon
24,2026-08-27,C-S1-MUM,1600.0,1160.41,False,
24,2026-08-27,C-S1-BLR,1100.0,1098.09,True,evening
24,2026-08-27,C-S1-HYD,1150.0,983.89,False,
24,2026-08-27,C-S1-PUN,500.0,480.52,False,
24,2026-08-27,C-S2-DEL,1700.0,957.14,False,
24,2026-08-27,C-S2-MUM,400.0,400.02,True,afternoon
24,2026-08-27,C-S2-BLR,1350.0,738.97,False,
24,2026-08-27,C-S2-HYD,600.0,282.38,False,
24,2026-08-27,C-S2-PUN,400.0,226.72,False,
24,2026-08-27,C-S3-DEL,2900.0,2460.87,False,
24,2026-08-27,C-S3-MUM,2350.0,1579.71,False,
24,2026-08-27,C-S3-BLR,1050.0,1049.3,True,evening
24,2026-08-27,C-S3-HYD,400.0,281.38,False,
24,2026-08-27,C-S3-PUN,750.0,582.09,False,
24,2026-08-27,C-S4-DEL,1150.0,804.71,False,
24,2026-08-27,C-S4-MUM,950.0,746.47,False,
24,2026-08-27,C-S4-BLR,1250.0,593.9,False,
24,2026-08-27,C-S4-HYD,400.0,302.38,False,
24,2026-08-27,C-S4-PUN,400.0,124.61,False,
24,2026-08-27,C-S5-DEL,400.0,399.44,True,afternoon
24,2026-08-27,C-S5-MUM,1300.0,1224.51,False,
24,2026-08-27,C-S5-BLR,500.0,498.89,True,evening
24,2026-08-27,C-S5-HYD,400.0,280.41,False,
24,2026-08-27,C-S5-PUN,400.0,123.89,False,
25,2026-08-28,C-S1-DEL,900.0,897.92,True,evening
25,2026-08-28,C-S1-MUM,1600.0,1183.16,False,
25,2026-08-28,C-S1-BLR,1100.0,1097.56,True,evening
25,2026-08-28,C-S1-HYD,1150.0,1142.11,False,
25,2026-08-28,C-S1-PUN,500.0,497.55,True,evening
25,2026-08-28,C-S2-DEL,1700.0,1062.2,False,
25,2026-08-28,C-S2-MUM,400.0,399.4,True,evening
25,2026-08-28,C-S2-BLR,1350.0,743.76,False,
25,2026-08-28,C-S2-HYD,600.0,267.05,False,
25,2026-08-28,C-S2-PUN,400.0,182.48,False,
25,2026-08-28,C-S3-DEL,2900.0,2272.29,False,
25,2026-08-28,C-S3-MUM,2350.0,1645.7,False,
25,2026-08-28,C-S3-BLR,1050.0,1048.95,True,evening
25,2026-08-28,C-S3-HYD,400.0,336.78,False,
25,2026-08-28,C-S3-PUN,750.0,626.18,False,
25,2026-08-28,C-S4-DEL,1150.0,873.98,False,
25,2026-08-28,C-S4-MUM,950.0,695.36,False,
25,2026-08-28,C-S4-BLR,1250.0,638.06,False,
25,2026-08-28,C-S4-HYD,400.0,280.4,False,
25,2026-08-28,C-S4-PUN,400.0,107.85,False,
25,2026-08-28,C-S5-DEL,400.0,399.44,True,afternoon
25,2026-08-28,C-S5-MUM,1300.0,1266.17,False,
25,2026-08-28,C-S5-BLR,500.0,498.66,True,evening
25,2026-08-28,C-S5-HYD,400.0,342.07,False,
25,2026-08-28,C-S5-PUN,400.0,130.64,False,
26,2026-08-29,C-S1-DEL,900.0,899.16,True,afternoon
26,2026-08-29,C-S1-MUM,1600.0,1264.82,False,
26,2026-08-29,C-S1-BLR,1100.0,1098.78,True,afternoon
26,2026-08-29,C-S1-HYD,1150.0,1147.64,True,evening
26,2026-08-29,C-S1-PUN,500.0,498.16,True,evening
26,2026-08-29,C-S2-DEL,1700.0,1142.35,False,
26,2026-08-29,C-S2-MUM,400.0,399.98,True,afternoon
26,2026-08-29,C-S2-BLR,1350.0,879.59,False,
26,2026-08-29,C-S2-HYD,600.0,294.01,False,
26,2026-08-29,C-S2-PUN,400.0,254.04,False,
26,2026-08-29,C-S3-DEL,2900.0,2419.27,False,
26,2026-08-29,C-S3-MUM,2350.0,1746.82,False,
26,2026-08-29,C-S3-BLR,1050.0,1048.54,True,evening
26,2026-08-29,C-S3-HYD,400.0,340.08,False,
26,2026-08-29,C-S3-PUN,750.0,605.8,False,
26,2026-08-29,C-S4-DEL,1150.0,950.55,False,
26,2026-08-29,C-S4-MUM,950.0,794.29,False,
26,2026-08-29,C-S4-BLR,1250.0,740.46,False,
26,2026-08-29,C-S4-HYD,400.0,316.37,False,
26,2026-08-29,C-S4-PUN,400.0,159.49,False,
26,2026-08-29,C-S5-DEL,400.0,399.44,True,afternoon
26,2026-08-29,C-S5-MUM,1300.0,1278.44,False,
26,2026-08-29,C-S5-BLR,500.0,499.22,True,afternoon
26,2026-08-29,C-S5-HYD,400.0,355.51,False,
26,2026-08-29,C-S5-PUN,400.0,124.92,False,
27,2026-08-30,C-S1-DEL,900.0,898.94,True,afternoon
27,2026-08-30,C-S1-MUM,1600.0,1287.31,False,
27,2026-08-30,C-S1-BLR,1100.0,1099.21,True,afternoon
27,2026-08-30,C-S1-HYD,1150.0,1147.92,True,evening
27,2026-08-30,C-S1-PUN,500.0,497.71,True,evening
27,2026-08-30,C-S2-DEL,1700.0,1207.29,False,
27,2026-08-30,C-S2-MUM,400.0,400.01,True,afternoon
27,2026-08-30,C-S2-BLR,1350.0,910.44,False,
27,2026-08-30,C-S2-HYD,600.0,298.25,False,
27,2026-08-30,C-S2-PUN,400.0,262.68,False,
27,2026-08-30,C-S3-DEL,2900.0,2661.28,False,
27,2026-08-30,C-S3-MUM,2350.0,1770.59,False,
27,2026-08-30,C-S3-BLR,1050.0,1048.95,True,evening
27,2026-08-30,C-S3-HYD,400.0,386.1,False,
27,2026-08-30,C-S3-PUN,750.0,673.69,False,
27,2026-08-30,C-S4-DEL,1150.0,968.72,False,
27,2026-08-30,C-S4-MUM,950.0,790.56,False,
27,2026-08-30,C-S4-BLR,1250.0,754.92,False,
27,2026-08-30,C-S4-HYD,400.0,327.4,False,
27,2026-08-30,C-S4-PUN,400.0,152.56,False,
27,2026-08-30,C-S5-DEL,400.0,399.56,True,afternoon
27,2026-08-30,C-S5-MUM,1300.0,1262.29,False,
27,2026-08-30,C-S5-BLR,500.0,499.35,True,afternoon
27,2026-08-30,C-S5-HYD,400.0,399.55,True,evening
27,2026-08-30,C-S5-PUN,400.0,142.08,False,
28,2026-08-31,C-S1-DEL,950.0,949.6,True,afternoon
28,2026-08-31,C-S1-MUM,1600.0,1151.25,False,
28,2026-08-31,C-S1-BLR,1250.0,1249.21,True,evening
28,2026-08-31,C-S1-HYD,1150.0,853.04,False,
28,2026-08-31,C-S1-PUN,500.0,453.58,False,
28,2026-08-31,C-S2-DEL,1700.0,1074.85,False,
28,2026-08-31,C-S2-MUM,600.0,599.98,True,evening
28,2026-08-31,C-S2-BLR,1350.0,628.69,False,
28,2026-08-31,C-S2-HYD,600.0,470.82,False,
28,2026-08-31,C-S2-PUN,400.0,189.91,False,
28,2026-08-31,C-S3-DEL,2900.0,1815.71,False,
28,2026-08-31,C-S3-MUM,2350.0,1435.15,False,
28,2026-08-31,C-S3-BLR,1050.0,1049.25,True,evening
28,2026-08-31,C-S3-HYD,400.0,335.31,False,
28,2026-08-31,C-S3-PUN,750.0,518.39,False,
28,2026-08-31,C-S4-DEL,1150.0,784.96,False,
28,2026-08-31,C-S4-MUM,950.0,584.34,False,
28,2026-08-31,C-S4-BLR,1250.0,666.52,False,
28,2026-08-31,C-S4-HYD,400.0,240.75,False,
28,2026-08-31,C-S4-PUN,400.0,143.28,False,
28,2026-08-31,C-S5-DEL,400.0,399.41,True,afternoon
28,2026-08-31,C-S5-MUM,1300.0,1078.92,False,
28,2026-08-31,C-S5-BLR,500.0,498.9,True,evening
28,2026-08-31,C-S5-HYD,400.0,383.18,False,
28,2026-08-31,C-S5-PUN,400.0,104.3,False,
29,2026-09-01,C-S1-DEL,950.0,949.0,True,afternoon
29,2026-09-01,C-S1-MUM,1600.0,1165.57,False,
29,2026-09-01,C-S1-BLR,1250.0,1249.16,True,evening
29,2026-09-01,C-S1-HYD,1150.0,781.22,False,
29,2026-09-01,C-S1-PUN,500.0,469.63,False,
29,2026-09-01,C-S2-DEL,1700.0,1129.94,False,
29,2026-09-01,C-S2-MUM,600.0,599.35,True,evening
29,2026-09-01,C-S2-BLR,1350.0,572.72,False,
29,2026-09-01,C-S2-HYD,600.0,472.3,False,
29,2026-09-01,C-S2-PUN,400.0,192.94,False,
29,2026-09-01,C-S3-DEL,2900.0,1964.71,False,
29,2026-09-01,C-S3-MUM,2350.0,1419.84,False,
29,2026-09-01,C-S3-BLR,1050.0,1049.48,True,evening
29,2026-09-01,C-S3-HYD,400.0,300.82,False,
29,2026-09-01,C-S3-PUN,750.0,576.23,False,
29,2026-09-01,C-S4-DEL,1150.0,824.96,False,
29,2026-09-01,C-S4-MUM,950.0,577.27,False,
29,2026-09-01,C-S4-BLR,1250.0,673.6,False,
29,2026-09-01,C-S4-HYD,400.0,238.12,False,
29,2026-09-01,C-S4-PUN,400.0,163.49,False,
29,2026-09-01,C-S5-DEL,400.0,399.63,True,afternoon
29,2026-09-01,C-S5-MUM,1300.0,965.43,False,
29,2026-09-01,C-S5-BLR,500.0,496.12,False,
29,2026-09-01,C-S5-HYD,400.0,316.36,False,
29,2026-09-01,C-S5-PUN,400.0,116.43,False,
30,2026-09-02,C-S1-DEL,950.0,949.22,True,afternoon
30,2026-09-02,C-S1-MUM,1600.0,1265.44,False,
30,2026-09-02,C-S1-BLR,1250.0,1249.52,True,evening
30,2026-09-02,C-S1-HYD,1150.0,852.71,False,
30,2026-09-02,C-S1-PUN,500.0,481.9,False,
30,2026-09-02,C-S2-DEL,1700.0,1298.91,False,
30,2026-09-02,C-S2-MUM,600.0,600.02,True,evening
30,2026-09-02,C-S2-BLR,1350.0,550.54,False,
30,2026-09-02,C-S2-HYD,600.0,511.06,False,
30,2026-09-02,C-S2-PUN,400.0,193.9,False,
30,2026-09-02,C-S3-DEL,2900.0,1864.87,False,
30,2026-09-02,C-S3-MUM,2350.0,1641.26,False,
30,2026-09-02,C-S3-BLR,1050.0,1049.56,True,evening
30,2026-09-02,C-S3-HYD,400.0,338.32,False,
30,2026-09-02,C-S3-PUN,750.0,628.25,False,
30,2026-09-02,C-S4-DEL,1150.0,924.52,False,
30,2026-09-02,C-S4-MUM,950.0,556.84,False,
30,2026-09-02,C-S4-BLR,1250.0,633.98,False,
30,2026-09-02,C-S4-HYD,400.0,256.14,False,
30,2026-09-02,C-S4-PUN,400.0,145.98,False,
30,2026-09-02,C-S5-DEL,400.0,399.54,True,afternoon
30,2026-09-02,C-S5-MUM,1300.0,1122.08,False,
30,2026-09-02,C-S5-BLR,500.0,499.34,True,evening
30,2026-09-02,C-S5-HYD,400.0,367.92,False,
30,2026-09-02,C-S5-PUN,400.0,133.87,False,
31,2026-09-03,C-S1-DEL,950.0,949.43,True,afternoon
31,2026-09-03,C-S1-MUM,1600.0,1163.25,False,
31,2026-09-03,C-S1-BLR,1250.0,1249.13,True,evening
31,2026-09-03,C-S1-HYD,1150.0,875.93,False,
31,2026-09-03,C-S1-PUN,500.0,492.54,False,
31,2026-09-03,C-S2-DEL,1700.0,1095.26,False,
31,2026-09-03,C-S2-MUM,600.0,599.99,True,evening
31,2026-09-03,C-S2-BLR,1350.0,593.83,False,
31,2026-09-03,C-S2-HYD,600.0,504.01,False,
31,2026-09-03,C-S2-PUN,400.0,196.71,False,
31,2026-09-03,C-S3-DEL,2900.0,1858.24,False,
31,2026-09-03,C-S3-MUM,2350.0,1423.41,False,
31,2026-09-03,C-S3-BLR,1050.0,1023.39,False,
31,2026-09-03,C-S3-HYD,400.0,338.68,False,
31,2026-09-03,C-S3-PUN,750.0,606.14,False,
31,2026-09-03,C-S4-DEL,1150.0,796.37,False,
31,2026-09-03,C-S4-MUM,950.0,558.77,False,
31,2026-09-03,C-S4-BLR,1250.0,695.68,False,
31,2026-09-03,C-S4-HYD,400.0,251.57,False,
31,2026-09-03,C-S4-PUN,400.0,139.51,False,
31,2026-09-03,C-S5-DEL,400.0,399.45,True,afternoon
31,2026-09-03,C-S5-MUM,1300.0,994.5,False,
31,2026-09-03,C-S5-BLR,500.0,456.98,False,
31,2026-09-03,C-S5-HYD,400.0,399.13,True,evening
31,2026-09-03,C-S5-PUN,400.0,126.21,False,
32,2026-09-04,C-S1-DEL,950.0,949.02,True,evening
32,2026-09-04,C-S1-MUM,1600.0,1153.95,False,
32,2026-09-04,C-S1-BLR,1250.0,1249.61,True,evening
32,2026-09-04,C-S1-HYD,1150.0,829.86,False,
32,2026-09-04,C-S1-PUN,500.0,465.99,False,
32,2026-09-04,C-S2-DEL,1700.0,1101.66,False,
32,2026-09-04,C-S2-MUM,600.0,599.53,True,evening
32,2026-09-04,C-S2-BLR,1350.0,585.17,False,
32,2026-09-04,C-S2-HYD,600.0,470.61,False,
32,2026-09-04,C-S2-PUN,400.0,190.74,False,
32,2026-09-04,C-S3-DEL,2900.0,1607.69,False,
32,2026-09-04,C-S3-MUM,2350.0,1424.88,False,
32,2026-09-04,C-S3-BLR,1050.0,1049.24,True,evening
32,2026-09-04,C-S3-HYD,400.0,323.7,False,
32,2026-09-04,C-S3-PUN,750.0,576.55,False,
32,2026-09-04,C-S4-DEL,1150.0,793.63,False,
32,2026-09-04,C-S4-MUM,950.0,564.3,False,
32,2026-09-04,C-S4-BLR,1250.0,665.54,False,
32,2026-09-04,C-S4-HYD,400.0,237.82,False,
32,2026-09-04,C-S4-PUN,400.0,147.45,False,
32,2026-09-04,C-S5-DEL,400.0,399.38,True,afternoon
32,2026-09-04,C-S5-MUM,1300.0,990.4,False,
32,2026-09-04,C-S5-BLR,500.0,498.91,True,evening
32,2026-09-04,C-S5-HYD,400.0,372.28,False,
32,2026-09-04,C-S5-PUN,400.0,117.7,False,
33,2026-09-05,C-S1-DEL,950.0,949.53,True,afternoon
33,2026-09-05,C-S1-MUM,1600.0,1305.29,False,
33,2026-09-05,C-S1-BLR,1250.0,1248.68,True,evening
33,2026-09-05,C-S1-HYD,1150.0,945.02,False,
33,2026-09-05,C-S1-PUN,500.0,497.53,True,evening
33,2026-09-05,C-S2-DEL,1700.0,1261.69,False,
33,2026-09-05,C-S2-MUM,600.0,598.2,True,evening
33,2026-09-05,C-S2-BLR,1350.0,696.67,False,
33,2026-09-05,C-S2-HYD,600.0,575.66,False,
33,2026-09-05,C-S2-PUN,400.0,226.1,False,
33,2026-09-05,C-S3-DEL,2900.0,2263.92,False,
33,2026-09-05,C-S3-MUM,2350.0,1607.84,False,
33,2026-09-05,C-S3-BLR,1050.0,1049.09,True,evening
33,2026-09-05,C-S3-HYD,400.0,362.39,False,
33,2026-09-05,C-S3-PUN,750.0,738.35,False,
33,2026-09-05,C-S4-DEL,1150.0,903.96,False,
33,2026-09-05,C-S4-MUM,950.0,660.51,False,
33,2026-09-05,C-S4-BLR,1250.0,774.12,False,
33,2026-09-05,C-S4-HYD,400.0,293.74,False,
33,2026-09-05,C-S4-PUN,400.0,170.08,False,
33,2026-09-05,C-S5-DEL,400.0,399.33,True,afternoon
33,2026-09-05,C-S5-MUM,1300.0,1016.71,False,
33,2026-09-05,C-S5-BLR,500.0,498.66,True,evening
33,2026-09-05,C-S5-HYD,400.0,399.43,True,evening
33,2026-09-05,C-S5-PUN,400.0,159.16,False,
34,2026-09-06,C-S1-DEL,950.0,949.58,True,afternoon
34,2026-09-06,C-S1-MUM,1600.0,1362.43,False,
34,2026-09-06,C-S1-BLR,1250.0,1249.01,True,evening
34,2026-09-06,C-S1-HYD,1150.0,1073.74,False,
34,2026-09-06,C-S1-PUN,500.0,497.69,True,evening
34,2026-09-06,C-S2-DEL,1700.0,1309.29,False,
34,2026-09-06,C-S2-MUM,600.0,599.96,True,afternoon
34,2026-09-06,C-S2-BLR,1350.0,691.37,False,
34,2026-09-06,C-S2-HYD,600.0,527.01,False,
34,2026-09-06,C-S2-PUN,400.0,223.16,False,
34,2026-09-06,C-S3-DEL,2900.0,2306.44,False,
34,2026-09-06,C-S3-MUM,2350.0,1694.14,False,
34,2026-09-06,C-S3-BLR,1050.0,1049.42,True,evening
34,2026-09-06,C-S3-HYD,400.0,397.41,False,
34,2026-09-06,C-S3-PUN,750.0,720.87,False,
34,2026-09-06,C-S4-DEL,1150.0,933.49,False,
34,2026-09-06,C-S4-MUM,950.0,731.03,False,
34,2026-09-06,C-S4-BLR,1250.0,760.19,False,
34,2026-09-06,C-S4-HYD,400.0,264.59,False,
34,2026-09-06,C-S4-PUN,400.0,177.8,False,
34,2026-09-06,C-S5-DEL,400.0,399.57,True,afternoon
34,2026-09-06,C-S5-MUM,1300.0,1120.92,False,
34,2026-09-06,C-S5-BLR,500.0,499.09,True,evening
34,2026-09-06,C-S5-HYD,400.0,399.38,True,evening
34,2026-09-06,C-S5-PUN,400.0,150.2,False,
35,2026-09-07,C-S1-DEL,1400.0,1399.07,True,evening
35,2026-09-07,C-S1-MUM,1600.0,1139.92,False,
35,2026-09-07,C-S1-BLR,1600.0,1243.13,False,
35,2026-09-07,C-S1-HYD,1150.0,843.19,False,
35,2026-09-07,C-S1-PUN,500.0,489.7,False,
35,2026-09-07,C-S2-DEL,1700.0,901.27,False,
35,2026-09-07,C-S2-MUM,900.0,723.8,False,
35,2026-09-07,C-S2-BLR,1350.0,771.92,False,
35,2026-09-07,C-S2-HYD,600.0,428.64,False,
35,2026-09-07,C-S2-PUN,400.0,200.3,False,
35,2026-09-07,C-S3-DEL,2900.0,1532.62,False,
35,2026-09-07,C-S3-MUM,2350.0,1529.79,False,
35,2026-09-07,C-S3-BLR,1050.0,1049.16,True,evening
35,2026-09-07,C-S3-HYD,400.0,329.92,False,
35,2026-09-07,C-S3-PUN,750.0,548.36,False,
35,2026-09-07,C-S4-DEL,1150.0,992.92,False,
35,2026-09-07,C-S4-MUM,950.0,507.81,False,
35,2026-09-07,C-S4-BLR,1250.0,573.55,False,
35,2026-09-07,C-S4-HYD,400.0,274.41,False,
35,2026-09-07,C-S4-PUN,400.0,153.58,False,
35,2026-09-07,C-S5-DEL,400.0,399.61,True,afternoon
35,2026-09-07,C-S5-MUM,1300.0,829.65,False,
35,2026-09-07,C-S5-BLR,500.0,485.43,False,
35,2026-09-07,C-S5-HYD,400.0,331.7,False,
35,2026-09-07,C-S5-PUN,400.0,107.74,False,
36,2026-09-08,C-S1-DEL,1400.0,1398.47,True,evening
36,2026-09-08,C-S1-MUM,1600.0,1190.67,False,
36,2026-09-08,C-S1-BLR,1600.0,1290.86,False,
36,2026-09-08,C-S1-HYD,1150.0,915.71,False,
36,2026-09-08,C-S1-PUN,500.0,497.83,True,evening
36,2026-09-08,C-S2-DEL,1700.0,1053.14,False,
36,2026-09-08,C-S2-MUM,900.0,754.48,False,
36,2026-09-08,C-S2-BLR,1350.0,689.84,False,
36,2026-09-08,C-S2-HYD,600.0,423.92,False,
36,2026-09-08,C-S2-PUN,400.0,185.87,False,
36,2026-09-08,C-S3-DEL,2900.0,1595.39,False,
36,2026-09-08,C-S3-MUM,2350.0,1549.95,False,
36,2026-09-08,C-S3-BLR,1050.0,1048.72,True,evening
36,2026-09-08,C-S3-HYD,400.0,353.74,False,
36,2026-09-08,C-S3-PUN,750.0,563.53,False,
36,2026-09-08,C-S4-DEL,1150.0,1150.0,True,evening
36,2026-09-08,C-S4-MUM,950.0,506.49,False,
36,2026-09-08,C-S4-BLR,1250.0,547.21,False,
36,2026-09-08,C-S4-HYD,400.0,279.69,False,
36,2026-09-08,C-S4-PUN,400.0,144.94,False,
36,2026-09-08,C-S5-DEL,400.0,399.63,True,afternoon
36,2026-09-08,C-S5-MUM,1300.0,870.57,False,
36,2026-09-08,C-S5-BLR,500.0,499.33,True,evening
36,2026-09-08,C-S5-HYD,400.0,376.64,False,
36,2026-09-08,C-S5-PUN,400.0,109.58,False,
37,2026-09-09,C-S1-DEL,1400.0,1398.57,True,evening
37,2026-09-09,C-S1-MUM,1600.0,1133.25,False,
37,2026-09-09,C-S1-BLR,1600.0,1502.81,False,
37,2026-09-09,C-S1-HYD,1150.0,895.96,False,
37,2026-09-09,C-S1-PUN,500.0,487.3,False,
37,2026-09-09,C-S2-DEL,1700.0,859.66,False,
37,2026-09-09,C-S2-MUM,900.0,801.45,False,
37,2026-09-09,C-S2-BLR,1350.0,716.38,False,
37,2026-09-09,C-S2-HYD,600.0,390.04,False,
37,2026-09-09,C-S2-PUN,400.0,185.04,False,
37,2026-09-09,C-S3-DEL,2900.0,1671.18,False,
37,2026-09-09,C-S3-MUM,2350.0,1537.63,False,
37,2026-09-09,C-S3-BLR,1050.0,1048.87,True,evening
37,2026-09-09,C-S3-HYD,400.0,350.19,False,
37,2026-09-09,C-S3-PUN,750.0,568.59,False,
37,2026-09-09,C-S4-DEL,1150.0,934.85,False,
37,2026-09-09,C-S4-MUM,950.0,593.07,False,
37,2026-09-09,C-S4-BLR,1250.0,560.49,False,
37,2026-09-09,C-S4-HYD,400.0,252.34,False,
37,2026-09-09,C-S4-PUN,400.0,151.21,False,
37,2026-09-09,C-S5-DEL,400.0,399.43,True,afternoon
37,2026-09-09,C-S5-MUM,1300.0,761.82,False,
37,2026-09-09,C-S5-BLR,500.0,499.4,True,evening
37,2026-09-09,C-S5-HYD,400.0,355.47,False,
37,2026-09-09,C-S5-PUN,400.0,115.66,False,
38,2026-09-10,C-S1-DEL,1400.0,1398.65,True,evening
38,2026-09-10,C-S1-MUM,1600.0,1118.92,False,
38,2026-09-10,C-S1-BLR,1600.0,1237.02,False,
38,2026-09-10,C-S1-HYD,1150.0,882.9,False,
38,2026-09-10,C-S1-PUN,500.0,471.06,False,
38,2026-09-10,C-S2-DEL,1700.0,882.59,False,
38,2026-09-10,C-S2-MUM,900.0,751.98,False,
38,2026-09-10,C-S2-BLR,1350.0,782.88,False,
38,2026-09-10,C-S2-HYD,600.0,430.33,False,
38,2026-09-10,C-S2-PUN,400.0,171.4,False,
38,2026-09-10,C-S3-DEL,2900.0,1617.45,False,
38,2026-09-10,C-S3-MUM,2350.0,1474.98,False,
38,2026-09-10,C-S3-BLR,1050.0,1049.08,True,evening
38,2026-09-10,C-S3-HYD,400.0,348.14,False,
38,2026-09-10,C-S3-PUN,750.0,521.15,False,
38,2026-09-10,C-S4-DEL,1150.0,950.55,False,
38,2026-09-10,C-S4-MUM,950.0,550.27,False,
38,2026-09-10,C-S4-BLR,1250.0,573.56,False,
38,2026-09-10,C-S4-HYD,400.0,277.19,False,
38,2026-09-10,C-S4-PUN,400.0,136.14,False,
38,2026-09-10,C-S5-DEL,400.0,399.65,True,afternoon
38,2026-09-10,C-S5-MUM,1300.0,766.41,False,
38,2026-09-10,C-S5-BLR,500.0,475.81,False,
38,2026-09-10,C-S5-HYD,400.0,335.99,False,
38,2026-09-10,C-S5-PUN,400.0,104.67,False,
39,2026-09-11,C-S1-DEL,1400.0,1399.21,True,evening
39,2026-09-11,C-S1-MUM,1600.0,1124.23,False,
39,2026-09-11,C-S1-BLR,1600.0,1307.09,False,
39,2026-09-11,C-S1-HYD,1150.0,871.59,False,
39,2026-09-11,C-S1-PUN,500.0,494.01,False,
39,2026-09-11,C-S2-DEL,1700.0,973.93,False,
39,2026-09-11,C-S2-MUM,900.0,755.33,False,
39,2026-09-11,C-S2-BLR,1350.0,749.47,False,
39,2026-09-11,C-S2-HYD,600.0,436.11,False,
39,2026-09-11,C-S2-PUN,400.0,184.12,False,
39,2026-09-11,C-S3-DEL,2900.0,1611.54,False,
39,2026-09-11,C-S3-MUM,2350.0,1462.04,False,
39,2026-09-11,C-S3-BLR,1050.0,1049.01,True,evening
39,2026-09-11,C-S3-HYD,400.0,347.07,False,
39,2026-09-11,C-S3-PUN,750.0,566.51,False,
39,2026-09-11,C-S4-DEL,1150.0,1012.9,False,
39,2026-09-11,C-S4-MUM,950.0,535.96,False,
39,2026-09-11,C-S4-BLR,1250.0,576.8,False,
39,2026-09-11,C-S4-HYD,400.0,282.31,False,
39,2026-09-11,C-S4-PUN,400.0,147.43,False,
39,2026-09-11,C-S5-DEL,400.0,399.58,True,afternoon
39,2026-09-11,C-S5-MUM,1300.0,766.65,False,
39,2026-09-11,C-S5-BLR,500.0,495.41,False,
39,2026-09-11,C-S5-HYD,400.0,332.48,False,
39,2026-09-11,C-S5-PUN,400.0,111.93,False,
40,2026-09-12,C-S1-DEL,1400.0,1399.2,True,evening
40,2026-09-12,C-S1-MUM,1600.0,1281.9,False,
40,2026-09-12,C-S1-BLR,1600.0,1599.72,True,evening
40,2026-09-12,C-S1-HYD,1150.0,944.14,False,
40,2026-09-12,C-S1-PUN,500.0,497.66,True,evening
40,2026-09-12,C-S2-DEL,1700.0,990.88,False,
40,2026-09-12,C-S2-MUM,900.0,791.81,False,
40,2026-09-12,C-S2-BLR,1350.0,754.81,False,
40,2026-09-12,C-S2-HYD,600.0,534.23,False,
40,2026-09-12,C-S2-PUN,400.0,234.28,False,
40,2026-09-12,C-S3-DEL,2900.0,1610.42,False,
40,2026-09-12,C-S3-MUM,2350.0,1730.89,False,
40,2026-09-12,C-S3-BLR,1050.0,1048.81,True,evening
40,2026-09-12,C-S3-HYD,400.0,371.13,False,
40,2026-09-12,C-S3-PUN,750.0,552.13,False,
40,2026-09-12,C-S4-DEL,1150.0,1050.98,False,
40,2026-09-12,C-S4-MUM,950.0,560.95,False,
40,2026-09-12,C-S4-BLR,1250.0,598.41,False,
40,2026-09-12,C-S4-HYD,400.0,344.51,False,
40,2026-09-12,C-S4-PUN,400.0,166.95,False,
40,2026-09-12,C-S5-DEL,400.0,399.41,True,afternoon
40,2026-09-12,C-S5-MUM,1300.0,883.61,False,
40,2026-09-12,C-S5-BLR,500.0,499.27,True,evening
40,2026-09-12,C-S5-HYD,400.0,372.17,False,
40,2026-09-12,C-S5-PUN,400.0,103.78,False,
41,2026-09-13,C-S1-DEL,1400.0,1399.48,True,afternoon
41,2026-09-13,C-S1-MUM,1600.0,1368.81,False,
41,2026-09-13,C-S1-BLR,1600.0,1517.87,False,
41,2026-09-13,C-S1-HYD,1150.0,961.94,False,
41,2026-09-13,C-S1-PUN,500.0,497.91,True,evening
41,2026-09-13,C-S2-DEL,1700.0,1064.33,False,
41,2026-09-13,C-S2-MUM,900.0,863.07,False,
41,2026-09-13,C-S2-BLR,1350.0,661.29,False,
41,2026-09-13,C-S2-HYD,600.0,462.02,False,
41,2026-09-13,C-S2-PUN,400.0,237.15,False,
41,2026-09-13,C-S3-DEL,2900.0,2019.84,False,
41,2026-09-13,C-S3-MUM,2350.0,1820.81,False,
41,2026-09-13,C-S3-BLR,1050.0,1048.58,True,evening
41,2026-09-13,C-S3-HYD,400.0,373.26,False,
41,2026-09-13,C-S3-PUN,750.0,557.0,False,
41,2026-09-13,C-S4-DEL,1150.0,1140.98,False,
41,2026-09-13,C-S4-MUM,950.0,641.37,False,
41,2026-09-13,C-S4-BLR,1250.0,577.52,False,
41,2026-09-13,C-S4-HYD,400.0,302.63,False,
41,2026-09-13,C-S4-PUN,400.0,176.4,False,
41,2026-09-13,C-S5-DEL,400.0,399.6,True,afternoon
41,2026-09-13,C-S5-MUM,1300.0,1117.54,False,
41,2026-09-13,C-S5-BLR,500.0,499.51,True,evening
41,2026-09-13,C-S5-HYD,400.0,371.66,False,
41,2026-09-13,C-S5-PUN,400.0,104.88,False,
42,2026-09-14,C-S1-DEL,2100.0,1810.27,False,
42,2026-09-14,C-S1-MUM,1600.0,1239.37,False,
42,2026-09-14,C-S1-BLR,1600.0,1133.05,False,
42,2026-09-14,C-S1-HYD,1150.0,834.3,False,
42,2026-09-14,C-S1-PUN,750.0,481.24,False,
42,2026-09-14,C-S2-DEL,1700.0,953.38,False,
42,2026-09-14,C-S2-MUM,900.0,682.68,False,
42,2026-09-14,C-S2-BLR,1350.0,655.33,False,
42,2026-09-14,C-S2-HYD,600.0,198.33,False,
42,2026-09-14,C-S2-PUN,400.0,204.37,False,
42,2026-09-14,C-S3-DEL,2900.0,1221.03,False,
42,2026-09-14,C-S3-MUM,2350.0,1614.26,False,
42,2026-09-14,C-S3-BLR,1050.0,1049.19,True,evening
42,2026-09-14,C-S3-HYD,400.0,337.58,False,
42,2026-09-14,C-S3-PUN,750.0,592.11,False,
42,2026-09-14,C-S4-DEL,1150.0,924.81,False,
42,2026-09-14,C-S4-MUM,950.0,552.91,False,
42,2026-09-14,C-S4-BLR,1250.0,545.65,False,
42,2026-09-14,C-S4-HYD,400.0,315.33,False,
42,2026-09-14,C-S4-PUN,400.0,124.18,False,
42,2026-09-14,C-S5-DEL,400.0,399.36,True,afternoon
42,2026-09-14,C-S5-MUM,1300.0,880.78,False,
42,2026-09-14,C-S5-BLR,500.0,394.96,False,
42,2026-09-14,C-S5-HYD,400.0,303.21,False,
42,2026-09-14,C-S5-PUN,400.0,100.5,False,
43,2026-09-15,C-S1-DEL,2100.0,2043.21,False,
43,2026-09-15,C-S1-MUM,1600.0,1244.91,False,
43,2026-09-15,C-S1-BLR,1600.0,1207.98,False,
43,2026-09-15,C-S1-HYD,1150.0,813.89,False,
43,2026-09-15,C-S1-PUN,750.0,455.54,False,
43,2026-09-15,C-S2-DEL,1700.0,937.68,False,
43,2026-09-15,C-S2-MUM,900.0,706.63,False,
43,2026-09-15,C-S2-BLR,1350.0,638.75,False,
43,2026-09-15,C-S2-HYD,600.0,173.34,False,
43,2026-09-15,C-S2-PUN,400.0,215.48,False,
43,2026-09-15,C-S3-DEL,2900.0,1425.84,False,
43,2026-09-15,C-S3-MUM,2350.0,1610.11,False,
43,2026-09-15,C-S3-BLR,1050.0,1048.67,True,evening
43,2026-09-15,C-S3-HYD,400.0,320.21,False,
43,2026-09-15,C-S3-PUN,750.0,508.63,False,
43,2026-09-15,C-S4-DEL,1150.0,874.12,False,
43,2026-09-15,C-S4-MUM,950.0,585.01,False,
43,2026-09-15,C-S4-BLR,1250.0,542.25,False,
43,2026-09-15,C-S4-HYD,400.0,286.33,False,
43,2026-09-15,C-S4-PUN,400.0,115.26,False,
43,2026-09-15,C-S5-DEL,400.0,399.61,True,afternoon
43,2026-09-15,C-S5-MUM,1300.0,728.85,False,
43,2026-09-15,C-S5-BLR,500.0,446.82,False,
43,2026-09-15,C-S5-HYD,400.0,330.71,False,
43,2026-09-15,C-S5-PUN,400.0,74.18,False,
44,2026-09-16,C-S1-DEL,2100.0,2044.61,False,
44,2026-09-16,C-S1-MUM,1600.0,1344.17,False,
44,2026-09-16,C-S1-BLR,1600.0,1173.86,False,
44,2026-09-16,C-S1-HYD,1150.0,775.63,False,
44,2026-09-16,C-S1-PUN,750.0,454.87,False,
44,2026-09-16,C-S2-DEL,1700.0,962.47,False,
44,2026-09-16,C-S2-MUM,900.0,804.45,False,
44,2026-09-16,C-S2-BLR,1350.0,521.37,False,
44,2026-09-16,C-S2-HYD,600.0,163.02,False,
44,2026-09-16,C-S2-PUN,400.0,216.31,False,
44,2026-09-16,C-S3-DEL,2900.0,1374.65,False,
44,2026-09-16,C-S3-MUM,2350.0,1768.65,False,
44,2026-09-16,C-S3-BLR,1050.0,1048.9,True,evening
44,2026-09-16,C-S3-HYD,400.0,302.53,False,
44,2026-09-16,C-S3-PUN,750.0,527.55,False,
44,2026-09-16,C-S4-DEL,1150.0,952.49,False,
44,2026-09-16,C-S4-MUM,950.0,621.82,False,
44,2026-09-16,C-S4-BLR,1250.0,437.37,False,
44,2026-09-16,C-S4-HYD,400.0,277.12,False,
44,2026-09-16,C-S4-PUN,400.0,116.69,False,
44,2026-09-16,C-S5-DEL,400.0,399.48,True,afternoon
44,2026-09-16,C-S5-MUM,1300.0,910.69,False,
44,2026-09-16,C-S5-BLR,500.0,454.87,False,
44,2026-09-16,C-S5-HYD,400.0,302.59,False,
44,2026-09-16,C-S5-PUN,400.0,81.65,False,
45,2026-09-17,C-S1-DEL,2100.0,1732.23,False,
45,2026-09-17,C-S1-MUM,1600.0,1244.89,False,
45,2026-09-17,C-S1-BLR,1600.0,1197.09,False,
45,2026-09-17,C-S1-HYD,1150.0,859.9,False,
45,2026-09-17,C-S1-PUN,750.0,466.65,False,
45,2026-09-17,C-S2-DEL,1700.0,969.96,False,
45,2026-09-17,C-S2-MUM,900.0,718.92,False,
45,2026-09-17,C-S2-BLR,1350.0,689.33,False,
45,2026-09-17,C-S2-HYD,600.0,180.74,False,
45,2026-09-17,C-S2-PUN,400.0,222.83,False,
45,2026-09-17,C-S3-DEL,2900.0,1186.79,False,
45,2026-09-17,C-S3-MUM,2350.0,1600.88,False,
45,2026-09-17,C-S3-BLR,1050.0,1048.87,True,evening
45,2026-09-17,C-S3-HYD,400.0,335.15,False,
45,2026-09-17,C-S3-PUN,750.0,566.35,False,
45,2026-09-17,C-S4-DEL,1150.0,981.87,False,
45,2026-09-17,C-S4-MUM,950.0,582.77,False,
45,2026-09-17,C-S4-BLR,1250.0,551.17,False,
45,2026-09-17,C-S4-HYD,400.0,305.58,False,
45,2026-09-17,C-S4-PUN,400.0,122.85,False,
45,2026-09-17,C-S5-DEL,400.0,399.42,True,afternoon
45,2026-09-17,C-S5-MUM,1300.0,770.01,False,
45,2026-09-17,C-S5-BLR,500.0,435.96,False,
45,2026-09-17,C-S5-HYD,400.0,344.33,False,
45,2026-09-17,C-S5-PUN,400.0,90.91,False,
46,2026-09-18,C-S1-DEL,2100.0,2027.24,False,
46,2026-09-18,C-S1-MUM,1600.0,1294.53,False,
46,2026-09-18,C-S1-BLR,1600.0,1150.74,False,
46,2026-09-18,C-S1-HYD,1150.0,822.51,False,
46,2026-09-18,C-S1-PUN,750.0,444.4,False,
46,2026-09-18,C-S2-DEL,1700.0,948.69,False,
46,2026-09-18,C-S2-MUM,900.0,704.88,False,
46,2026-09-18,C-S2-BLR,1350.0,681.33,False,
46,2026-09-18,C-S2-HYD,600.0,170.9,False,
46,2026-09-18,C-S2-PUN,400.0,203.84,False,
46,2026-09-18,C-S3-DEL,2900.0,1334.01,False,
46,2026-09-18,C-S3-MUM,2350.0,1662.91,False,
46,2026-09-18,C-S3-BLR,1050.0,1049.21,True,evening
46,2026-09-18,C-S3-HYD,400.0,319.61,False,
46,2026-09-18,C-S3-PUN,750.0,542.4,False,
46,2026-09-18,C-S4-DEL,1150.0,957.95,False,
46,2026-09-18,C-S4-MUM,950.0,557.74,False,
46,2026-09-18,C-S4-BLR,1250.0,536.31,False,
46,2026-09-18,C-S4-HYD,400.0,291.36,False,
46,2026-09-18,C-S4-PUN,400.0,110.66,False,
46,2026-09-18,C-S5-DEL,400.0,399.61,True,afternoon
46,2026-09-18,C-S5-MUM,1300.0,843.09,False,
46,2026-09-18,C-S5-BLR,500.0,434.9,False,
46,2026-09-18,C-S5-HYD,400.0,311.3,False,
46,2026-09-18,C-S5-PUN,400.0,89.58,False,
47,2026-09-19,C-S1-DEL,2100.0,2071.25,False,
47,2026-09-19,C-S1-MUM,1600.0,1288.7,False,
47,2026-09-19,C-S1-BLR,1600.0,1424.87,False,
47,2026-09-19,C-S1-HYD,1150.0,949.42,False,
47,2026-09-19,C-S1-PUN,750.0,539.61,False,
47,2026-09-19,C-S2-DEL,1700.0,1128.73,False,
47,2026-09-19,C-S2-MUM,900.0,812.74,False,
47,2026-09-19,C-S2-BLR,1350.0,721.13,False,
47,2026-09-19,C-S2-HYD,600.0,180.59,False,
47,2026-09-19,C-S2-PUN,400.0,222.86,False,
47,2026-09-19,C-S3-DEL,2900.0,1399.76,False,
47,2026-09-19,C-S3-MUM,2350.0,1637.12,False,
47,2026-09-19,C-S3-BLR,1050.0,1049.21,True,afternoon
47,2026-09-19,C-S3-HYD,400.0,367.56,False,
47,2026-09-19,C-S3-PUN,750.0,608.66,False,
47,2026-09-19,C-S4-DEL,1150.0,1032.83,False,
47,2026-09-19,C-S4-MUM,950.0,658.22,False,
47,2026-09-19,C-S4-BLR,1250.0,590.24,False,
47,2026-09-19,C-S4-HYD,400.0,307.98,False,
47,2026-09-19,C-S4-PUN,400.0,119.25,False,
47,2026-09-19,C-S5-DEL,400.0,399.33,True,afternoon
47,2026-09-19,C-S5-MUM,1300.0,793.14,False,
47,2026-09-19,C-S5-BLR,500.0,499.5,True,evening
47,2026-09-19,C-S5-HYD,400.0,375.82,False,
47,2026-09-19,C-S5-PUN,400.0,94.49,False,
48,2026-09-20,C-S1-DEL,2100.0,2099.57,True,evening
48,2026-09-20,C-S1-MUM,1600.0,1319.14,False,
48,2026-09-20,C-S1-BLR,1600.0,1257.7,False,
48,2026-09-20,C-S1-HYD,1150.0,967.05,False,
48,2026-09-20,C-S1-PUN,750.0,528.2,False,
48,2026-09-20,C-S2-DEL,1700.0,979.78,False,
48,2026-09-20,C-S2-MUM,900.0,899.51,True,evening
48,2026-09-20,C-S2-BLR,1350.0,766.35,False,
48,2026-09-20,C-S2-HYD,600.0,197.4,False,
48,2026-09-20,C-S2-PUN,400.0,242.27,False,
48,2026-09-20,C-S3-DEL,2900.0,1519.97,False,
48,2026-09-20,C-S3-MUM,2350.0,1677.54,False,
48,2026-09-20,C-S3-BLR,1050.0,1049.3,True,evening
48,2026-09-20,C-S3-HYD,400.0,373.43,False,
48,2026-09-20,C-S3-PUN,750.0,623.51,False,
48,2026-09-20,C-S4-DEL,1150.0,939.08,False,
48,2026-09-20,C-S4-MUM,950.0,714.0,False,
48,2026-09-20,C-S4-BLR,1250.0,607.15,False,
48,2026-09-20,C-S4-HYD,400.0,324.66,False,
48,2026-09-20,C-S4-PUN,400.0,135.15,False,
48,2026-09-20,C-S5-DEL,400.0,399.55,True,afternoon
48,2026-09-20,C-S5-MUM,1300.0,753.39,False,
48,2026-09-20,C-S5-BLR,500.0,478.52,False,
48,2026-09-20,C-S5-HYD,400.0,398.74,False,
48,2026-09-20,C-S5-PUN,400.0,100.12,False,
49,2026-09-21,C-S1-DEL,2100.0,1549.92,False,
49,2026-09-21,C-S1-MUM,1600.0,1291.97,False,
49,2026-09-21,C-S1-BLR,1600.0,1412.88,False,
49,2026-09-21,C-S1-HYD,1150.0,873.83,False,
49,2026-09-21,C-S1-PUN,750.0,505.91,False,
49,2026-09-21,C-S2-DEL,1700.0,1058.17,False,
49,2026-09-21,C-S2-MUM,900.0,356.52,False,
49,2026-09-21,C-S2-BLR,1350.0,580.71,False,
49,2026-09-21,C-S2-HYD,600.0,394.09,False,
49,2026-09-21,C-S2-PUN,400.0,208.35,False,
49,2026-09-21,C-S3-DEL,2900.0,1027.49,False,
49,2026-09-21,C-S3-MUM,2350.0,1477.18,False,
49,2026-09-21,C-S3-BLR,1050.0,1048.84,True,evening
49,2026-09-21,C-S3-HYD,400.0,399.12,True,afternoon
49,2026-09-21,C-S3-PUN,750.0,610.56,False,
49,2026-09-21,C-S4-DEL,1150.0,875.69,False,
49,2026-09-21,C-S4-MUM,950.0,376.86,False,
49,2026-09-21,C-S4-BLR,1250.0,621.47,False,
49,2026-09-21,C-S4-HYD,400.0,332.36,False,
49,2026-09-21,C-S4-PUN,400.0,109.66,False,
49,2026-09-21,C-S5-DEL,400.0,266.53,False,
49,2026-09-21,C-S5-MUM,1300.0,372.9,False,
49,2026-09-21,C-S5-BLR,500.0,426.97,False,
49,2026-09-21,C-S5-HYD,400.0,257.21,False,
49,2026-09-21,C-S5-PUN,400.0,99.29,False,
50,2026-09-22,C-S1-DEL,2100.0,1874.32,False,
50,2026-09-22,C-S1-MUM,1600.0,1363.38,False,
50,2026-09-22,C-S1-BLR,1600.0,1196.67,False,
50,2026-09-22,C-S1-HYD,1150.0,783.06,False,
50,2026-09-22,C-S1-PUN,750.0,460.39,False,
50,2026-09-22,C-S2-DEL,1700.0,967.46,False,
50,2026-09-22,C-S2-MUM,900.0,472.03,False,
50,2026-09-22,C-S2-BLR,1350.0,612.04,False,
50,2026-09-22,C-S2-HYD,600.0,374.48,False,
50,2026-09-22,C-S2-PUN,400.0,232.55,False,
50,2026-09-22,C-S3-DEL,2900.0,1231.92,False,
50,2026-09-22,C-S3-MUM,2350.0,1533.51,False,
50,2026-09-22,C-S3-BLR,1050.0,1048.98,True,evening
50,2026-09-22,C-S3-HYD,400.0,399.07,True,afternoon
50,2026-09-22,C-S3-PUN,750.0,558.32,False,
50,2026-09-22,C-S4-DEL,1150.0,800.42,False,
50,2026-09-22,C-S4-MUM,950.0,497.36,False,
50,2026-09-22,C-S4-BLR,1250.0,643.98,False,
50,2026-09-22,C-S4-HYD,400.0,307.52,False,
50,2026-09-22,C-S4-PUN,400.0,123.28,False,
50,2026-09-22,C-S5-DEL,400.0,376.6,False,
50,2026-09-22,C-S5-MUM,1300.0,432.41,False,
50,2026-09-22,C-S5-BLR,500.0,326.2,False,
50,2026-09-22,C-S5-HYD,400.0,234.92,False,
50,2026-09-22,C-S5-PUN,400.0,93.66,False,
51,2026-09-23,C-S1-DEL,2100.0,1726.77,False,
51,2026-09-23,C-S1-MUM,1600.0,1599.08,True,evening
51,2026-09-23,C-S1-BLR,1600.0,1117.71,False,
51,2026-09-23,C-S1-HYD,1150.0,789.58,False,
51,2026-09-23,C-S1-PUN,750.0,433.23,False,
51,2026-09-23,C-S2-DEL,1700.0,995.06,False,
51,2026-09-23,C-S2-MUM,900.0,381.58,False,
51,2026-09-23,C-S2-BLR,1350.0,503.83,False,
51,2026-09-23,C-S2-HYD,600.0,395.69,False,
51,2026-09-23,C-S2-PUN,400.0,229.8,False,
51,2026-09-23,C-S3-DEL,2900.0,1141.81,False,
51,2026-09-23,C-S3-MUM,2350.0,1685.01,False,
51,2026-09-23,C-S3-BLR,1050.0,1048.95,True,evening
51,2026-09-23,C-S3-HYD,400.0,398.35,True,evening
51,2026-09-23,C-S3-PUN,750.0,487.17,False,
51,2026-09-23,C-S4-DEL,1150.0,842.41,False,
51,2026-09-23,C-S4-MUM,950.0,438.35,False,
51,2026-09-23,C-S4-BLR,1250.0,560.95,False,
51,2026-09-23,C-S4-HYD,400.0,329.42,False,
51,2026-09-23,C-S4-PUN,400.0,126.45,False,
51,2026-09-23,C-S5-DEL,400.0,372.38,False,
51,2026-09-23,C-S5-MUM,1300.0,511.17,False,
51,2026-09-23,C-S5-BLR,500.0,300.75,False,
51,2026-09-23,C-S5-HYD,400.0,223.8,False,
51,2026-09-23,C-S5-PUN,400.0,69.5,False,
52,2026-09-24,C-S1-DEL,2100.0,1601.11,False,
52,2026-09-24,C-S1-MUM,1600.0,1441.04,False,
52,2026-09-24,C-S1-BLR,1600.0,1084.71,False,
52,2026-09-24,C-S1-HYD,1150.0,753.79,False,
52,2026-09-24,C-S1-PUN,750.0,468.25,False,
52,2026-09-24,C-S2-DEL,1700.0,998.25,False,
52,2026-09-24,C-S2-MUM,900.0,391.04,False,
52,2026-09-24,C-S2-BLR,1350.0,514.92,False,
52,2026-09-24,C-S2-HYD,600.0,380.02,False,
52,2026-09-24,C-S2-PUN,400.0,201.35,False,
52,2026-09-24,C-S3-DEL,2900.0,1052.79,False,
52,2026-09-24,C-S3-MUM,2350.0,1562.03,False,
52,2026-09-24,C-S3-BLR,1050.0,1049.13,True,evening
52,2026-09-24,C-S3-HYD,400.0,398.4,True,evening
52,2026-09-24,C-S3-PUN,750.0,560.59,False,
52,2026-09-24,C-S4-DEL,1150.0,846.5,False,
52,2026-09-24,C-S4-MUM,950.0,452.48,False,
52,2026-09-24,C-S4-BLR,1250.0,604.01,False,
52,2026-09-24,C-S4-HYD,400.0,306.43,False,
52,2026-09-24,C-S4-PUN,400.0,115.85,False,
52,2026-09-24,C-S5-DEL,400.0,300.09,False,
52,2026-09-24,C-S5-MUM,1300.0,444.59,False,
52,2026-09-24,C-S5-BLR,500.0,289.61,False,
52,2026-09-24,C-S5-HYD,400.0,222.06,False,
52,2026-09-24,C-S5-PUN,400.0,92.66,False,
53,2026-09-25,C-S1-DEL,2100.0,1699.13,False,
53,2026-09-25,C-S1-MUM,1600.0,1388.2,False,
53,2026-09-25,C-S1-BLR,1600.0,1326.85,False,
53,2026-09-25,C-S1-HYD,1150.0,758.55,False,
53,2026-09-25,C-S1-PUN,750.0,464.9,False,
53,2026-09-25,C-S2-DEL,1700.0,1041.97,False,
53,2026-09-25,C-S2-MUM,900.0,414.26,False,
53,2026-09-25,C-S2-BLR,1350.0,571.49,False,
53,2026-09-25,C-S2-HYD,600.0,370.85,False,
53,2026-09-25,C-S2-PUN,400.0,219.42,False,
53,2026-09-25,C-S3-DEL,2900.0,1112.44,False,
53,2026-09-25,C-S3-MUM,2350.0,1488.38,False,
53,2026-09-25,C-S3-BLR,1050.0,1049.27,True,evening
53,2026-09-25,C-S3-HYD,400.0,398.18,True,evening
53,2026-09-25,C-S3-PUN,750.0,580.49,False,
53,2026-09-25,C-S4-DEL,1150.0,856.68,False,
53,2026-09-25,C-S4-MUM,950.0,466.6,False,
53,2026-09-25,C-S4-BLR,1250.0,617.31,False,
53,2026-09-25,C-S4-HYD,400.0,310.14,False,
53,2026-09-25,C-S4-PUN,400.0,123.86,False,
53,2026-09-25,C-S5-DEL,400.0,327.67,False,
53,2026-09-25,C-S5-MUM,1300.0,453.03,False,
53,2026-09-25,C-S5-BLR,500.0,380.86,False,
53,2026-09-25,C-S5-HYD,400.0,213.0,False,
53,2026-09-25,C-S5-PUN,400.0,97.79,False,
54,2026-09-26,C-S1-DEL,2100.0,1805.85,False,
54,2026-09-26,C-S1-MUM,1600.0,1598.97,True,evening
54,2026-09-26,C-S1-BLR,1600.0,1392.91,False,
54,2026-09-26,C-S1-HYD,1150.0,945.82,False,
54,2026-09-26,C-S1-PUN,750.0,527.98,False,
54,2026-09-26,C-S2-DEL,1700.0,1194.19,False,
54,2026-09-26,C-S2-MUM,900.0,404.83,False,
54,2026-09-26,C-S2-BLR,1350.0,588.49,False,
54,2026-09-26,C-S2-HYD,600.0,414.7,False,
54,2026-09-26,C-S2-PUN,400.0,236.55,False,
54,2026-09-26,C-S3-DEL,2900.0,1205.12,False,
54,2026-09-26,C-S3-MUM,2350.0,2132.31,False,
54,2026-09-26,C-S3-BLR,1050.0,1048.71,True,evening
54,2026-09-26,C-S3-HYD,400.0,399.69,True,afternoon
54,2026-09-26,C-S3-PUN,750.0,610.84,False,
54,2026-09-26,C-S4-DEL,1150.0,1035.76,False,
54,2026-09-26,C-S4-MUM,950.0,437.49,False,
54,2026-09-26,C-S4-BLR,1250.0,644.05,False,
54,2026-09-26,C-S4-HYD,400.0,335.96,False,
54,2026-09-26,C-S4-PUN,400.0,124.77,False,
54,2026-09-26,C-S5-DEL,400.0,399.5,True,evening
54,2026-09-26,C-S5-MUM,1300.0,560.81,False,
54,2026-09-26,C-S5-BLR,500.0,390.23,False,
54,2026-09-26,C-S5-HYD,400.0,286.84,False,
54,2026-09-26,C-S5-PUN,400.0,93.23,False,
55,2026-09-27,C-S1-DEL,2100.0,1843.37,False,
55,2026-09-27,C-S1-MUM,1600.0,1599.22,True,evening
55,2026-09-27,C-S1-BLR,1600.0,1565.37,False,
55,2026-09-27,C-S1-HYD,1150.0,872.72,False,
55,2026-09-27,C-S1-PUN,750.0,537.48,False,
55,2026-09-27,C-S2-DEL,1700.0,1205.67,False,
55,2026-09-27,C-S2-MUM,900.0,433.45,False,
55,2026-09-27,C-S2-BLR,1350.0,655.13,False,
55,2026-09-27,C-S2-HYD,600.0,425.94,False,
55,2026-09-27,C-S2-PUN,400.0,218.82,False,
55,2026-09-27,C-S3-DEL,2900.0,1222.69,False,
55,2026-09-27,C-S3-MUM,2350.0,1718.9,False,
55,2026-09-27,C-S3-BLR,1050.0,1048.77,True,evening
55,2026-09-27,C-S3-HYD,400.0,399.49,True,afternoon
55,2026-09-27,C-S3-PUN,750.0,634.48,False,
55,2026-09-27,C-S4-DEL,1150.0,1042.6,False,
55,2026-09-27,C-S4-MUM,950.0,501.05,False,
55,2026-09-27,C-S4-BLR,1250.0,692.49,False,
55,2026-09-27,C-S4-HYD,400.0,354.71,False,
55,2026-09-27,C-S4-PUN,400.0,122.7,False,
55,2026-09-27,C-S5-DEL,400.0,399.24,True,evening
55,2026-09-27,C-S5-MUM,1300.0,499.8,False,
55,2026-09-27,C-S5-BLR,500.0,444.62,False,
55,2026-09-27,C-S5-HYD,400.0,259.0,False,
55,2026-09-27,C-S5-PUN,400.0,100.89,False,
56,2026-09-28,C-S1-DEL,2100.0,1700.79,False,
56,2026-09-28,C-S1-MUM,2400.0,1524.52,False,
56,2026-09-28,C-S1-BLR,1600.0,1208.58,False,
56,2026-09-28,C-S1-HYD,1150.0,882.9,False,
56,2026-09-28,C-S1-PUN,750.0,492.33,False,
56,2026-09-28,C-S2-DEL,1700.0,1060.58,False,
56,2026-09-28,C-S2-MUM,900.0,420.94,False,
56,2026-09-28,C-S2-BLR,1350.0,400.14,False,
56,2026-09-28,C-S2-HYD,600.0,373.34,False,
56,2026-09-28,C-S2-PUN,400.0,218.2,False,
56,2026-09-28,C-S3-DEL,2900.0,1210.61,False,
56,2026-09-28,C-S3-MUM,2350.0,1373.97,False,
56,2026-09-28,C-S3-BLR,1050.0,1049.38,True,evening
56,2026-09-28,C-S3-HYD,400.0,398.21,True,evening
56,2026-09-28,C-S3-PUN,750.0,610.43,False,
56,2026-09-28,C-S4-DEL,1150.0,779.88,False,
56,2026-09-28,C-S4-MUM,950.0,465.12,False,
56,2026-09-28,C-S4-BLR,1250.0,603.55,False,
56,2026-09-28,C-S4-HYD,400.0,368.58,False,
56,2026-09-28,C-S4-PUN,400.0,117.8,False,
56,2026-09-28,C-S5-DEL,400.0,193.16,False,
56,2026-09-28,C-S5-MUM,1300.0,391.89,False,
56,2026-09-28,C-S5-BLR,500.0,322.88,False,
56,2026-09-28,C-S5-HYD,400.0,163.82,False,
56,2026-09-28,C-S5-PUN,400.0,97.85,False,
57,2026-09-29,C-S1-DEL,2100.0,1785.17,False,
57,2026-09-29,C-S1-MUM,2400.0,1744.19,False,
57,2026-09-29,C-S1-BLR,1600.0,1167.3,False,
57,2026-09-29,C-S1-HYD,1150.0,892.28,False,
57,2026-09-29,C-S1-PUN,750.0,486.36,False,
57,2026-09-29,C-S2-DEL,1700.0,1105.91,False,
57,2026-09-29,C-S2-MUM,900.0,378.99,False,
57,2026-09-29,C-S2-BLR,1350.0,429.86,False,
57,2026-09-29,C-S2-HYD,600.0,376.68,False,
57,2026-09-29,C-S2-PUN,400.0,225.03,False,
57,2026-09-29,C-S3-DEL,2900.0,1226.81,False,
57,2026-09-29,C-S3-MUM,2350.0,1505.18,False,
57,2026-09-29,C-S3-BLR,1050.0,1049.02,True,evening
57,2026-09-29,C-S3-HYD,400.0,398.54,True,evening
57,2026-09-29,C-S3-PUN,750.0,570.69,False,
57,2026-09-29,C-S4-DEL,1150.0,804.87,False,
57,2026-09-29,C-S4-MUM,950.0,395.66,False,
57,2026-09-29,C-S4-BLR,1250.0,661.0,False,
57,2026-09-29,C-S4-HYD,400.0,365.03,False,
57,2026-09-29,C-S4-PUN,400.0,122.33,False,
57,2026-09-29,C-S5-DEL,400.0,228.0,False,
57,2026-09-29,C-S5-MUM,1300.0,450.13,False,
57,2026-09-29,C-S5-BLR,500.0,262.81,False,
57,2026-09-29,C-S5-HYD,400.0,160.13,False,
57,2026-09-29,C-S5-PUN,400.0,87.68,False,
58,2026-09-30,C-S1-DEL,2100.0,1740.11,False,
58,2026-09-30,C-S1-MUM,2400.0,1745.25,False,
58,2026-09-30,C-S1-BLR,1600.0,987.03,False,
58,2026-09-30,C-S1-HYD,1150.0,896.22,False,
58,2026-09-30,C-S1-PUN,750.0,535.59,False,
58,2026-09-30,C-S2-DEL,1700.0,944.26,False,
58,2026-09-30,C-S2-MUM,900.0,356.47,False,
58,2026-09-30,C-S2-BLR,1350.0,424.07,False,
58,2026-09-30,C-S2-HYD,600.0,377.25,False,
58,2026-09-30,C-S2-PUN,400.0,219.86,False,
58,2026-09-30,C-S3-DEL,2900.0,1257.53,False,
58,2026-09-30,C-S3-MUM,2350.0,1515.86,False,
58,2026-09-30,C-S3-BLR,1050.0,1049.38,True,evening
58,2026-09-30,C-S3-HYD,400.0,398.87,True,evening
58,2026-09-30,C-S3-PUN,750.0,615.74,False,
58,2026-09-30,C-S4-DEL,1150.0,698.06,False,
58,2026-09-30,C-S4-MUM,950.0,362.28,False,
58,2026-09-30,C-S4-BLR,1250.0,651.37,False,
58,2026-09-30,C-S4-HYD,400.0,360.23,False,
58,2026-09-30,C-S4-PUN,400.0,122.21,False,
58,2026-09-30,C-S5-DEL,400.0,195.69,False,
58,2026-09-30,C-S5-MUM,1300.0,462.16,False,
58,2026-09-30,C-S5-BLR,500.0,218.12,False,
58,2026-09-30,C-S5-HYD,400.0,162.47,False,
58,2026-09-30,C-S5-PUN,400.0,98.42,False,
59,2026-10-01,C-S1-DEL,2100.0,1726.52,False,
59,2026-10-01,C-S1-MUM,2400.0,1794.09,False,
59,2026-10-01,C-S1-BLR,1600.0,1292.55,False,
59,2026-10-01,C-S1-HYD,1150.0,996.2,False,
59,2026-10-01,C-S1-PUN,750.0,524.93,False,
59,2026-10-01,C-S2-DEL,1700.0,1017.8,False,
59,2026-10-01,C-S2-MUM,900.0,381.14,False,
59,2026-10-01,C-S2-BLR,1350.0,475.8,False,
59,2026-10-01,C-S2-HYD,600.0,372.45,False,
59,2026-10-01,C-S2-PUN,400.0,205.2,False,
59,2026-10-01,C-S3-DEL,2900.0,1254.1,False,
59,2026-10-01,C-S3-MUM,2350.0,1495.59,False,
59,2026-10-01,C-S3-BLR,1050.0,1049.25,True,evening
59,2026-10-01,C-S3-HYD,400.0,399.24,True,afternoon
59,2026-10-01,C-S3-PUN,750.0,638.62,False,
59,2026-10-01,C-S4-DEL,1150.0,754.24,False,
59,2026-10-01,C-S4-MUM,950.0,418.69,False,
59,2026-10-01,C-S4-BLR,1250.0,744.63,False,
59,2026-10-01,C-S4-HYD,400.0,362.91,False,
59,2026-10-01,C-S4-PUN,400.0,115.49,False,
59,2026-10-01,C-S5-DEL,400.0,213.94,False,
59,2026-10-01,C-S5-MUM,1300.0,464.81,False,
59,2026-10-01,C-S5-BLR,500.0,344.91,False,
59,2026-10-01,C-S5-HYD,400.0,209.98,False,
59,2026-10-01,C-S5-PUN,400.0,98.4,False,
60,2026-10-02,C-S1-DEL,2100.0,1761.04,False,
60,2026-10-02,C-S1-MUM,2400.0,1817.1,False,
60,2026-10-02,C-S1-BLR,1600.0,1145.2,False,
60,2026-10-02,C-S1-HYD,1150.0,1050.69,False,
60,2026-10-02,C-S1-PUN,750.0,533.0,False,
60,2026-10-02,C-S2-DEL,1700.0,931.53,False,
60,2026-10-02,C-S2-MUM,900.0,408.95,False,
60,2026-10-02,C-S2-BLR,1350.0,417.29,False,
60,2026-10-02,C-S2-HYD,600.0,354.38,False,
60,2026-10-02,C-S2-PUN,400.0,221.69,False,
60,2026-10-02,C-S3-DEL,2900.0,1236.53,False,
60,2026-10-02,C-S3-MUM,2350.0,1581.75,False,
60,2026-10-02,C-S3-BLR,1050.0,1049.65,True,evening
60,2026-10-02,C-S3-HYD,400.0,399.21,True,afternoon
60,2026-10-02,C-S3-PUN,750.0,672.66,False,
60,2026-10-02,C-S4-DEL,1150.0,687.84,False,
60,2026-10-02,C-S4-MUM,950.0,435.74,False,
60,2026-10-02,C-S4-BLR,1250.0,634.57,False,
60,2026-10-02,C-S4-HYD,400.0,343.96,False,
60,2026-10-02,C-S4-PUN,400.0,122.81,False,
60,2026-10-02,C-S5-DEL,400.0,176.27,False,
60,2026-10-02,C-S5-MUM,1300.0,469.45,False,
60,2026-10-02,C-S5-BLR,500.0,304.57,False,
60,2026-10-02,C-S5-HYD,400.0,222.84,False,
60,2026-10-02,C-S5-PUN,400.0,110.15,False,
61,2026-10-03,C-S1-DEL,2100.0,2064.36,False,
61,2026-10-03,C-S1-MUM,2400.0,1937.92,False,
61,2026-10-03,C-S1-BLR,1600.0,1328.0,False,
61,2026-10-03,C-S1-HYD,1150.0,933.83,False,
61,2026-10-03,C-S1-PUN,750.0,556.83,False,
61,2026-10-03,C-S2-DEL,1700.0,1082.18,False,
61,2026-10-03,C-S2-MUM,900.0,470.42,False,
61,2026-10-03,C-S2-BLR,1350.0,458.79,False,
61,2026-10-03,C-S2-HYD,600.0,423.67,False,
61,2026-10-03,C-S2-PUN,400.0,253.22,False,
61,2026-10-03,C-S3-DEL,2900.0,1446.66,False,
61,2026-10-03,C-S3-MUM,2350.0,1662.99,False,
61,2026-10-03,C-S3-BLR,1050.0,1048.99,True,evening
61,2026-10-03,C-S3-HYD,400.0,399.24,True,afternoon
61,2026-10-03,C-S3-PUN,750.0,684.33,False,
61,2026-10-03,C-S4-DEL,1150.0,800.3,False,
61,2026-10-03,C-S4-MUM,950.0,515.38,False,
61,2026-10-03,C-S4-BLR,1250.0,692.12,False,
61,2026-10-03,C-S4-HYD,400.0,390.07,False,
61,2026-10-03,C-S4-PUN,400.0,140.26,False,
61,2026-10-03,C-S5-DEL,400.0,227.41,False,
61,2026-10-03,C-S5-MUM,1300.0,492.14,False,
61,2026-10-03,C-S5-BLR,500.0,361.27,False,
61,2026-10-03,C-S5-HYD,400.0,170.68,False,
61,2026-10-03,C-S5-PUN,400.0,111.67,False,
62,2026-10-04,C-S1-DEL,2100.0,1961.57,False,
62,2026-10-04,C-S1-MUM,2400.0,1799.15,False,
62,2026-10-04,C-S1-BLR,1600.0,1198.75,False,
62,2026-10-04,C-S1-HYD,1150.0,1100.1,False,
62,2026-10-04,C-S1-PUN,750.0,558.77,False,
62,2026-10-04,C-S2-DEL,1700.0,1213.04,False,
62,2026-10-04,C-S2-MUM,900.0,438.04,False,
62,2026-10-04,C-S2-BLR,1350.0,444.33,False,
62,2026-10-04,C-S2-HYD,600.0,452.68,False,
62,2026-10-04,C-S2-PUN,400.0,240.81,False,
62,2026-10-04,C-S3-DEL,2900.0,1432.43,False,
62,2026-10-04,C-S3-MUM,2350.0,1577.02,False,
62,2026-10-04,C-S3-BLR,1050.0,1049.8,True,evening
62,2026-10-04,C-S3-HYD,400.0,399.71,True,afternoon
62,2026-10-04,C-S3-PUN,750.0,690.58,False,
62,2026-10-04,C-S4-DEL,1150.0,883.78,False,
62,2026-10-04,C-S4-MUM,950.0,460.23,False,
62,2026-10-04,C-S4-BLR,1250.0,683.49,False,
62,2026-10-04,C-S4-HYD,400.0,399.22,True,evening
62,2026-10-04,C-S4-PUN,400.0,138.27,False,
62,2026-10-04,C-S5-DEL,400.0,226.94,False,
62,2026-10-04,C-S5-MUM,1300.0,464.02,False,
62,2026-10-04,C-S5-BLR,500.0,304.19,False,
62,2026-10-04,C-S5-HYD,400.0,227.18,False,
62,2026-10-04,C-S5-PUN,400.0,112.6,False,
63,2026-10-05,C-S1-DEL,2100.0,1761.38,False,
63,2026-10-05,C-S1-MUM,2400.0,1500.64,False,
63,2026-10-05,C-S1-BLR,1600.0,1101.56,False,
63,2026-10-05,C-S1-HYD,1150.0,996.33,False,
63,2026-10-05,C-S1-PUN,750.0,521.24,False,
63,2026-10-05,C-S2-DEL,1700.0,813.09,False,
63,2026-10-05,C-S2-MUM,900.0,375.94,False,
63,2026-10-05,C-S2-BLR,1350.0,576.59,False,
63,2026-10-05,C-S2-HYD,600.0,361.94,False,
63,2026-10-05,C-S2-PUN,400.0,204.79,False,
63,2026-10-05,C-S3-DEL,2900.0,1322.95,False,
63,2026-10-05,C-S3-MUM,2350.0,1546.4,False,
63,2026-10-05,C-S3-BLR,1050.0,1049.51,True,evening
63,2026-10-05,C-S3-HYD,400.0,399.44,True,afternoon
63,2026-10-05,C-S3-PUN,750.0,683.78,False,
63,2026-10-05,C-S4-DEL,1150.0,856.81,False,
63,2026-10-05,C-S4-MUM,950.0,385.37,False,
63,2026-10-05,C-S4-BLR,1250.0,631.9,False,
63,2026-10-05,C-S4-HYD,400.0,374.74,False,
63,2026-10-05,C-S4-PUN,400.0,124.14,False,
63,2026-10-05,C-S5-DEL,400.0,227.34,False,
63,2026-10-05,C-S5-MUM,1300.0,377.72,False,
63,2026-10-05,C-S5-BLR,500.0,189.62,False,
63,2026-10-05,C-S5-HYD,400.0,171.96,False,
63,2026-10-05,C-S5-PUN,400.0,122.53,False,
64,2026-10-06,C-S1-DEL,2100.0,1688.01,False,
64,2026-10-06,C-S1-MUM,2400.0,1528.54,False,
64,2026-10-06,C-S1-BLR,1600.0,1233.66,False,
64,2026-10-06,C-S1-HYD,1150.0,970.3,False,
64,2026-10-06,C-S1-PUN,750.0,487.19,False,
64,2026-10-06,C-S2-DEL,1700.0,787.74,False,
64,2026-10-06,C-S2-MUM,900.0,383.88,False,
64,2026-10-06,C-S2-BLR,1350.0,533.96,False,
64,2026-10-06,C-S2-HYD,600.0,338.21,False,
64,2026-10-06,C-S2-PUN,400.0,195.43,False,
64,2026-10-06,C-S3-DEL,2900.0,1199.3,False,
64,2026-10-06,C-S3-MUM,2350.0,1702.6,False,
64,2026-10-06,C-S3-BLR,1050.0,1049.65,True,evening
64,2026-10-06,C-S3-HYD,400.0,398.41,True,evening
64,2026-10-06,C-S3-PUN,750.0,618.39,False,
64,2026-10-06,C-S4-DEL,1150.0,882.99,False,
64,2026-10-06,C-S4-MUM,950.0,396.38,False,
64,2026-10-06,C-S4-BLR,1250.0,589.22,False,
64,2026-10-06,C-S4-HYD,400.0,351.89,False,
64,2026-10-06,C-S4-PUN,400.0,112.01,False,
64,2026-10-06,C-S5-DEL,400.0,185.07,False,
64,2026-10-06,C-S5-MUM,1300.0,467.07,False,
64,2026-10-06,C-S5-BLR,500.0,216.45,False,
64,2026-10-06,C-S5-HYD,400.0,159.53,False,
64,2026-10-06,C-S5-PUN,400.0,103.75,False,
65,2026-10-07,C-S1-DEL,2100.0,1826.76,False,
65,2026-10-07,C-S1-MUM,2400.0,1547.36,False,
65,2026-10-07,C-S1-BLR,1600.0,1261.89,False,
65,2026-10-07,C-S1-HYD,1150.0,1019.61,False,
65,2026-10-07,C-S1-PUN,750.0,509.18,False,
65,2026-10-07,C-S2-DEL,1700.0,780.77,False,
65,2026-10-07,C-S2-MUM,900.0,395.3,False,
65,2026-10-07,C-S2-BLR,1350.0,588.92,False,
65,2026-10-07,C-S2-HYD,600.0,357.23,False,
65,2026-10-07,C-S2-PUN,400.0,220.16,False,
65,2026-10-07,C-S3-DEL,2900.0,1319.69,False,
65,2026-10-07,C-S3-MUM,2350.0,1663.38,False,
65,2026-10-07,C-S3-BLR,1050.0,1049.72,True,evening
65,2026-10-07,C-S3-HYD,400.0,398.85,True,afternoon
65,2026-10-07,C-S3-PUN,750.0,608.37,False,
65,2026-10-07,C-S4-DEL,1150.0,906.02,False,
65,2026-10-07,C-S4-MUM,950.0,396.55,False,
65,2026-10-07,C-S4-BLR,1250.0,649.14,False,
65,2026-10-07,C-S4-HYD,400.0,378.79,False,
65,2026-10-07,C-S4-PUN,400.0,118.75,False,
65,2026-10-07,C-S5-DEL,400.0,219.63,False,
65,2026-10-07,C-S5-MUM,1300.0,432.55,False,
65,2026-10-07,C-S5-BLR,500.0,196.77,False,
65,2026-10-07,C-S5-HYD,400.0,173.44,False,
65,2026-10-07,C-S5-PUN,400.0,94.48,False,
66,2026-10-08,C-S1-DEL,2100.0,1916.21,False,
66,2026-10-08,C-S1-MUM,2400.0,1533.32,False,
66,2026-10-08,C-S1-BLR,1600.0,1050.71,False,
66,2026-10-08,C-S1-HYD,1150.0,944.24,False,
66,2026-10-08,C-S1-PUN,750.0,490.91,False,
66,2026-10-08,C-S2-DEL,1700.0,885.63,False,
66,2026-10-08,C-S2-MUM,900.0,312.9,False,
66,2026-10-08,C-S2-BLR,1350.0,567.31,False,
66,2026-10-08,C-S2-HYD,600.0,347.39,False,
66,2026-10-08,C-S2-PUN,400.0,211.84,False,
66,2026-10-08,C-S3-DEL,2900.0,1429.12,False,
66,2026-10-08,C-S3-MUM,2350.0,1581.42,False,
66,2026-10-08,C-S3-BLR,1050.0,957.29,False,
66,2026-10-08,C-S3-HYD,400.0,398.49,True,evening
66,2026-10-08,C-S3-PUN,750.0,574.78,False,
66,2026-10-08,C-S4-DEL,1150.0,1000.3,False,
66,2026-10-08,C-S4-MUM,950.0,304.23,False,
66,2026-10-08,C-S4-BLR,1250.0,646.49,False,
66,2026-10-08,C-S4-HYD,400.0,345.97,False,
66,2026-10-08,C-S4-PUN,400.0,109.93,False,
66,2026-10-08,C-S5-DEL,400.0,230.2,False,
66,2026-10-08,C-S5-MUM,1300.0,414.16,False,
66,2026-10-08,C-S5-BLR,500.0,169.91,False,
66,2026-10-08,C-S5-HYD,400.0,148.55,False,
66,2026-10-08,C-S5-PUN,400.0,89.48,False,
67,2026-10-09,C-S1-DEL,2100.0,2023.97,False,
67,2026-10-09,C-S1-MUM,2400.0,1501.69,False,
67,2026-10-09,C-S1-BLR,1600.0,1425.55,False,
67,2026-10-09,C-S1-HYD,1150.0,992.83,False,
67,2026-10-09,C-S1-PUN,750.0,469.78,False,
67,2026-10-09,C-S2-DEL,1700.0,885.97,False,
67,2026-10-09,C-S2-MUM,900.0,358.67,False,
67,2026-10-09,C-S2-BLR,1350.0,594.58,False,
67,2026-10-09,C-S2-HYD,600.0,364.02,False,
67,2026-10-09,C-S2-PUN,400.0,228.12,False,
67,2026-10-09,C-S3-DEL,2900.0,1491.24,False,
67,2026-10-09,C-S3-MUM,2350.0,1585.73,False,
67,2026-10-09,C-S3-BLR,1050.0,1049.65,True,evening
67,2026-10-09,C-S3-HYD,400.0,399.19,True,afternoon
67,2026-10-09,C-S3-PUN,750.0,561.62,False,
67,2026-10-09,C-S4-DEL,1150.0,959.9,False,
67,2026-10-09,C-S4-MUM,950.0,352.44,False,
67,2026-10-09,C-S4-BLR,1250.0,634.57,False,
67,2026-10-09,C-S4-HYD,400.0,379.76,False,
67,2026-10-09,C-S4-PUN,400.0,125.16,False,
67,2026-10-09,C-S5-DEL,400.0,251.92,False,
67,2026-10-09,C-S5-MUM,1300.0,414.87,False,
67,2026-10-09,C-S5-BLR,500.0,239.52,False,
67,2026-10-09,C-S5-HYD,400.0,162.62,False,
67,2026-10-09,C-S5-PUN,400.0,89.55,False,
68,2026-10-10,C-S1-DEL,2100.0,1832.22,False,
68,2026-10-10,C-S1-MUM,2400.0,1708.29,False,
68,2026-10-10,C-S1-BLR,1600.0,1472.76,False,
68,2026-10-10,C-S1-HYD,1150.0,1148.06,True,evening
68,2026-10-10,C-S1-PUN,750.0,527.27,False,
68,2026-10-10,C-S2-DEL,1700.0,862.34,False,
68,2026-10-10,C-S2-MUM,900.0,390.57,False,
68,2026-10-10,C-S2-BLR,1350.0,723.74,False,
68,2026-10-10,C-S2-HYD,600.0,405.27,False,
68,2026-10-10,C-S2-PUN,400.0,265.41,False,
68,2026-10-10,C-S3-DEL,2900.0,1377.42,False,
68,2026-10-10,C-S3-MUM,2350.0,1755.61,False,
68,2026-10-10,C-S3-BLR,1050.0,1049.63,True,evening
68,2026-10-10,C-S3-HYD,400.0,398.97,True,afternoon
68,2026-10-10,C-S3-PUN,750.0,650.09,False,
68,2026-10-10,C-S4-DEL,1150.0,924.04,False,
68,2026-10-10,C-S4-MUM,950.0,398.13,False,
68,2026-10-10,C-S4-BLR,1250.0,746.49,False,
68,2026-10-10,C-S4-HYD,400.0,399.52,True,evening
68,2026-10-10,C-S4-PUN,400.0,151.11,False,
68,2026-10-10,C-S5-DEL,400.0,221.22,False,
68,2026-10-10,C-S5-MUM,1300.0,410.6,False,
68,2026-10-10,C-S5-BLR,500.0,232.18,False,
68,2026-10-10,C-S5-HYD,400.0,223.01,False,
68,2026-10-10,C-S5-PUN,400.0,105.41,False,
69,2026-10-11,C-S1-DEL,2100.0,1870.11,False,
69,2026-10-11,C-S1-MUM,2400.0,1612.54,False,
69,2026-10-11,C-S1-BLR,1600.0,1397.8,False,
69,2026-10-11,C-S1-HYD,1150.0,1113.73,False,
69,2026-10-11,C-S1-PUN,750.0,575.6,False,
69,2026-10-11,C-S2-DEL,1700.0,938.15,False,
69,2026-10-11,C-S2-MUM,900.0,400.13,False,
69,2026-10-11,C-S2-BLR,1350.0,633.84,False,
69,2026-10-11,C-S2-HYD,600.0,381.46,False,
69,2026-10-11,C-S2-PUN,400.0,222.32,False,
69,2026-10-11,C-S3-DEL,2900.0,1398.19,False,
69,2026-10-11,C-S3-MUM,2350.0,1842.85,False,
69,2026-10-11,C-S3-BLR,1050.0,1049.69,True,evening
69,2026-10-11,C-S3-HYD,400.0,399.67,True,afternoon
69,2026-10-11,C-S3-PUN,750.0,704.51,False,
69,2026-10-11,C-S4-DEL,1150.0,996.29,False,
69,2026-10-11,C-S4-MUM,950.0,421.04,False,
69,2026-10-11,C-S4-BLR,1250.0,718.48,False,
69,2026-10-11,C-S4-HYD,400.0,399.26,True,evening
69,2026-10-11,C-S4-PUN,400.0,124.44,False,
69,2026-10-11,C-S5-DEL,400.0,212.35,False,
69,2026-10-11,C-S5-MUM,1300.0,506.09,False,
69,2026-10-11,C-S5-BLR,500.0,231.51,False,
69,2026-10-11,C-S5-HYD,400.0,199.88,False,
69,2026-10-11,C-S5-PUN,400.0,116.79,False,
