day,date,sku_id,city_id,osa,ad_units,organic_units,total_units,offtake_inr,ad_revenue_inr
0,2026-08-03,S1,DEL,0.93,9,285,294,50568,1548
0,2026-08-03,S1,MUM,0.937,16,175,191,32852,2752
0,2026-08-03,S1,BLR,0.923,33,137,170,29240,5676
0,2026-08-03,S1,HYD,0.908,22,94,116,19952,3784
0,2026-08-03,S1,PUN,0.919,8,63,71,12212,1376
0,2026-08-03,S2,DEL,0.905,22,50,72,20088,6138
0,2026-08-03,S2,MUM,0.932,11,47,58,16182,3069
0,2026-08-03,S2,BLR,0.964,21,51,72,20088,5859
0,2026-08-03,S2,HYD,0.918,6,26,32,8928,1674
0,2026-08-03,S2,PUN,0.914,4,10,14,3906,1116
0,2026-08-03,S3,DEL,0.942,73,158,231,34419,10877
0,2026-08-03,S3,MUM,0.939,26,126,152,22648,3874
0,2026-08-03,S3,BLR,0.933,25,118,143,21307,3725
0,2026-08-03,S3,HYD,0.907,6,80,86,12814,894
0,2026-08-03,S3,PUN,0.929,23,49,72,10728,3427
0,2026-08-03,S4,DEL,0.947,15,25,40,16960,6360
0,2026-08-03,S4,MUM,0.896,23,18,41,17384,9752
0,2026-08-03,S4,BLR,0.919,11,18,29,12296,4664
0,2026-08-03,S4,HYD,0.882,13,12,25,10600,5512
0,2026-08-03,S4,PUN,0.78,4,6,10,4240,1696
0,2026-08-03,S5,DEL,0.884,7,16,23,2898,882
0,2026-08-03,S5,MUM,0.924,14,0,14,1764,1764
0,2026-08-03,S5,BLR,0.898,8,10,18,2268,1008
0,2026-08-03,S5,HYD,0.937,6,0,6,756,756
0,2026-08-03,S5,PUN,0.934,3,1,4,504,378
1,2026-08-04,S1,DEL,0.93,17,281,298,51256,2924
1,2026-08-04,S1,MUM,0.937,41,184,225,38700,7052
1,2026-08-04,S1,BLR,0.923,32,168,200,34400,5504
1,2026-08-04,S1,HYD,0.908,27,82,109,18748,4644
1,2026-08-04,S1,PUN,0.919,12,55,67,11524,2064
1,2026-08-04,S2,DEL,0.905,16,71,87,24273,4464
1,2026-08-04,S2,MUM,0.932,6,61,67,18693,1674
1,2026-08-04,S2,BLR,0.964,31,43,74,20646,8649
1,2026-08-04,S2,HYD,0.918,4,30,34,9486,1116
1,2026-08-04,S2,PUN,0.914,5,15,20,5580,1395
1,2026-08-04,S3,DEL,0.942,58,152,210,31290,8642
1,2026-08-04,S3,MUM,0.939,17,166,183,27267,2533
1,2026-08-04,S3,BLR,0.933,20,97,117,17433,2980
1,2026-08-04,S3,HYD,0.907,7,77,84,12516,1043
1,2026-08-04,S3,PUN,0.929,20,50,70,10430,2980
1,2026-08-04,S4,DEL,0.947,14,39,53,22472,5936
1,2026-08-04,S4,MUM,0.896,19,17,36,15264,8056
1,2026-08-04,S4,BLR,0.919,14,14,28,11872,5936
1,2026-08-04,S4,HYD,0.882,8,17,25,10600,3392
1,2026-08-04,S4,PUN,0.78,5,6,11,4664,2120
1,2026-08-04,S5,DEL,0.884,11,8,19,2394,1386
1,2026-08-04,S5,MUM,0.924,14,8,22,2772,1764
1,2026-08-04,S5,BLR,0.898,6,7,13,1638,756
1,2026-08-04,S5,HYD,0.937,6,3,9,1134,756
1,2026-08-04,S5,PUN,0.934,3,5,8,1008,378
2,2026-08-05,S1,DEL,0.93,13,281,294,50568,2236
2,2026-08-05,S1,MUM,0.937,31,201,232,39904,5332
2,2026-08-05,S1,BLR,0.923,32,187,219,37668,5504
2,2026-08-05,S1,HYD,0.908,30,97,127,21844,5160
2,2026-08-05,S1,PUN,0.919,16,82,98,16856,2752
2,2026-08-05,S2,DEL,0.905,21,67,88,24552,5859
2,2026-08-05,S2,MUM,0.932,6,50,56,15624,1674
2,2026-08-05,S2,BLR,0.964,16,50,66,18414,4464
2,2026-08-05,S2,HYD,0.918,1,27,28,7812,279
2,2026-08-05,S2,PUN,0.914,2,21,23,6417,558
2,2026-08-05,S3,DEL,0.942,70,161,231,34419,10430
2,2026-08-05,S3,MUM,0.939,31,137,168,25032,4619
2,2026-08-05,S3,BLR,0.933,25,128,153,22797,3725
2,2026-08-05,S3,HYD,0.907,14,64,78,11622,2086
2,2026-08-05,S3,PUN,0.929,19,46,65,9685,2831
2,2026-08-05,S4,DEL,0.947,18,49,67,28408,7632
2,2026-08-05,S4,MUM,0.896,16,11,27,11448,6784
2,2026-08-05,S4,BLR,0.919,5,13,18,7632,2120
2,2026-08-05,S4,HYD,0.882,9,19,28,11872,3816
2,2026-08-05,S4,PUN,0.78,3,9,12,5088,1272
2,2026-08-05,S5,DEL,0.884,4,21,25,3150,504
2,2026-08-05,S5,MUM,0.924,12,13,25,3150,1512
2,2026-08-05,S5,BLR,0.898,5,10,15,1890,630
2,2026-08-05,S5,HYD,0.937,8,0,8,1008,1008
2,2026-08-05,S5,PUN,0.934,3,8,11,1386,378
3,2026-08-06,S1,DEL,0.93,12,205,217,37324,2064
3,2026-08-06,S1,MUM,0.937,23,180,203,34916,3956
3,2026-08-06,S1,BLR,0.923,32,148,180,30960,5504
3,2026-08-06,S1,HYD,0.908,33,103,136,23392,5676
3,2026-08-06,S1,PUN,0.919,12,67,79,13588,2064
3,2026-08-06,S2,DEL,0.905,24,70,94,26226,6696
3,2026-08-06,S2,MUM,0.932,10,59,69,19251,2790
3,2026-08-06,S2,BLR,0.964,15,55,70,19530,4185
3,2026-08-06,S2,HYD,0.918,4,22,26,7254,1116
3,2026-08-06,S2,PUN,0.914,5,9,14,3906,1395
3,2026-08-06,S3,DEL,0.942,70,151,221,32929,10430
3,2026-08-06,S3,MUM,0.939,30,94,124,18476,4470
3,2026-08-06,S3,BLR,0.933,18,116,134,19966,2682
3,2026-08-06,S3,HYD,0.907,10,67,77,11473,1490
3,2026-08-06,S3,PUN,0.929,12,46,58,8642,1788
3,2026-08-06,S4,DEL,0.947,15,31,46,19504,6360
3,2026-08-06,S4,MUM,0.896,15,37,52,22048,6360
3,2026-08-06,S4,BLR,0.919,7,32,39,16536,2968
3,2026-08-06,S4,HYD,0.882,6,20,26,11024,2544
3,2026-08-06,S4,PUN,0.78,3,2,5,2120,1272
3,2026-08-06,S5,DEL,0.884,13,13,26,3276,1638
3,2026-08-06,S5,MUM,0.924,27,1,28,3528,3402
3,2026-08-06,S5,BLR,0.898,8,5,13,1638,1008
3,2026-08-06,S5,HYD,0.937,4,4,8,1008,504
3,2026-08-06,S5,PUN,0.934,1,3,4,504,126
4,2026-08-07,S1,DEL,0.93,19,265,284,48848,3268
4,2026-08-07,S1,MUM,0.937,25,181,206,35432,4300
4,2026-08-07,S1,BLR,0.923,32,149,181,31132,5504
4,2026-08-07,S1,HYD,0.908,21,91,112,19264,3612
4,2026-08-07,S1,PUN,0.919,13,58,71,12212,2236
4,2026-08-07,S2,DEL,0.905,29,52,81,22599,8091
4,2026-08-07,S2,MUM,0.932,6,46,52,14508,1674
4,2026-08-07,S2,BLR,0.964,26,44,70,19530,7254
4,2026-08-07,S2,HYD,0.918,5,30,35,9765,1395
4,2026-08-07,S2,PUN,0.914,7,22,29,8091,1953
4,2026-08-07,S3,DEL,0.942,69,127,196,29204,10281
4,2026-08-07,S3,MUM,0.939,21,145,166,24734,3129
4,2026-08-07,S3,BLR,0.933,22,104,126,18774,3278
4,2026-08-07,S3,HYD,0.907,6,66,72,10728,894
4,2026-08-07,S3,PUN,0.929,8,36,44,6556,1192
4,2026-08-07,S4,DEL,0.947,10,31,41,17384,4240
4,2026-08-07,S4,MUM,0.896,16,15,31,13144,6784
4,2026-08-07,S4,BLR,0.919,14,28,42,17808,5936
4,2026-08-07,S4,HYD,0.882,9,8,17,7208,3816
4,2026-08-07,S4,PUN,0.78,3,11,14,5936,1272
4,2026-08-07,S5,DEL,0.884,10,25,35,4410,1260
4,2026-08-07,S5,MUM,0.924,20,8,28,3528,2520
4,2026-08-07,S5,BLR,0.898,6,11,17,2142,756
4,2026-08-07,S5,HYD,0.937,6,8,14,1764,756
4,2026-08-07,S5,PUN,0.934,1,6,7,882,126
5,2026-08-08,S1,DEL,0.93,12,306,318,54696,2064
5,2026-08-08,S1,MUM,0.937,22,211,233,40076,3784
5,2026-08-08,S1,BLR,0.923,32,194,226,38872,5504
5,2026-08-08,S1,HYD,0.908,28,76,104,17888,4816
5,2026-08-08,S1,PUN,0.919,17,81,98,16856,2924
5,2026-08-08,S2,DEL,0.905,28,72,100,27900,7812
5,2026-08-08,S2,MUM,0.932,8,53,61,17019,2232
5,2026-08-08,S2,BLR,0.964,29,18,47,13113,8091
5,2026-08-08,S2,HYD,0.918,8,35,43,11997,2232
5,2026-08-08,S2,PUN,0.914,4,23,27,7533,1116
5,2026-08-08,S3,DEL,0.942,86,174,260,38740,12814
5,2026-08-08,S3,MUM,0.939,22,171,193,28757,3278
5,2026-08-08,S3,BLR,0.933,14,117,131,19519,2086
5,2026-08-08,S3,HYD,0.907,9,83,92,13708,1341
5,2026-08-08,S3,PUN,0.929,17,45,62,9238,2533
5,2026-08-08,S4,DEL,0.947,14,38,52,22048,5936
5,2026-08-08,S4,MUM,0.896,17,21,38,16112,7208
5,2026-08-08,S4,BLR,0.919,8,19,27,11448,3392
5,2026-08-08,S4,HYD,0.882,5,13,18,7632,2120
5,2026-08-08,S4,PUN,0.78,4,6,10,4240,1696
5,2026-08-08,S5,DEL,0.884,6,15,21,2646,756
5,2026-08-08,S5,MUM,0.924,20,9,29,3654,2520
5,2026-08-08,S5,BLR,0.898,15,6,21,2646,1890
5,2026-08-08,S5,HYD,0.937,12,6,18,2268,1512
5,2026-08-08,S5,PUN,0.934,4,7,11,1386,504
6,2026-08-09,S1,DEL,0.93,16,286,302,51944,2752
6,2026-08-09,S1,MUM,0.937,29,189,218,37496,4988
6,2026-08-09,S1,BLR,0.923,26,191,217,37324,4472
6,2026-08-09,S1,HYD,0.908,30,103,133,22876,5160
6,2026-08-09,S1,PUN,0.919,15,76,91,15652,2580
6,2026-08-09,S2,DEL,0.905,24,69,93,25947,6696
6,2026-08-09,S2,MUM,0.932,8,66,74,20646,2232
6,2026-08-09,S2,BLR,0.964,32,52,84,23436,8928
6,2026-08-09,S2,HYD,0.918,8,22,30,8370,2232
6,2026-08-09,S2,PUN,0.914,7,14,21,5859,1953
6,2026-08-09,S3,DEL,0.942,80,160,240,35760,11920
6,2026-08-09,S3,MUM,0.939,31,137,168,25032,4619
6,2026-08-09,S3,BLR,0.933,22,146,168,25032,3278
6,2026-08-09,S3,HYD,0.907,10,84,94,14006,1490
6,2026-08-09,S3,PUN,0.929,20,46,66,9834,2980
6,2026-08-09,S4,DEL,0.947,13,46,59,25016,5512
6,2026-08-09,S4,MUM,0.896,19,23,42,17808,8056
6,2026-08-09,S4,BLR,0.919,14,30,44,18656,5936
6,2026-08-09,S4,HYD,0.882,10,12,22,9328,4240
6,2026-08-09,S4,PUN,0.78,4,8,12,5088,1696
6,2026-08-09,S5,DEL,0.884,10,14,24,3024,1260
6,2026-08-09,S5,MUM,0.924,7,15,22,2772,882
6,2026-08-09,S5,BLR,0.898,10,12,22,2772,1260
6,2026-08-09,S5,HYD,0.937,10,0,10,1260,1260
6,2026-08-09,S5,PUN,0.934,1,4,5,630,126
7,2026-08-10,S1,DEL,0.93,16,285,301,51772,2752
7,2026-08-10,S1,MUM,0.937,31,207,238,40936,5332
7,2026-08-10,S1,BLR,0.923,36,155,191,32852,6192
7,2026-08-10,S1,HYD,0.908,26,78,104,17888,4472
7,2026-08-10,S1,PUN,0.919,14,59,73,12556,2408
7,2026-08-10,S2,DEL,0.905,18,56,74,20646,5022
7,2026-08-10,S2,MUM,0.932,8,52,60,16740,2232
7,2026-08-10,S2,BLR,0.964,16,41,57,15903,4464
7,2026-08-10,S2,HYD,0.918,2,31,33,9207,558
7,2026-08-10,S2,PUN,0.914,10,14,24,6696,2790
7,2026-08-10,S3,DEL,0.942,60,129,189,28161,8940
7,2026-08-10,S3,MUM,0.939,26,122,148,22052,3874
7,2026-08-10,S3,BLR,0.933,17,116,133,19817,2533
7,2026-08-10,S3,HYD,0.907,9,57,66,9834,1341
7,2026-08-10,S3,PUN,0.929,15,47,62,9238,2235
7,2026-08-10,S4,DEL,0.947,14,24,38,16112,5936
7,2026-08-10,S4,MUM,0.896,19,24,43,18232,8056
7,2026-08-10,S4,BLR,0.919,7,32,39,16536,2968
7,2026-08-10,S4,HYD,0.882,3,16,19,8056,1272
7,2026-08-10,S4,PUN,0.78,5,6,11,4664,2120
7,2026-08-10,S5,DEL,0.884,9,16,25,3150,1134
7,2026-08-10,S5,MUM,0.924,14,9,23,2898,1764
7,2026-08-10,S5,BLR,0.898,9,6,15,1890,1134
7,2026-08-10,S5,HYD,0.937,6,0,6,756,756
7,2026-08-10,S5,PUN,0.934,2,2,4,504,252
8,2026-08-11,S1,DEL,0.93,17,236,253,43516,2924
8,2026-08-11,S1,MUM,0.937,23,218,241,41452,3956
8,2026-08-11,S1,BLR,0.923,30,154,184,31648,5160
8,2026-08-11,S1,HYD,0.908,35,92,127,21844,6020
8,2026-08-11,S1,PUN,0.919,19,60,79,13588,3268
8,2026-08-11,S2,DEL,0.905,25,51,76,21204,6975
8,2026-08-11,S2,MUM,0.932,9,58,67,18693,2511
8,2026-08-11,S2,BLR,0.964,23,32,55,15345,6417
8,2026-08-11,S2,HYD,0.918,6,27,33,9207,1674
8,2026-08-11,S2,PUN,0.914,3,23,26,7254,837
8,2026-08-11,S3,DEL,0.942,63,145,208,30992,9387
8,2026-08-11,S3,MUM,0.939,30,153,183,27267,4470
8,2026-08-11,S3,BLR,0.933,10,138,148,22052,1490
8,2026-08-11,S3,HYD,0.907,13,77,90,13410,1937
8,2026-08-11,S3,PUN,0.929,15,55,70,10430,2235
8,2026-08-11,S4,DEL,0.947,10,29,39,16536,4240
8,2026-08-11,S4,MUM,0.896,23,2,25,10600,9752
8,2026-08-11,S4,BLR,0.919,14,22,36,15264,5936
8,2026-08-11,S4,HYD,0.882,3,11,14,5936,1272
8,2026-08-11,S4,PUN,0.78,4,7,11,4664,1696
8,2026-08-11,S5,DEL,0.884,9,14,23,2898,1134
8,2026-08-11,S5,MUM,0.924,12,13,25,3150,1512
8,2026-08-11,S5,BLR,0.898,6,15,21,2646,756
8,2026-08-11,S5,HYD,0.937,9,1,10,1260,1134
8,2026-08-11,S5,PUN,0.934,4,6,10,1260,504
9,2026-08-12,S1,DEL,0.93,13,257,270,46440,2236
9,2026-08-12,S1,MUM,0.937,23,190,213,36636,3956
9,2026-08-12,S1,BLR,0.923,27,155,182,31304,4644
9,2026-08-12,S1,HYD,0.908,22,86,108,18576,3784
9,2026-08-12,S1,PUN,0.919,19,80,99,17028,3268
9,2026-08-12,S2,DEL,0.905,17,64,81,22599,4743
9,2026-08-12,S2,MUM,0.932,4,37,41,11439,1116
9,2026-08-12,S2,BLR,0.964,23,33,56,15624,6417
9,2026-08-12,S2,HYD,0.918,4,25,29,8091,1116
9,2026-08-12,S2,PUN,0.914,3,29,32,8928,837
9,2026-08-12,S3,DEL,0.942,73,146,219,32631,10877
9,2026-08-12,S3,MUM,0.939,26,134,160,23840,3874
9,2026-08-12,S3,BLR,0.933,20,113,133,19817,2980
9,2026-08-12,S3,HYD,0.907,7,59,66,9834,1043
9,2026-08-12,S3,PUN,0.929,18,46,64,9536,2682
9,2026-08-12,S4,DEL,0.947,7,40,47,19928,2968
9,2026-08-12,S4,MUM,0.896,25,9,34,14416,10600
9,2026-08-12,S4,BLR,0.919,9,25,34,14416,3816
9,2026-08-12,S4,HYD,0.882,10,5,15,6360,4240
9,2026-08-12,S4,PUN,0.78,6,12,18,7632,2544
9,2026-08-12,S5,DEL,0.884,5,19,24,3024,630
9,2026-08-12,S5,MUM,0.924,17,17,34,4284,2142
9,2026-08-12,S5,BLR,0.898,5,15,20,2520,630
9,2026-08-12,S5,HYD,0.937,8,2,10,1260,1008
9,2026-08-12,S5,PUN,0.934,5,1,6,756,630
10,2026-08-13,S1,DEL,0.93,26,249,275,47300,4472
10,2026-08-13,S1,MUM,0.937,28,194,222,38184,4816
10,2026-08-13,S1,BLR,0.923,22,159,181,31132,3784
10,2026-08-13,S1,HYD,0.908,29,90,119,20468,4988
10,2026-08-13,S1,PUN,0.919,18,71,89,15308,3096
10,2026-08-13,S2,DEL,0.905,20,67,87,24273,5580
10,2026-08-13,S2,MUM,0.932,10,42,52,14508,2790
10,2026-08-13,S2,BLR,0.964,20,44,64,17856,5580
10,2026-08-13,S2,HYD,0.918,9,33,42,11718,2511
10,2026-08-13,S2,PUN,0.914,3,23,26,7254,837
10,2026-08-13,S3,DEL,0.942,67,138,205,30545,9983
10,2026-08-13,S3,MUM,0.939,34,114,148,22052,5066
10,2026-08-13,S3,BLR,0.933,15,115,130,19370,2235
10,2026-08-13,S3,HYD,0.907,6,51,57,8493,894
10,2026-08-13,S3,PUN,0.929,15,50,65,9685,2235
10,2026-08-13,S4,DEL,0.947,17,51,68,28832,7208
10,2026-08-13,S4,MUM,0.896,19,21,40,16960,8056
10,2026-08-13,S4,BLR,0.919,3,26,29,12296,1272
10,2026-08-13,S4,HYD,0.882,4,12,16,6784,1696
10,2026-08-13,S4,PUN,0.78,1,10,11,4664,424
10,2026-08-13,S5,DEL,0.884,8,11,19,2394,1008
10,2026-08-13,S5,MUM,0.924,19,6,25,3150,2394
10,2026-08-13,S5,BLR,0.898,6,19,25,3150,756
10,2026-08-13,S5,HYD,0.937,11,3,14,1764,1386
10,2026-08-13,S5,PUN,0.934,2,6,8,1008,252
11,2026-08-14,S1,DEL,0.93,19,246,265,45580,3268
11,2026-08-14,S1,MUM,0.937,23,203,226,38872,3956
11,2026-08-14,S1,BLR,0.923,29,172,201,34572,4988
11,2026-08-14,S1,HYD,0.908,37,83,120,20640,6364
11,2026-08-14,S1,PUN,0.919,9,62,71,12212,1548
11,2026-08-14,S2,DEL,0.905,38,50,88,24552,10602
11,2026-08-14,S2,MUM,0.932,4,60,64,17856,1116
11,2026-08-14,S2,BLR,0.964,14,55,69,19251,3906
11,2026-08-14,S2,HYD,0.918,2,18,20,5580,558
11,2026-08-14,S2,PUN,0.914,4,19,23,6417,1116
11,2026-08-14,S3,DEL,0.942,67,131,198,29502,9983
11,2026-08-14,S3,MUM,0.939,33,140,173,25777,4917
11,2026-08-14,S3,BLR,0.933,13,138,151,22499,1937
11,2026-08-14,S3,HYD,0.907,8,80,88,13112,1192
11,2026-08-14,S3,PUN,0.929,15,54,69,10281,2235
11,2026-08-14,S4,DEL,0.947,12,35,47,19928,5088
11,2026-08-14,S4,MUM,0.896,22,12,34,14416,9328
11,2026-08-14,S4,BLR,0.919,11,17,28,11872,4664
11,2026-08-14,S4,HYD,0.882,5,14,19,8056,2120
11,2026-08-14,S4,PUN,0.78,0,10,10,4240,0
11,2026-08-14,S5,DEL,0.884,8,8,16,2016,1008
11,2026-08-14,S5,MUM,0.924,26,0,26,3276,3276
11,2026-08-14,S5,BLR,0.898,3,16,19,2394,378
11,2026-08-14,S5,HYD,0.937,7,2,9,1134,882
11,2026-08-14,S5,PUN,0.934,2,6,8,1008,252
12,2026-08-15,S1,DEL,0.93,21,295,316,54352,3612
12,2026-08-15,S1,MUM,0.937,28,188,216,37152,4816
12,2026-08-15,S1,BLR,0.923,23,198,221,38012,3956
12,2026-08-15,S1,HYD,0.908,30,101,131,22532,5160
12,2026-08-15,S1,PUN,0.919,18,57,75,12900,3096
12,2026-08-15,S2,DEL,0.905,19,86,105,29295,5301
12,2026-08-15,S2,MUM,0.932,5,67,72,20088,1395
12,2026-08-15,S2,BLR,0.964,19,48,67,18693,5301
12,2026-08-15,S2,HYD,0.918,4,27,31,8649,1116
12,2026-08-15,S2,PUN,0.914,11,14,25,6975,3069
12,2026-08-15,S3,DEL,0.942,71,145,216,32184,10579
12,2026-08-15,S3,MUM,0.939,29,141,170,25330,4321
12,2026-08-15,S3,BLR,0.933,18,137,155,23095,2682
12,2026-08-15,S3,HYD,0.907,8,94,102,15198,1192
12,2026-08-15,S3,PUN,0.929,11,47,58,8642,1639
12,2026-08-15,S4,DEL,0.947,20,52,72,30528,8480
12,2026-08-15,S4,MUM,0.896,15,25,40,16960,6360
12,2026-08-15,S4,BLR,0.919,12,20,32,13568,5088
12,2026-08-15,S4,HYD,0.882,7,22,29,12296,2968
12,2026-08-15,S4,PUN,0.78,5,13,18,7632,2120
12,2026-08-15,S5,DEL,0.884,11,20,31,3906,1386
12,2026-08-15,S5,MUM,0.924,22,4,26,3276,2772
12,2026-08-15,S5,BLR,0.898,7,7,14,1764,882
12,2026-08-15,S5,HYD,0.937,14,5,19,2394,1764
12,2026-08-15,S5,PUN,0.934,3,3,6,756,378
13,2026-08-16,S1,DEL,0.93,18,311,329,56588,3096
13,2026-08-16,S1,MUM,0.937,28,214,242,41624,4816
13,2026-08-16,S1,BLR,0.923,23,191,214,36808,3956
13,2026-08-16,S1,HYD,0.908,38,96,134,23048,6536
13,2026-08-16,S1,PUN,0.919,12,80,92,15824,2064
13,2026-08-16,S2,DEL,0.905,25,65,90,25110,6975
13,2026-08-16,S2,MUM,0.932,10,60,70,19530,2790
13,2026-08-16,S2,BLR,0.964,20,30,50,13950,5580
13,2026-08-16,S2,HYD,0.918,4,39,43,11997,1116
13,2026-08-16,S2,PUN,0.914,7,17,24,6696,1953
13,2026-08-16,S3,DEL,0.942,67,195,262,39038,9983
13,2026-08-16,S3,MUM,0.939,32,139,171,25479,4768
13,2026-08-16,S3,BLR,0.933,17,151,168,25032,2533
13,2026-08-16,S3,HYD,0.907,7,77,84,12516,1043
13,2026-08-16,S3,PUN,0.929,15,57,72,10728,2235
13,2026-08-16,S4,DEL,0.947,11,48,59,25016,4664
13,2026-08-16,S4,MUM,0.896,20,22,42,17808,8480
13,2026-08-16,S4,BLR,0.919,9,21,30,12720,3816
13,2026-08-16,S4,HYD,0.882,7,5,12,5088,2968
13,2026-08-16,S4,PUN,0.78,2,9,11,4664,848
13,2026-08-16,S5,DEL,0.884,12,13,25,3150,1512
13,2026-08-16,S5,MUM,0.924,17,7,24,3024,2142
13,2026-08-16,S5,BLR,0.898,2,20,22,2772,252
13,2026-08-16,S5,HYD,0.937,8,2,10,1260,1008
13,2026-08-16,S5,PUN,0.934,0,6,6,756,0
14,2026-08-17,S1,DEL,0.93,23,245,268,46096,3956
14,2026-08-17,S1,MUM,0.937,40,176,216,37152,6880
14,2026-08-17,S1,BLR,0.923,28,153,181,31132,4816
14,2026-08-17,S1,HYD,0.908,21,107,128,22016,3612
14,2026-08-17,S1,PUN,0.919,19,61,80,13760,3268
14,2026-08-17,S2,DEL,0.905,27,58,85,23715,7533
14,2026-08-17,S2,MUM,0.932,10,49,59,16461,2790
14,2026-08-17,S2,BLR,0.964,12,38,50,13950,3348
14,2026-08-17,S2,HYD,0.918,7,27,34,9486,1953
14,2026-08-17,S2,PUN,0.914,13,13,26,7254,3627
14,2026-08-17,S3,DEL,0.942,88,128,216,32184,13112
14,2026-08-17,S3,MUM,0.939,32,110,142,21158,4768
14,2026-08-17,S3,BLR,0.933,13,104,117,17433,1937
14,2026-08-17,S3,HYD,0.907,19,69,88,13112,2831
14,2026-08-17,S3,PUN,0.929,14,45,59,8791,2086
14,2026-08-17,S4,DEL,0.947,13,39,52,22048,5512
14,2026-08-17,S4,MUM,0.896,21,12,33,13992,8904
14,2026-08-17,S4,BLR,0.919,10,27,37,15688,4240
14,2026-08-17,S4,HYD,0.882,6,12,18,7632,2544
14,2026-08-17,S4,PUN,0.78,3,10,13,5512,1272
14,2026-08-17,S5,DEL,0.884,9,17,26,3276,1134
14,2026-08-17,S5,MUM,0.924,14,4,18,2268,1764
14,2026-08-17,S5,BLR,0.898,5,7,12,1512,630
14,2026-08-17,S5,HYD,0.937,6,7,13,1638,756
14,2026-08-17,S5,PUN,0.934,5,2,7,882,630
15,2026-08-18,S1,DEL,0.93,14,288,302,51944,2408
15,2026-08-18,S1,MUM,0.937,30,154,184,31648,5160
15,2026-08-18,S1,BLR,0.923,25,149,174,29928,4300
15,2026-08-18,S1,HYD,0.908,24,75,99,17028,4128
15,2026-08-18,S1,PUN,0.919,16,58,74,12728,2752
15,2026-08-18,S2,DEL,0.905,25,71,96,26784,6975
15,2026-08-18,S2,MUM,0.932,9,54,63,17577,2511
15,2026-08-18,S2,BLR,0.964,21,47,68,18972,5859
15,2026-08-18,S2,HYD,0.918,12,24,36,10044,3348
15,2026-08-18,S2,PUN,0.914,11,15,26,7254,3069
15,2026-08-18,S3,DEL,0.942,76,153,229,34121,11324
15,2026-08-18,S3,MUM,0.939,26,113,139,20711,3874
15,2026-08-18,S3,BLR,0.933,19,115,134,19966,2831
15,2026-08-18,S3,HYD,0.907,7,71,78,11622,1043
15,2026-08-18,S3,PUN,0.929,14,53,67,9983,2086
15,2026-08-18,S4,DEL,0.947,11,37,48,20352,4664
15,2026-08-18,S4,MUM,0.896,19,8,27,11448,8056
15,2026-08-18,S4,BLR,0.919,10,23,33,13992,4240
15,2026-08-18,S4,HYD,0.882,5,21,26,11024,2120
15,2026-08-18,S4,PUN,0.78,1,7,8,3392,424
15,2026-08-18,S5,DEL,0.884,13,10,23,2898,1638
15,2026-08-18,S5,MUM,0.924,12,7,19,2394,1512
15,2026-08-18,S5,BLR,0.898,12,4,16,2016,1512
15,2026-08-18,S5,HYD,0.937,10,4,14,1764,1260
15,2026-08-18,S5,PUN,0.934,1,4,5,630,126
16,2026-08-19,S1,DEL,0.93,20,237,257,44204,3440
16,2026-08-19,S1,MUM,0.937,25,209,234,40248,4300
16,2026-08-19,S1,BLR,0.923,33,147,180,30960,5676
16,2026-08-19,S1,HYD,0.908,31,89,120,20640,5332
16,2026-08-19,S1,PUN,0.919,15,68,83,14276,2580
16,2026-08-19,S2,DEL,0.905,28,51,79,22041,7812
16,2026-08-19,S2,MUM,0.932,8,49,57,15903,2232
16,2026-08-19,S2,BLR,0.964,23,41,64,17856,6417
16,2026-08-19,S2,HYD,0.918,8,17,25,6975,2232
16,2026-08-19,S2,PUN,0.914,4,27,31,8649,1116
16,2026-08-19,S3,DEL,0.942,66,126,192,28608,9834
16,2026-08-19,S3,MUM,0.939,33,129,162,24138,4917
16,2026-08-19,S3,BLR,0.933,16,132,148,22052,2384
16,2026-08-19,S3,HYD,0.907,9,52,61,9089,1341
16,2026-08-19,S3,PUN,0.929,13,47,60,8940,1937
16,2026-08-19,S4,DEL,0.947,19,26,45,19080,8056
16,2026-08-19,S4,MUM,0.896,17,11,28,11872,7208
16,2026-08-19,S4,BLR,0.919,8,18,26,11024,3392
16,2026-08-19,S4,HYD,0.882,4,8,12,5088,1696
16,2026-08-19,S4,PUN,0.78,5,7,12,5088,2120
16,2026-08-19,S5,DEL,0.884,6,14,20,2520,756
16,2026-08-19,S5,MUM,0.924,12,4,16,2016,1512
16,2026-08-19,S5,BLR,0.898,4,10,14,1764,504
16,2026-08-19,S5,HYD,0.937,10,3,13,1638,1260
16,2026-08-19,S5,PUN,0.934,0,8,8,1008,0
17,2026-08-20,S1,DEL,0.93,26,278,304,52288,4472
17,2026-08-20,S1,MUM,0.937,32,189,221,38012,5504
17,2026-08-20,S1,BLR,0.923,23,155,178,30616,3956
17,2026-08-20,S1,HYD,0.908,29,111,140,24080,4988
17,2026-08-20,S1,PUN,0.919,15,54,69,11868,2580
17,2026-08-20,S2,DEL,0.905,23,58,81,22599,6417
17,2026-08-20,S2,MUM,0.932,4,48,52,14508,1116
17,2026-08-20,S2,BLR,0.964,16,60,76,21204,4464
17,2026-08-20,S2,HYD,0.918,6,39,45,12555,1674
17,2026-08-20,S2,PUN,0.914,11,15,26,7254,3069
17,2026-08-20,S3,DEL,0.942,74,121,195,29055,11026
17,2026-08-20,S3,MUM,0.939,17,131,148,22052,2533
17,2026-08-20,S3,BLR,0.933,21,127,148,22052,3129
17,2026-08-20,S3,HYD,0.907,3,75,78,11622,447
17,2026-08-20,S3,PUN,0.929,11,48,59,8791,1639
17,2026-08-20,S4,DEL,0.947,6,38,44,18656,2544
17,2026-08-20,S4,MUM,0.896,16,20,36,15264,6784
17,2026-08-20,S4,BLR,0.919,8,19,27,11448,3392
17,2026-08-20,S4,HYD,0.882,6,12,18,7632,2544
17,2026-08-20,S4,PUN,0.78,4,6,10,4240,1696
17,2026-08-20,S5,DEL,0.884,8,12,20,2520,1008
17,2026-08-20,S5,MUM,0.924,14,12,26,3276,1764
17,2026-08-20,S5,BLR,0.898,4,10,14,1764,504
17,2026-08-20,S5,HYD,0.937,6,8,14,1764,756
17,2026-08-20,S5,PUN,0.934,2,7,9,1134,252
18,2026-08-21,S1,DEL,0.93,19,243,262,45064,3268
18,2026-08-21,S1,MUM,0.937,32,177,209,35948,5504
18,2026-08-21,S1,BLR,0.923,36,160,196,33712,6192
18,2026-08-21,S1,HYD,0.908,29,90,119,20468,4988
18,2026-08-21,S1,PUN,0.919,19,63,82,14104,3268
18,2026-08-21,S2,DEL,0.905,24,52,76,21204,6696
18,2026-08-21,S2,MUM,0.932,7,60,67,18693,1953
18,2026-08-21,S2,BLR,0.964,20,44,64,17856,5580
18,2026-08-21,S2,HYD,0.918,2,35,37,10323,558
18,2026-08-21,S2,PUN,0.914,8,14,22,6138,2232
18,2026-08-21,S3,DEL,0.942,75,154,229,34121,11175
18,2026-08-21,S3,MUM,0.939,35,118,153,22797,5215
18,2026-08-21,S3,BLR,0.933,14,132,146,21754,2086
18,2026-08-21,S3,HYD,0.907,7,69,76,11324,1043
18,2026-08-21,S3,PUN,0.929,26,34,60,8940,3874
18,2026-08-21,S4,DEL,0.947,16,45,61,25864,6784
18,2026-08-21,S4,MUM,0.896,29,20,49,20776,12296
18,2026-08-21,S4,BLR,0.919,10,15,25,10600,4240
18,2026-08-21,S4,HYD,0.882,9,12,21,8904,3816
18,2026-08-21,S4,PUN,0.78,4,8,12,5088,1696
18,2026-08-21,S5,DEL,0.884,10,23,33,4158,1260
18,2026-08-21,S5,MUM,0.924,15,5,20,2520,1890
18,2026-08-21,S5,BLR,0.898,5,14,19,2394,630
18,2026-08-21,S5,HYD,0.937,10,0,10,1260,1260
18,2026-08-21,S5,PUN,0.934,1,4,5,630,126
19,2026-08-22,S1,DEL,0.93,18,292,310,53320,3096
19,2026-08-22,S1,MUM,0.937,39,204,243,41796,6708
19,2026-08-22,S1,BLR,0.923,23,210,233,40076,3956
19,2026-08-22,S1,HYD,0.908,29,70,99,17028,4988
19,2026-08-22,S1,PUN,0.919,22,86,108,18576,3784
19,2026-08-22,S2,DEL,0.905,25,70,95,26505,6975
19,2026-08-22,S2,MUM,0.932,8,70,78,21762,2232
19,2026-08-22,S2,BLR,0.964,16,58,74,20646,4464
19,2026-08-22,S2,HYD,0.918,7,32,39,10881,1953
19,2026-08-22,S2,PUN,0.914,5,27,32,8928,1395
19,2026-08-22,S3,DEL,0.942,81,185,266,39634,12069
19,2026-08-22,S3,MUM,0.939,40,141,181,26969,5960
19,2026-08-22,S3,BLR,0.933,21,136,157,23393,3129
19,2026-08-22,S3,HYD,0.907,7,96,103,15347,1043
19,2026-08-22,S3,PUN,0.929,14,45,59,8791,2086
19,2026-08-22,S4,DEL,0.947,13,57,70,29680,5512
19,2026-08-22,S4,MUM,0.896,21,13,34,14416,8904
19,2026-08-22,S4,BLR,0.919,13,21,34,14416,5512
19,2026-08-22,S4,HYD,0.882,5,20,25,10600,2120
19,2026-08-22,S4,PUN,0.78,4,8,12,5088,1696
19,2026-08-22,S5,DEL,0.884,14,15,29,3654,1764
19,2026-08-22,S5,MUM,0.924,16,9,25,3150,2016
19,2026-08-22,S5,BLR,0.898,1,21,22,2772,126
19,2026-08-22,S5,HYD,0.937,9,5,14,1764,1134
19,2026-08-22,S5,PUN,0.934,1,2,3,378,126
20,2026-08-23,S1,DEL,0.93,18,288,306,52632,3096
20,2026-08-23,S1,MUM,0.937,23,252,275,47300,3956
20,2026-08-23,S1,BLR,0.923,28,155,183,31476,4816
20,2026-08-23,S1,HYD,0.908,28,91,119,20468,4816
20,2026-08-23,S1,PUN,0.919,14,71,85,14620,2408
20,2026-08-23,S2,DEL,0.905,30,69,99,27621,8370
20,2026-08-23,S2,MUM,0.932,10,63,73,20367,2790
20,2026-08-23,S2,BLR,0.964,14,63,77,21483,3906
20,2026-08-23,S2,HYD,0.918,7,38,45,12555,1953
20,2026-08-23,S2,PUN,0.914,16,16,32,8928,4464
20,2026-08-23,S3,DEL,0.942,76,203,279,41571,11324
20,2026-08-23,S3,MUM,0.939,29,166,195,29055,4321
20,2026-08-23,S3,BLR,0.933,17,146,163,24287,2533
20,2026-08-23,S3,HYD,0.907,11,91,102,15198,1639
20,2026-08-23,S3,PUN,0.929,12,45,57,8493,1788
20,2026-08-23,S4,DEL,0.947,17,47,64,27136,7208
20,2026-08-23,S4,MUM,0.896,20,11,31,13144,8480
20,2026-08-23,S4,BLR,0.919,11,22,33,13992,4664
20,2026-08-23,S4,HYD,0.882,8,17,25,10600,3392
20,2026-08-23,S4,PUN,0.78,4,7,11,4664,1696
20,2026-08-23,S5,DEL,0.884,7,9,16,2016,882
20,2026-08-23,S5,MUM,0.924,14,8,22,2772,1764
20,2026-08-23,S5,BLR,0.898,7,10,17,2142,882
20,2026-08-23,S5,HYD,0.937,6,8,14,1764,756
20,2026-08-23,S5,PUN,0.934,1,4,5,630,126
21,2026-08-24,S1,DEL,0.93,19,243,262,45064,3268
21,2026-08-24,S1,MUM,0.937,27,159,186,31992,4644
21,2026-08-24,S1,BLR,0.923,19,136,155,26660,3268
21,2026-08-24,S1,HYD,0.908,35,68,103,17716,6020
21,2026-08-24,S1,PUN,0.919,13,56,69,11868,2236
21,2026-08-24,S2,DEL,0.905,17,55,72,20088,4743
21,2026-08-24,S2,MUM,0.932,8,63,71,19809,2232
21,2026-08-24,S2,BLR,0.964,16,46,62,17298,4464
21,2026-08-24,S2,HYD,0.918,2,29,31,8649,558
21,2026-08-24,S2,PUN,0.914,6,20,26,7254,1674
21,2026-08-24,S3,DEL,0.942,54,134,188,28012,8046
21,2026-08-24,S3,MUM,0.939,30,134,164,24436,4470
21,2026-08-24,S3,BLR,0.933,23,104,127,18923,3427
21,2026-08-24,S3,HYD,0.907,7,87,94,14006,1043
21,2026-08-24,S3,PUN,0.929,11,50,61,9089,1639
21,2026-08-24,S4,DEL,0.947,15,31,46,19504,6360
21,2026-08-24,S4,MUM,0.896,14,10,24,10176,5936
21,2026-08-24,S4,BLR,0.919,14,19,33,13992,5936
21,2026-08-24,S4,HYD,0.882,3,12,15,6360,1272
21,2026-08-24,S4,PUN,0.78,3,8,11,4664,1272
21,2026-08-24,S5,DEL,0.884,20,6,26,3276,2520
21,2026-08-24,S5,MUM,0.924,12,7,19,2394,1512
21,2026-08-24,S5,BLR,0.898,5,12,17,2142,630
21,2026-08-24,S5,HYD,0.937,15,1,16,2016,1890
21,2026-08-24,S5,PUN,0.934,3,10,13,1638,378
22,2026-08-25,S1,DEL,0.93,18,278,296,50912,3096
22,2026-08-25,S1,MUM,0.937,26,183,209,35948,4472
22,2026-08-25,S1,BLR,0.923,27,173,200,34400,4644
22,2026-08-25,S1,HYD,0.908,22,100,122,20984,3784
22,2026-08-25,S1,PUN,0.919,25,58,83,14276,4300
22,2026-08-25,S2,DEL,0.905,29,90,119,33201,8091
22,2026-08-25,S2,MUM,0.932,13,61,74,20646,3627
22,2026-08-25,S2,BLR,0.964,17,49,66,18414,4743
22,2026-08-25,S2,HYD,0.918,6,25,31,8649,1674
22,2026-08-25,S2,PUN,0.914,7,27,34,9486,1953
22,2026-08-25,S3,DEL,0.942,72,144,216,32184,10728
22,2026-08-25,S3,MUM,0.939,25,140,165,24585,3725
22,2026-08-25,S3,BLR,0.933,17,114,131,19519,2533
22,2026-08-25,S3,HYD,0.907,8,79,87,12963,1192
22,2026-08-25,S3,PUN,0.929,12,44,56,8344,1788
22,2026-08-25,S4,DEL,0.947,11,36,47,19928,4664
22,2026-08-25,S4,MUM,0.896,14,30,44,18656,5936
22,2026-08-25,S4,BLR,0.919,10,15,25,10600,4240
22,2026-08-25,S4,HYD,0.882,8,13,21,8904,3392
22,2026-08-25,S4,PUN,0.78,4,11,15,6360,1696
22,2026-08-25,S5,DEL,0.884,11,15,26,3276,1386
22,2026-08-25,S5,MUM,0.924,18,15,33,4158,2268
22,2026-08-25,S5,BLR,0.898,2,12,14,1764,252
22,2026-08-25,S5,HYD,0.937,9,1,10,1260,1134
22,2026-08-25,S5,PUN,0.934,2,2,4,504,252
23,2026-08-26,S1,DEL,0.93,28,236,264,45408,4816
23,2026-08-26,S1,MUM,0.937,25,194,219,37668,4300
23,2026-08-26,S1,BLR,0.923,21,160,181,31132,3612
23,2026-08-26,S1,HYD,0.908,33,85,118,20296,5676
23,2026-08-26,S1,PUN,0.919,14,75,89,15308,2408
23,2026-08-26,S2,DEL,0.905,31,41,72,20088,8649
23,2026-08-26,S2,MUM,0.932,12,61,73,20367,3348
23,2026-08-26,S2,BLR,0.964,10,46,56,15624,2790
23,2026-08-26,S2,HYD,0.918,5,26,31,8649,1395
23,2026-08-26,S2,PUN,0.914,9,16,25,6975,2511
23,2026-08-26,S3,DEL,0.942,72,141,213,31737,10728
23,2026-08-26,S3,MUM,0.939,31,124,155,23095,4619
23,2026-08-26,S3,BLR,0.933,26,153,179,26671,3874
23,2026-08-26,S3,HYD,0.907,7,60,67,9983,1043
23,2026-08-26,S3,PUN,0.929,22,64,86,12814,3278
23,2026-08-26,S4,DEL,0.947,8,43,51,21624,3392
23,2026-08-26,S4,MUM,0.896,16,18,34,14416,6784
23,2026-08-26,S4,BLR,0.919,11,23,34,14416,4664
23,2026-08-26,S4,HYD,0.882,1,14,15,6360,424
23,2026-08-26,S4,PUN,0.78,3,6,9,3816,1272
23,2026-08-26,S5,DEL,0.884,7,20,27,3402,882
23,2026-08-26,S5,MUM,0.924,24,7,31,3906,3024
23,2026-08-26,S5,BLR,0.898,8,16,24,3024,1008
23,2026-08-26,S5,HYD,0.937,9,4,13,1638,1134
23,2026-08-26,S5,PUN,0.934,1,7,8,1008,126
24,2026-08-27,S1,DEL,0.93,23,263,286,49192,3956
24,2026-08-27,S1,MUM,0.937,37,189,226,38872,6364
24,2026-08-27,S1,BLR,0.923,25,160,185,31820,4300
24,2026-08-27,S1,HYD,0.908,31,77,108,18576,5332
24,2026-08-27,S1,PUN,0.919,11,63,74,12728,1892
24,2026-08-27,S2,DEL,0.905,19,64,83,23157,5301
24,2026-08-27,S2,MUM,0.932,8,43,51,14229,2232
24,2026-08-27,S2,BLR,0.964,13,48,61,17019,3627
24,2026-08-27,S2,HYD,0.918,10,20,30,8370,2790
24,2026-08-27,S2,PUN,0.914,10,12,22,6138,2790
24,2026-08-27,S3,DEL,0.942,75,157,232,34568,11175
24,2026-08-27,S3,MUM,0.939,34,118,152,22648,5066
24,2026-08-27,S3,BLR,0.933,20,130,150,22350,2980
24,2026-08-27,S3,HYD,0.907,5,57,62,9238,745
24,2026-08-27,S3,PUN,0.929,11,42,53,7897,1639
24,2026-08-27,S4,DEL,0.947,9,36,45,19080,3816
24,2026-08-27,S4,MUM,0.896,21,21,42,17808,8904
24,2026-08-27,S4,BLR,0.919,7,19,26,11024,2968
24,2026-08-27,S4,HYD,0.882,4,19,23,9752,1696
24,2026-08-27,S4,PUN,0.78,5,7,12,5088,2120
24,2026-08-27,S5,DEL,0.884,13,19,32,4032,1638
24,2026-08-27,S5,MUM,0.924,18,8,26,3276,2268
24,2026-08-27,S5,BLR,0.898,6,13,19,2394,756
24,2026-08-27,S5,HYD,0.937,7,1,8,1008,882
24,2026-08-27,S5,PUN,0.934,2,8,10,1260,252
25,2026-08-28,S1,DEL,0.93,22,248,270,46440,3784
25,2026-08-28,S1,MUM,0.937,30,199,229,39388,5160
25,2026-08-28,S1,BLR,0.923,23,148,171,29412,3956
25,2026-08-28,S1,HYD,0.908,28,86,114,19608,4816
25,2026-08-28,S1,PUN,0.919,13,66,79,13588,2236
25,2026-08-28,S2,DEL,0.905,22,72,94,26226,6138
25,2026-08-28,S2,MUM,0.932,6,52,58,16182,1674
25,2026-08-28,S2,BLR,0.964,15,38,53,14787,4185
25,2026-08-28,S2,HYD,0.918,6,26,32,8928,1674
25,2026-08-28,S2,PUN,0.914,3,18,21,5859,837
25,2026-08-28,S3,DEL,0.942,71,130,201,29949,10579
25,2026-08-28,S3,MUM,0.939,32,119,151,22499,4768
25,2026-08-28,S3,BLR,0.933,22,105,127,18923,3278
25,2026-08-28,S3,HYD,0.907,14,71,85,12665,2086
25,2026-08-28,S3,PUN,0.929,18,36,54,8046,2682
25,2026-08-28,S4,DEL,0.947,18,39,57,24168,7632
25,2026-08-28,S4,MUM,0.896,20,11,31,13144,8480
25,2026-08-28,S4,BLR,0.919,10,15,25,10600,4240
25,2026-08-28,S4,HYD,0.882,6,14,20,8480,2544
25,2026-08-28,S4,PUN,0.78,1,12,13,5512,424
25,2026-08-28,S5,DEL,0.884,10,11,21,2646,1260
25,2026-08-28,S5,MUM,0.924,12,3,15,1890,1512
25,2026-08-28,S5,BLR,0.898,8,10,18,2268,1008
25,2026-08-28,S5,HYD,0.937,8,2,10,1260,1008
25,2026-08-28,S5,PUN,0.934,3,6,9,1134,378
26,2026-08-29,S1,DEL,0.93,17,327,344,59168,2924
26,2026-08-29,S1,MUM,0.937,33,190,223,38356,5676
26,2026-08-29,S1,BLR,0.923,35,196,231,39732,6020
26,2026-08-29,S1,HYD,0.908,25,95,120,20640,4300
26,2026-08-29,S1,PUN,0.919,15,74,89,15308,2580
26,2026-08-29,S2,DEL,0.905,31,66,97,27063,8649
26,2026-08-29,S2,MUM,0.932,9,77,86,23994,2511
26,2026-08-29,S2,BLR,0.964,26,43,69,19251,7254
26,2026-08-29,S2,HYD,0.918,6,37,43,11997,1674
26,2026-08-29,S2,PUN,0.914,1,23,24,6696,279
26,2026-08-29,S3,DEL,0.942,63,154,217,32333,9387
26,2026-08-29,S3,MUM,0.939,23,145,168,25032,3427
26,2026-08-29,S3,BLR,0.933,19,122,141,21009,2831
26,2026-08-29,S3,HYD,0.907,6,58,64,9536,894
26,2026-08-29,S3,PUN,0.929,16,41,57,8493,2384
26,2026-08-29,S4,DEL,0.947,19,34,53,22472,8056
26,2026-08-29,S4,MUM,0.896,26,15,41,17384,11024
26,2026-08-29,S4,BLR,0.919,14,25,39,16536,5936
26,2026-08-29,S4,HYD,0.882,7,16,23,9752,2968
26,2026-08-29,S4,PUN,0.78,4,7,11,4664,1696
26,2026-08-29,S5,DEL,0.884,10,16,26,3276,1260
26,2026-08-29,S5,MUM,0.924,26,1,27,3402,3276
26,2026-08-29,S5,BLR,0.898,5,7,12,1512,630
26,2026-08-29,S5,HYD,0.937,9,7,16,2016,1134
26,2026-08-29,S5,PUN,0.934,3,4,7,882,378
27,2026-08-30,S1,DEL,0.93,17,262,279,47988,2924
27,2026-08-30,S1,MUM,0.937,24,197,221,38012,4128
27,2026-08-30,S1,BLR,0.923,38,177,215,36980,6536
27,2026-08-30,S1,HYD,0.908,31,89,120,20640,5332
27,2026-08-30,S1,PUN,0.919,16,90,106,18232,2752
27,2026-08-30,S2,DEL,0.905,32,58,90,25110,8928
27,2026-08-30,S2,MUM,0.932,8,60,68,18972,2232
27,2026-08-30,S2,BLR,0.964,24,47,71,19809,6696
27,2026-08-30,S2,HYD,0.918,6,42,48,13392,1674
27,2026-08-30,S2,PUN,0.914,3,24,27,7533,837
27,2026-08-30,S3,DEL,0.942,68,155,223,33227,10132
27,2026-08-30,S3,MUM,0.939,24,190,214,31886,3576
27,2026-08-30,S3,BLR,0.933,16,122,138,20562,2384
27,2026-08-30,S3,HYD,0.907,8,101,109,16241,1192
27,2026-08-30,S3,PUN,0.929,17,62,79,11771,2533
27,2026-08-30,S4,DEL,0.947,16,49,65,27560,6784
27,2026-08-30,S4,MUM,0.896,22,13,35,14840,9328
27,2026-08-30,S4,BLR,0.919,11,30,41,17384,4664
27,2026-08-30,S4,HYD,0.882,10,12,22,9328,4240
27,2026-08-30,S4,PUN,0.78,6,4,10,4240,2544
27,2026-08-30,S5,DEL,0.884,4,10,14,1764,504
27,2026-08-30,S5,MUM,0.924,11,14,25,3150,1386
27,2026-08-30,S5,BLR,0.898,6,13,19,2394,756
27,2026-08-30,S5,HYD,0.937,13,0,13,1638,1638
27,2026-08-30,S5,PUN,0.934,4,6,10,1260,504
28,2026-08-31,S1,DEL,0.93,19,235,254,43688,3268
28,2026-08-31,S1,MUM,0.937,33,173,206,35432,5676
28,2026-08-31,S1,BLR,0.923,20,169,189,32508,3440
28,2026-08-31,S1,HYD,0.908,21,87,108,18576,3612
28,2026-08-31,S1,PUN,0.919,11,61,72,12384,1892
28,2026-08-31,S2,DEL,0.905,31,40,71,19809,8649
28,2026-08-31,S2,MUM,0.932,19,55,74,20646,5301
28,2026-08-31,S2,BLR,0.964,10,49,59,16461,2790
28,2026-08-31,S2,HYD,0.918,12,27,39,10881,3348
28,2026-08-31,S2,PUN,0.914,3,20,23,6417,837
28,2026-08-31,S3,DEL,0.942,36,176,212,31588,5364
28,2026-08-31,S3,MUM,0.939,23,111,134,19966,3427
28,2026-08-31,S3,BLR,0.933,21,123,144,21456,3129
28,2026-08-31,S3,HYD,0.907,7,68,75,11175,1043
28,2026-08-31,S3,PUN,0.929,11,42,53,7897,1639
28,2026-08-31,S4,DEL,0.947,14,38,52,22048,5936
28,2026-08-31,S4,MUM,0.896,10,30,40,16960,4240
28,2026-08-31,S4,BLR,0.919,19,16,35,14840,8056
28,2026-08-31,S4,HYD,0.882,7,13,20,8480,2968
28,2026-08-31,S4,PUN,0.78,6,3,9,3816,2544
28,2026-08-31,S5,DEL,0.884,13,4,17,2142,1638
28,2026-08-31,S5,MUM,0.924,14,7,21,2646,1764
28,2026-08-31,S5,BLR,0.898,11,7,18,2268,1386
28,2026-08-31,S5,HYD,0.937,16,0,16,2016,2016
28,2026-08-31,S5,PUN,0.934,1,5,6,756,126
29,2026-09-01,S1,DEL,0.93,25,271,296,50912,4300
29,2026-09-01,S1,MUM,0.937,28,203,231,39732,4816
29,2026-09-01,S1,BLR,0.923,26,149,175,30100,4472
29,2026-09-01,S1,HYD,0.908,15,107,122,20984,2580
29,2026-09-01,S1,PUN,0.919,7,49,56,9632,1204
29,2026-09-01,S2,DEL,0.905,25,67,92,25668,6975
29,2026-09-01,S2,MUM,0.932,19,57,76,21204,5301
29,2026-09-01,S2,BLR,0.964,11,57,68,18972,3069
29,2026-09-01,S2,HYD,0.918,15,17,32,8928,4185
29,2026-09-01,S2,PUN,0.914,6,20,26,7254,1674
29,2026-09-01,S3,DEL,0.942,41,191,232,34568,6109
29,2026-09-01,S3,MUM,0.939,23,139,162,24138,3427
29,2026-09-01,S3,BLR,0.933,15,138,153,22797,2235
29,2026-09-01,S3,HYD,0.907,10,68,78,11622,1490
29,2026-09-01,S3,PUN,0.929,17,41,58,8642,2533
29,2026-09-01,S4,DEL,0.947,14,29,43,18232,5936
29,2026-09-01,S4,MUM,0.896,11,17,28,11872,4664
29,2026-09-01,S4,BLR,0.919,20,18,38,16112,8480
29,2026-09-01,S4,HYD,0.882,4,10,14,5936,1696
29,2026-09-01,S4,PUN,0.78,7,14,21,8904,2968
29,2026-09-01,S5,DEL,0.884,13,8,21,2646,1638
29,2026-09-01,S5,MUM,0.924,15,1,16,2016,1890
29,2026-09-01,S5,BLR,0.898,4,12,16,2016,504
29,2026-09-01,S5,HYD,0.937,10,0,10,1260,1260
29,2026-09-01,S5,PUN,0.934,0,10,10,1260,0
30,2026-09-02,S1,DEL,0.93,23,260,283,48676,3956
30,2026-09-02,S1,MUM,0.937,33,166,199,34228,5676
30,2026-09-02,S1,BLR,0.923,35,161,196,33712,6020
30,2026-09-02,S1,HYD,0.908,13,90,103,17716,2236
30,2026-09-02,S1,PUN,0.919,19,80,99,17028,3268
30,2026-09-02,S2,DEL,0.905,38,57,95,26505,10602
30,2026-09-02,S2,MUM,0.932,19,46,65,18135,5301
30,2026-09-02,S2,BLR,0.964,14,46,60,16740,3906
30,2026-09-02,S2,HYD,0.918,15,20,35,9765,4185
30,2026-09-02,S2,PUN,0.914,4,27,31,8649,1116
30,2026-09-02,S3,DEL,0.942,39,184,223,33227,5811
30,2026-09-02,S3,MUM,0.939,21,134,155,23095,3129
30,2026-09-02,S3,BLR,0.933,22,122,144,21456,3278
30,2026-09-02,S3,HYD,0.907,8,67,75,11175,1192
30,2026-09-02,S3,PUN,0.929,8,41,49,7301,1192
30,2026-09-02,S4,DEL,0.947,18,29,47,19928,7632
30,2026-09-02,S4,MUM,0.896,8,20,28,11872,3392
30,2026-09-02,S4,BLR,0.919,22,19,41,17384,9328
30,2026-09-02,S4,HYD,0.882,3,10,13,5512,1272
30,2026-09-02,S4,PUN,0.78,8,3,11,4664,3392
30,2026-09-02,S5,DEL,0.884,19,2,21,2646,2394
30,2026-09-02,S5,MUM,0.924,24,0,24,3024,3024
30,2026-09-02,S5,BLR,0.898,7,10,17,2142,882
30,2026-09-02,S5,HYD,0.937,12,0,12,1512,1512
30,2026-09-02,S5,PUN,0.934,4,3,7,882,504
31,2026-09-03,S1,DEL,0.93,18,253,271,46612,3096
31,2026-09-03,S1,MUM,0.937,46,201,247,42484,7912
31,2026-09-03,S1,BLR,0.923,33,140,173,29756,5676
31,2026-09-03,S1,HYD,0.908,18,89,107,18404,3096
31,2026-09-03,S1,PUN,0.919,10,74,84,14448,1720
31,2026-09-03,S2,DEL,0.905,20,70,90,25110,5580
31,2026-09-03,S2,MUM,0.932,8,39,47,13113,2232
31,2026-09-03,S2,BLR,0.964,15,56,71,19809,4185
31,2026-09-03,S2,HYD,0.918,10,25,35,9765,2790
31,2026-09-03,S2,PUN,0.914,7,19,26,7254,1953
31,2026-09-03,S3,DEL,0.942,35,177,212,31588,5215
31,2026-09-03,S3,MUM,0.939,29,146,175,26075,4321
31,2026-09-03,S3,BLR,0.933,18,137,155,23095,2682
31,2026-09-03,S3,HYD,0.907,13,85,98,14602,1937
31,2026-09-03,S3,PUN,0.929,8,55,63,9387,1192
31,2026-09-03,S4,DEL,0.947,19,34,53,22472,8056
31,2026-09-03,S4,MUM,0.896,8,31,39,16536,3392
31,2026-09-03,S4,BLR,0.919,15,14,29,12296,6360
31,2026-09-03,S4,HYD,0.882,8,10,18,7632,3392
31,2026-09-03,S4,PUN,0.78,5,6,11,4664,2120
31,2026-09-03,S5,DEL,0.884,8,17,25,3150,1008
31,2026-09-03,S5,MUM,0.924,12,12,24,3024,1512
31,2026-09-03,S5,BLR,0.898,3,10,13,1638,378
31,2026-09-03,S5,HYD,0.937,8,2,10,1260,1008
31,2026-09-03,S5,PUN,0.934,2,8,10,1260,252
32,2026-09-04,S1,DEL,0.93,27,259,286,49192,4644
32,2026-09-04,S1,MUM,0.937,25,176,201,34572,4300
32,2026-09-04,S1,BLR,0.923,27,176,203,34916,4644
32,2026-09-04,S1,HYD,0.908,18,92,110,18920,3096
32,2026-09-04,S1,PUN,0.919,10,82,92,15824,1720
32,2026-09-04,S2,DEL,0.905,36,53,89,24831,10044
32,2026-09-04,S2,MUM,0.932,14,50,64,17856,3906
32,2026-09-04,S2,BLR,0.964,16,33,49,13671,4464
32,2026-09-04,S2,HYD,0.918,14,25,39,10881,3906
32,2026-09-04,S2,PUN,0.914,4,25,29,8091,1116
32,2026-09-04,S3,DEL,0.942,29,175,204,30396,4321
32,2026-09-04,S3,MUM,0.939,21,120,141,21009,3129
32,2026-09-04,S3,BLR,0.933,28,121,149,22201,4172
32,2026-09-04,S3,HYD,0.907,10,63,73,10877,1490
32,2026-09-04,S3,PUN,0.929,11,56,67,9983,1639
32,2026-09-04,S4,DEL,0.947,17,40,57,24168,7208
32,2026-09-04,S4,MUM,0.896,12,35,47,19928,5088
32,2026-09-04,S4,BLR,0.919,16,25,41,17384,6784
32,2026-09-04,S4,HYD,0.882,9,17,26,11024,3816
32,2026-09-04,S4,PUN,0.78,7,4,11,4664,2968
32,2026-09-04,S5,DEL,0.884,13,3,16,2016,1638
32,2026-09-04,S5,MUM,0.924,15,11,26,3276,1890
32,2026-09-04,S5,BLR,0.898,4,14,18,2268,504
32,2026-09-04,S5,HYD,0.937,12,0,12,1512,1512
32,2026-09-04,S5,PUN,0.934,3,3,6,756,378
33,2026-09-05,S1,DEL,0.93,18,300,318,54696,3096
33,2026-09-05,S1,MUM,0.937,36,218,254,43688,6192
33,2026-09-05,S1,BLR,0.923,27,195,222,38184,4644
33,2026-09-05,S1,HYD,0.908,15,104,119,20468,2580
33,2026-09-05,S1,PUN,0.919,10,79,89,15308,1720
33,2026-09-05,S2,DEL,0.905,38,65,103,28737,10602
33,2026-09-05,S2,MUM,0.932,20,56,76,21204,5580
33,2026-09-05,S2,BLR,0.964,14,60,74,20646,3906
33,2026-09-05,S2,HYD,0.918,22,24,46,12834,6138
33,2026-09-05,S2,PUN,0.914,8,11,19,5301,2232
33,2026-09-05,S3,DEL,0.942,51,179,230,34270,7599
33,2026-09-05,S3,MUM,0.939,29,131,160,23840,4321
33,2026-09-05,S3,BLR,0.933,20,145,165,24585,2980
33,2026-09-05,S3,HYD,0.907,9,78,87,12963,1341
33,2026-09-05,S3,PUN,0.929,21,49,70,10430,3129
33,2026-09-05,S4,DEL,0.947,28,19,47,19928,11872
33,2026-09-05,S4,MUM,0.896,11,31,42,17808,4664
33,2026-09-05,S4,BLR,0.919,20,9,29,12296,8480
33,2026-09-05,S4,HYD,0.882,4,16,20,8480,1696
33,2026-09-05,S4,PUN,0.78,2,7,9,3816,848
33,2026-09-05,S5,DEL,0.884,14,5,19,2394,1764
33,2026-09-05,S5,MUM,0.924,18,10,28,3528,2268
33,2026-09-05,S5,BLR,0.898,4,12,16,2016,504
33,2026-09-05,S5,HYD,0.937,14,3,17,2142,1764
33,2026-09-05,S5,PUN,0.934,1,3,4,504,126
34,2026-09-06,S1,DEL,0.93,15,289,304,52288,2580
34,2026-09-06,S1,MUM,0.937,38,202,240,41280,6536
34,2026-09-06,S1,BLR,0.923,32,184,216,37152,5504
34,2026-09-06,S1,HYD,0.908,16,102,118,20296,2752
34,2026-09-06,S1,PUN,0.919,11,71,82,14104,1892
34,2026-09-06,S2,DEL,0.905,33,56,89,24831,9207
34,2026-09-06,S2,MUM,0.932,14,49,63,17577,3906
34,2026-09-06,S2,BLR,0.964,22,33,55,15345,6138
34,2026-09-06,S2,HYD,0.918,17,21,38,10602,4743
34,2026-09-06,S2,PUN,0.914,7,21,28,7812,1953
34,2026-09-06,S3,DEL,0.942,48,146,194,28906,7152
34,2026-09-06,S3,MUM,0.939,23,144,167,24883,3427
34,2026-09-06,S3,BLR,0.933,21,139,160,23840,3129
34,2026-09-06,S3,HYD,0.907,8,85,93,13857,1192
34,2026-09-06,S3,PUN,0.929,13,53,66,9834,1937
34,2026-09-06,S4,DEL,0.947,10,36,46,19504,4240
34,2026-09-06,S4,MUM,0.896,13,18,31,13144,5512
34,2026-09-06,S4,BLR,0.919,25,26,51,21624,10600
34,2026-09-06,S4,HYD,0.882,5,18,23,9752,2120
34,2026-09-06,S4,PUN,0.78,4,8,12,5088,1696
34,2026-09-06,S5,DEL,0.884,10,12,22,2772,1260
34,2026-09-06,S5,MUM,0.924,10,15,25,3150,1260
34,2026-09-06,S5,BLR,0.898,13,8,21,2646,1638
34,2026-09-06,S5,HYD,0.937,12,0,12,1512,1512
34,2026-09-06,S5,PUN,0.934,3,9,12,1512,378
35,2026-09-07,S1,DEL,0.93,35,251,286,49192,6020
35,2026-09-07,S1,MUM,0.937,28,185,213,36636,4816
35,2026-09-07,S1,BLR,0.923,24,187,211,36292,4128
35,2026-09-07,S1,HYD,0.908,14,106,120,20640,2408
35,2026-09-07,S1,PUN,0.919,15,55,70,12040,2580
35,2026-09-07,S2,DEL,0.905,16,61,77,21483,4464
35,2026-09-07,S2,MUM,0.932,15,47,62,17298,4185
35,2026-09-07,S2,BLR,0.964,21,38,59,16461,5859
35,2026-09-07,S2,HYD,0.918,17,13,30,8370,4743
35,2026-09-07,S2,PUN,0.914,4,22,26,7254,1116
35,2026-09-07,S3,DEL,0.942,28,193,221,32929,4172
35,2026-09-07,S3,MUM,0.939,31,110,141,21009,4619
35,2026-09-07,S3,BLR,0.933,29,114,143,21307,4321
35,2026-09-07,S3,HYD,0.907,14,58,72,10728,2086
35,2026-09-07,S3,PUN,0.929,22,44,66,9834,3278
35,2026-09-07,S4,DEL,0.947,18,34,52,22048,7632
35,2026-09-07,S4,MUM,0.896,10,30,40,16960,4240
35,2026-09-07,S4,BLR,0.919,7,27,34,14416,2968
35,2026-09-07,S4,HYD,0.882,8,12,20,8480,3392
35,2026-09-07,S4,PUN,0.78,6,2,8,3392,2544
35,2026-09-07,S5,DEL,0.884,8,15,23,2898,1008
35,2026-09-07,S5,MUM,0.924,16,3,19,2394,2016
35,2026-09-07,S5,BLR,0.898,8,9,17,2142,1008
35,2026-09-07,S5,HYD,0.937,14,0,14,1764,1764
35,2026-09-07,S5,PUN,0.934,2,3,5,630,252
36,2026-09-08,S1,DEL,0.93,29,259,288,49536,4988
36,2026-09-08,S1,MUM,0.937,26,172,198,34056,4472
36,2026-09-08,S1,BLR,0.923,21,185,206,35432,3612
36,2026-09-08,S1,HYD,0.908,13,84,97,16684,2236
36,2026-09-08,S1,PUN,0.919,10,73,83,14276,1720
36,2026-09-08,S2,DEL,0.905,27,73,100,27900,7533
36,2026-09-08,S2,MUM,0.932,30,54,84,23436,8370
36,2026-09-08,S2,BLR,0.964,17,47,64,17856,4743
36,2026-09-08,S2,HYD,0.918,16,27,43,11997,4464
36,2026-09-08,S2,PUN,0.914,2,23,25,6975,558
36,2026-09-08,S3,DEL,0.942,30,194,224,33376,4470
36,2026-09-08,S3,MUM,0.939,27,113,140,20860,4023
36,2026-09-08,S3,BLR,0.933,21,128,149,22201,3129
36,2026-09-08,S3,HYD,0.907,17,37,54,8046,2533
36,2026-09-08,S3,PUN,0.929,16,62,78,11622,2384
36,2026-09-08,S4,DEL,0.947,36,15,51,21624,15264
36,2026-09-08,S4,MUM,0.896,4,30,34,14416,1696
36,2026-09-08,S4,BLR,0.919,6,43,49,20776,2544
36,2026-09-08,S4,HYD,0.882,4,18,22,9328,1696
36,2026-09-08,S4,PUN,0.78,4,13,17,7208,1696
36,2026-09-08,S5,DEL,0.884,13,5,18,2268,1638
36,2026-09-08,S5,MUM,0.924,14,4,18,2268,1764
36,2026-09-08,S5,BLR,0.898,12,5,17,2142,1512
36,2026-09-08,S5,HYD,0.937,11,6,17,2142,1386
36,2026-09-08,S5,PUN,0.934,2,5,7,882,252
37,2026-09-09,S1,DEL,0.93,27,254,281,48332,4644
37,2026-09-09,S1,MUM,0.937,27,188,215,36980,4644
37,2026-09-09,S1,BLR,0.923,20,187,207,35604,3440
37,2026-09-09,S1,HYD,0.908,15,118,133,22876,2580
37,2026-09-09,S1,PUN,0.919,12,62,74,12728,2064
37,2026-09-09,S2,DEL,0.905,13,68,81,22599,3627
37,2026-09-09,S2,MUM,0.932,18,45,63,17577,5022
37,2026-09-09,S2,BLR,0.964,20,41,61,17019,5580
37,2026-09-09,S2,HYD,0.918,10,21,31,8649,2790
37,2026-09-09,S2,PUN,0.914,3,17,20,5580,837
37,2026-09-09,S3,DEL,0.942,35,164,199,29651,5215
37,2026-09-09,S3,MUM,0.939,24,142,166,24734,3576
37,2026-09-09,S3,BLR,0.933,11,105,116,17284,1639
37,2026-09-09,S3,HYD,0.907,9,69,78,11622,1341
37,2026-09-09,S3,PUN,0.929,15,37,52,7748,2235
37,2026-09-09,S4,DEL,0.947,19,36,55,23320,8056
37,2026-09-09,S4,MUM,0.896,17,17,34,14416,7208
37,2026-09-09,S4,BLR,0.919,7,20,27,11448,2968
37,2026-09-09,S4,HYD,0.882,3,13,16,6784,1272
37,2026-09-09,S4,PUN,0.78,5,9,14,5936,2120
37,2026-09-09,S5,DEL,0.884,11,12,23,2898,1386
37,2026-09-09,S5,MUM,0.924,16,8,24,3024,2016
37,2026-09-09,S5,BLR,0.898,12,11,23,2898,1512
37,2026-09-09,S5,HYD,0.937,16,0,16,2016,2016
37,2026-09-09,S5,PUN,0.934,4,2,6,756,504
38,2026-09-10,S1,DEL,0.93,34,265,299,51428,5848
38,2026-09-10,S1,MUM,0.937,29,195,224,38528,4988
38,2026-09-10,S1,BLR,0.923,24,206,230,39560,4128
38,2026-09-10,S1,HYD,0.908,16,115,131,22532,2752
38,2026-09-10,S1,PUN,0.919,14,88,102,17544,2408
38,2026-09-10,S2,DEL,0.905,20,80,100,27900,5580
38,2026-09-10,S2,MUM,0.932,17,33,50,13950,4743
38,2026-09-10,S2,BLR,0.964,16,57,73,20367,4464
38,2026-09-10,S2,HYD,0.918,11,32,43,11997,3069
38,2026-09-10,S2,PUN,0.914,1,19,20,5580,279
38,2026-09-10,S3,DEL,0.942,21,147,168,25032,3129
38,2026-09-10,S3,MUM,0.939,37,154,191,28459,5513
38,2026-09-10,S3,BLR,0.933,18,115,133,19817,2682
38,2026-09-10,S3,HYD,0.907,5,82,87,12963,745
38,2026-09-10,S3,PUN,0.929,14,40,54,8046,2086
38,2026-09-10,S4,DEL,0.947,22,26,48,20352,9328
38,2026-09-10,S4,MUM,0.896,12,19,31,13144,5088
38,2026-09-10,S4,BLR,0.919,12,21,33,13992,5088
38,2026-09-10,S4,HYD,0.882,5,11,16,6784,2120
38,2026-09-10,S4,PUN,0.78,3,11,14,5936,1272
38,2026-09-10,S5,DEL,0.884,14,12,26,3276,1764
38,2026-09-10,S5,MUM,0.924,17,6,23,2898,2142
38,2026-09-10,S5,BLR,0.898,12,3,15,1890,1512
38,2026-09-10,S5,HYD,0.937,5,7,12,1512,630
38,2026-09-10,S5,PUN,0.934,1,4,5,630,126
39,2026-09-11,S1,DEL,0.93,35,274,309,53148,6020
39,2026-09-11,S1,MUM,0.937,36,174,210,36120,6192
39,2026-09-11,S1,BLR,0.923,28,159,187,32164,4816
39,2026-09-11,S1,HYD,0.908,12,99,111,19092,2064
39,2026-09-11,S1,PUN,0.919,13,63,76,13072,2236
39,2026-09-11,S2,DEL,0.905,22,50,72,20088,6138
39,2026-09-11,S2,MUM,0.932,21,50,71,19809,5859
39,2026-09-11,S2,BLR,0.964,17,46,63,17577,4743
39,2026-09-11,S2,HYD,0.918,15,23,38,10602,4185
39,2026-09-11,S2,PUN,0.914,4,26,30,8370,1116
39,2026-09-11,S3,DEL,0.942,36,191,227,33823,5364
39,2026-09-11,S3,MUM,0.939,32,97,129,19221,4768
39,2026-09-11,S3,BLR,0.933,31,101,132,19668,4619
39,2026-09-11,S3,HYD,0.907,11,68,79,11771,1639
39,2026-09-11,S3,PUN,0.929,18,52,70,10430,2682
39,2026-09-11,S4,DEL,0.947,34,30,64,27136,14416
39,2026-09-11,S4,MUM,0.896,13,18,31,13144,5512
39,2026-09-11,S4,BLR,0.919,12,34,46,19504,5088
39,2026-09-11,S4,HYD,0.882,3,20,23,9752,1272
39,2026-09-11,S4,PUN,0.78,7,5,12,5088,2968
39,2026-09-11,S5,DEL,0.884,10,12,22,2772,1260
39,2026-09-11,S5,MUM,0.924,13,5,18,2268,1638
39,2026-09-11,S5,BLR,0.898,9,10,19,2394,1134
39,2026-09-11,S5,HYD,0.937,21,0,21,2646,2646
39,2026-09-11,S5,PUN,0.934,0,7,7,882,0
40,2026-09-12,S1,DEL,0.93,23,274,297,51084,3956
40,2026-09-12,S1,MUM,0.937,30,227,257,44204,5160
40,2026-09-12,S1,BLR,0.923,31,173,204,35088,5332
40,2026-09-12,S1,HYD,0.908,15,102,117,20124,2580
40,2026-09-12,S1,PUN,0.919,11,90,101,17372,1892
40,2026-09-12,S2,DEL,0.905,20,66,86,23994,5580
40,2026-09-12,S2,MUM,0.932,24,42,66,18414,6696
40,2026-09-12,S2,BLR,0.964,27,48,75,20925,7533
40,2026-09-12,S2,HYD,0.918,10,30,40,11160,2790
40,2026-09-12,S2,PUN,0.914,6,21,27,7533,1674
40,2026-09-12,S3,DEL,0.942,32,182,214,31886,4768
40,2026-09-12,S3,MUM,0.939,28,132,160,23840,4172
40,2026-09-12,S3,BLR,0.933,24,128,152,22648,3576
40,2026-09-12,S3,HYD,0.907,8,75,83,12367,1192
40,2026-09-12,S3,PUN,0.929,11,45,56,8344,1639
40,2026-09-12,S4,DEL,0.947,30,35,65,27560,12720
40,2026-09-12,S4,MUM,0.896,9,26,35,14840,3816
40,2026-09-12,S4,BLR,0.919,13,26,39,16536,5512
40,2026-09-12,S4,HYD,0.882,10,6,16,6784,4240
40,2026-09-12,S4,PUN,0.78,10,10,20,8480,4240
40,2026-09-12,S5,DEL,0.884,19,2,21,2646,2394
40,2026-09-12,S5,MUM,0.924,12,11,23,2898,1512
40,2026-09-12,S5,BLR,0.898,10,13,23,2898,1260
40,2026-09-12,S5,HYD,0.937,13,0,13,1638,1638
40,2026-09-12,S5,PUN,0.934,1,5,6,756,126
41,2026-09-13,S1,DEL,0.93,41,292,333,57276,7052
41,2026-09-13,S1,MUM,0.937,27,208,235,40420,4644
41,2026-09-13,S1,BLR,0.923,35,191,226,38872,6020
41,2026-09-13,S1,HYD,0.908,15,146,161,27692,2580
41,2026-09-13,S1,PUN,0.919,9,75,84,14448,1548
41,2026-09-13,S2,DEL,0.905,31,65,96,26784,8649
41,2026-09-13,S2,MUM,0.932,28,54,82,22878,7812
41,2026-09-13,S2,BLR,0.964,15,36,51,14229,4185
41,2026-09-13,S2,HYD,0.918,6,39,45,12555,1674
41,2026-09-13,S2,PUN,0.914,7,15,22,6138,1953
41,2026-09-13,S3,DEL,0.942,49,171,220,32780,7301
41,2026-09-13,S3,MUM,0.939,41,129,170,25330,6109
41,2026-09-13,S3,BLR,0.933,18,149,167,24883,2682
41,2026-09-13,S3,HYD,0.907,12,76,88,13112,1788
41,2026-09-13,S3,PUN,0.929,9,59,68,10132,1341
41,2026-09-13,S4,DEL,0.947,29,30,59,25016,12296
41,2026-09-13,S4,MUM,0.896,12,29,41,17384,5088
41,2026-09-13,S4,BLR,0.919,12,31,43,18232,5088
41,2026-09-13,S4,HYD,0.882,8,14,22,9328,3392
41,2026-09-13,S4,PUN,0.78,10,3,13,5512,4240
41,2026-09-13,S5,DEL,0.884,14,4,18,2268,1764
41,2026-09-13,S5,MUM,0.924,15,6,21,2646,1890
41,2026-09-13,S5,BLR,0.898,10,12,22,2772,1260
41,2026-09-13,S5,HYD,0.937,13,0,13,1638,1638
41,2026-09-13,S5,PUN,0.934,1,8,9,1134,126
42,2026-09-14,S1,DEL,0.93,39,295,334,57448,6708
42,2026-09-14,S1,MUM,0.937,24,205,229,39388,4128
42,2026-09-14,S1,BLR,0.923,35,178,213,36636,6020
42,2026-09-14,S1,HYD,0.908,11,92,103,17716,1892
42,2026-09-14,S1,PUN,0.919,9,74,83,14276,1548
42,2026-09-14,S2,DEL,0.905,32,60,92,25668,8928
42,2026-09-14,S2,MUM,0.932,21,59,80,22320,5859
42,2026-09-14,S2,BLR,0.964,16,35,51,14229,4464
42,2026-09-14,S2,HYD,0.42,7,7,14,3906,1953
42,2026-09-14,S2,PUN,0.914,7,13,20,5580,1953
42,2026-09-14,S3,DEL,0.942,26,169,195,29055,3874
42,2026-09-14,S3,MUM,0.939,24,126,150,22350,3576
42,2026-09-14,S3,BLR,0.933,23,123,146,21754,3427
42,2026-09-14,S3,HYD,0.907,13,77,90,13410,1937
42,2026-09-14,S3,PUN,0.929,21,31,52,7748,3129
42,2026-09-14,S4,DEL,0.947,18,27,45,19080,7632
42,2026-09-14,S4,MUM,0.896,12,25,37,15688,5088
42,2026-09-14,S4,BLR,0.919,7,26,33,13992,2968
42,2026-09-14,S4,HYD,0.882,8,19,27,11448,3392
42,2026-09-14,S4,PUN,0.78,1,8,9,3816,424
42,2026-09-14,S5,DEL,0.884,19,13,32,4032,2394
42,2026-09-14,S5,MUM,0.924,9,8,17,2142,1134
42,2026-09-14,S5,BLR,0.898,7,11,18,2268,882
42,2026-09-14,S5,HYD,0.937,6,4,10,1260,756
42,2026-09-14,S5,PUN,0.934,4,5,9,1134,504
43,2026-09-15,S1,DEL,0.93,51,191,242,41624,8772
43,2026-09-15,S1,MUM,0.937,39,173,212,36464,6708
43,2026-09-15,S1,BLR,0.923,29,166,195,33540,4988
43,2026-09-15,S1,HYD,0.908,14,109,123,21156,2408
43,2026-09-15,S1,PUN,0.919,13,55,68,11696,2236
43,2026-09-15,S2,DEL,0.905,21,52,73,20367,5859
43,2026-09-15,S2,MUM,0.932,22,60,82,22878,6138
43,2026-09-15,S2,BLR,0.964,10,59,69,19251,2790
43,2026-09-15,S2,HYD,0.42,4,6,10,2790,1116
43,2026-09-15,S2,PUN,0.914,7,22,29,8091,1953
43,2026-09-15,S3,DEL,0.942,36,146,182,27118,5364
43,2026-09-15,S3,MUM,0.939,23,160,183,27267,3427
43,2026-09-15,S3,BLR,0.933,17,132,149,22201,2533
43,2026-09-15,S3,HYD,0.907,4,53,57,8493,596
43,2026-09-15,S3,PUN,0.929,13,52,65,9685,1937
43,2026-09-15,S4,DEL,0.947,7,34,41,17384,2968
43,2026-09-15,S4,MUM,0.896,12,15,27,11448,5088
43,2026-09-15,S4,BLR,0.919,8,28,36,15264,3392
43,2026-09-15,S4,HYD,0.882,9,7,16,6784,3816
43,2026-09-15,S4,PUN,0.78,0,10,10,4240,0
43,2026-09-15,S5,DEL,0.884,15,8,23,2898,1890
43,2026-09-15,S5,MUM,0.924,11,11,22,2772,1386
43,2026-09-15,S5,BLR,0.898,14,4,18,2268,1764
43,2026-09-15,S5,HYD,0.937,12,5,17,2142,1512
43,2026-09-15,S5,PUN,0.934,1,1,2,252,126
44,2026-09-16,S1,DEL,0.93,42,269,311,53492,7224
44,2026-09-16,S1,MUM,0.937,30,176,206,35432,5160
44,2026-09-16,S1,BLR,0.923,28,170,198,34056,4816
44,2026-09-16,S1,HYD,0.908,21,108,129,22188,3612
44,2026-09-16,S1,PUN,0.919,17,44,61,10492,2924
44,2026-09-16,S2,DEL,0.905,25,49,74,20646,6975
44,2026-09-16,S2,MUM,0.932,19,48,67,18693,5301
44,2026-09-16,S2,BLR,0.964,8,62,70,19530,2232
44,2026-09-16,S2,HYD,0.42,7,5,12,3348,1953
44,2026-09-16,S2,PUN,0.914,5,24,29,8091,1395
44,2026-09-16,S3,DEL,0.942,33,172,205,30545,4917
44,2026-09-16,S3,MUM,0.939,21,131,152,22648,3129
44,2026-09-16,S3,BLR,0.933,25,132,157,23393,3725
44,2026-09-16,S3,HYD,0.907,10,70,80,11920,1490
44,2026-09-16,S3,PUN,0.929,19,51,70,10430,2831
44,2026-09-16,S4,DEL,0.947,23,35,58,24592,9752
44,2026-09-16,S4,MUM,0.896,6,23,29,12296,2544
44,2026-09-16,S4,BLR,0.919,12,25,37,15688,5088
44,2026-09-16,S4,HYD,0.882,5,15,20,8480,2120
44,2026-09-16,S4,PUN,0.78,3,15,18,7632,1272
44,2026-09-16,S5,DEL,0.884,6,12,18,2268,756
44,2026-09-16,S5,MUM,0.924,11,9,20,2520,1386
44,2026-09-16,S5,BLR,0.898,12,9,21,2646,1512
44,2026-09-16,S5,HYD,0.937,8,1,9,1134,1008
44,2026-09-16,S5,PUN,0.934,2,2,4,504,252
45,2026-09-17,S1,DEL,0.93,39,200,239,41108,6708
45,2026-09-17,S1,MUM,0.937,30,208,238,40936,5160
45,2026-09-17,S1,BLR,0.923,34,156,190,32680,5848
45,2026-09-17,S1,HYD,0.908,19,108,127,21844,3268
45,2026-09-17,S1,PUN,0.919,13,72,85,14620,2236
45,2026-09-17,S2,DEL,0.905,21,70,91,25389,5859
45,2026-09-17,S2,MUM,0.932,16,41,57,15903,4464
45,2026-09-17,S2,BLR,0.964,21,52,73,20367,5859
45,2026-09-17,S2,HYD,0.42,6,13,19,5301,1674
45,2026-09-17,S2,PUN,0.914,11,13,24,6696,3069
45,2026-09-17,S3,DEL,0.942,26,197,223,33227,3874
45,2026-09-17,S3,MUM,0.939,28,157,185,27565,4172
45,2026-09-17,S3,BLR,0.933,28,141,169,25181,4172
45,2026-09-17,S3,HYD,0.907,15,65,80,11920,2235
45,2026-09-17,S3,PUN,0.929,13,48,61,9089,1937
45,2026-09-17,S4,DEL,0.947,24,29,53,22472,10176
45,2026-09-17,S4,MUM,0.896,14,19,33,13992,5936
45,2026-09-17,S4,BLR,0.919,2,29,31,13144,848
45,2026-09-17,S4,HYD,0.882,8,14,22,9328,3392
45,2026-09-17,S4,PUN,0.78,2,19,21,8904,848
45,2026-09-17,S5,DEL,0.884,19,0,19,2394,2394
45,2026-09-17,S5,MUM,0.924,10,8,18,2268,1260
45,2026-09-17,S5,BLR,0.898,11,7,18,2268,1386
45,2026-09-17,S5,HYD,0.937,12,0,12,1512,1512
45,2026-09-17,S5,PUN,0.934,0,11,11,1386,0
46,2026-09-18,S1,DEL,0.93,43,233,276,47472,7396
46,2026-09-18,S1,MUM,0.937,33,153,186,31992,5676
46,2026-09-18,S1,BLR,0.923,26,187,213,36636,4472
46,2026-09-18,S1,HYD,0.908,15,99,114,19608,2580
46,2026-09-18,S1,PUN,0.919,11,68,79,13588,1892
46,2026-09-18,S2,DEL,0.905,36,42,78,21762,10044
46,2026-09-18,S2,MUM,0.932,21,43,64,17856,5859
46,2026-09-18,S2,BLR,0.964,19,45,64,17856,5301
46,2026-09-18,S2,HYD,0.42,7,6,13,3627,1953
46,2026-09-18,S2,PUN,0.914,5,15,20,5580,1395
46,2026-09-18,S3,DEL,0.942,25,159,184,27416,3725
46,2026-09-18,S3,MUM,0.939,36,92,128,19072,5364
46,2026-09-18,S3,BLR,0.933,18,89,107,15943,2682
46,2026-09-18,S3,HYD,0.907,8,77,85,12665,1192
46,2026-09-18,S3,PUN,0.929,16,31,47,7003,2384
46,2026-09-18,S4,DEL,0.947,24,23,47,19928,10176
46,2026-09-18,S4,MUM,0.896,16,20,36,15264,6784
46,2026-09-18,S4,BLR,0.919,6,38,44,18656,2544
46,2026-09-18,S4,HYD,0.882,8,11,19,8056,3392
46,2026-09-18,S4,PUN,0.78,6,11,17,7208,2544
46,2026-09-18,S5,DEL,0.884,12,13,25,3150,1512
46,2026-09-18,S5,MUM,0.924,11,9,20,2520,1386
46,2026-09-18,S5,BLR,0.898,9,1,10,1260,1134
46,2026-09-18,S5,HYD,0.937,11,4,15,1890,1386
46,2026-09-18,S5,PUN,0.934,1,9,10,1260,126
47,2026-09-19,S1,DEL,0.93,44,281,325,55900,7568
47,2026-09-19,S1,MUM,0.937,42,207,249,42828,7224
47,2026-09-19,S1,BLR,0.923,33,149,182,31304,5676
47,2026-09-19,S1,HYD,0.908,13,91,104,17888,2236
47,2026-09-19,S1,PUN,0.919,26,57,83,14276,4472
47,2026-09-19,S2,DEL,0.905,18,66,84,23436,5022
47,2026-09-19,S2,MUM,0.932,15,63,78,21762,4185
47,2026-09-19,S2,BLR,0.964,16,40,56,15624,4464
47,2026-09-19,S2,HYD,0.42,6,18,24,6696,1674
47,2026-09-19,S2,PUN,0.914,5,26,31,8649,1395
47,2026-09-19,S3,DEL,0.942,32,204,236,35164,4768
47,2026-09-19,S3,MUM,0.939,26,150,176,26224,3874
47,2026-09-19,S3,BLR,0.933,18,126,144,21456,2682
47,2026-09-19,S3,HYD,0.907,14,75,89,13261,2086
47,2026-09-19,S3,PUN,0.929,16,52,68,10132,2384
47,2026-09-19,S4,DEL,0.947,26,35,61,25864,11024
47,2026-09-19,S4,MUM,0.896,10,39,49,20776,4240
47,2026-09-19,S4,BLR,0.919,9,28,37,15688,3816
47,2026-09-19,S4,HYD,0.882,13,17,30,12720,5512
47,2026-09-19,S4,PUN,0.78,7,4,11,4664,2968
47,2026-09-19,S5,DEL,0.884,19,11,30,3780,2394
47,2026-09-19,S5,MUM,0.924,16,7,23,2898,2016
47,2026-09-19,S5,BLR,0.898,8,7,15,1890,1008
47,2026-09-19,S5,HYD,0.937,8,2,10,1260,1008
47,2026-09-19,S5,PUN,0.934,0,3,3,378,0
48,2026-09-20,S1,DEL,0.93,46,271,317,54524,7912
48,2026-09-20,S1,MUM,0.937,48,209,257,44204,8256
48,2026-09-20,S1,BLR,0.923,24,184,208,35776,4128
48,2026-09-20,S1,HYD,0.908,12,128,140,24080,2064
48,2026-09-20,S1,PUN,0.919,12,72,84,14448,2064
48,2026-09-20,S2,DEL,0.905,22,78,100,27900,6138
48,2026-09-20,S2,MUM,0.932,13,48,61,17019,3627
48,2026-09-20,S2,BLR,0.964,19,53,72,20088,5301
48,2026-09-20,S2,HYD,0.42,1,15,16,4464,279
48,2026-09-20,S2,PUN,0.914,5,19,24,6696,1395
48,2026-09-20,S3,DEL,0.942,36,207,243,36207,5364
48,2026-09-20,S3,MUM,0.939,32,147,179,26671,4768
48,2026-09-20,S3,BLR,0.933,21,133,154,22946,3129
48,2026-09-20,S3,HYD,0.907,11,97,108,16092,1639
48,2026-09-20,S3,PUN,0.929,17,48,65,9685,2533
48,2026-09-20,S4,DEL,0.947,21,39,60,25440,8904
48,2026-09-20,S4,MUM,0.896,13,23,36,15264,5512
48,2026-09-20,S4,BLR,0.919,9,23,32,13568,3816
48,2026-09-20,S4,HYD,0.882,9,15,24,10176,3816
48,2026-09-20,S4,PUN,0.78,4,7,11,4664,1696
48,2026-09-20,S5,DEL,0.884,17,2,19,2394,2142
48,2026-09-20,S5,MUM,0.924,11,9,20,2520,1386
48,2026-09-20,S5,BLR,0.898,7,6,13,1638,882
48,2026-09-20,S5,HYD,0.937,13,0,13,1638,1638
48,2026-09-20,S5,PUN,0.934,2,9,11,1386,252
49,2026-09-21,S1,DEL,0.93,35,274,309,53148,6020
49,2026-09-21,S1,MUM,0.937,38,173,211,36292,6536
49,2026-09-21,S1,BLR,0.923,44,184,228,39216,7568
49,2026-09-21,S1,HYD,0.908,12,89,101,17372,2064
49,2026-09-21,S1,PUN,0.919,14,53,67,11524,2408
49,2026-09-21,S2,DEL,0.905,29,56,85,23715,8091
49,2026-09-21,S2,MUM,0.932,6,55,61,17019,1674
49,2026-09-21,S2,BLR,0.964,13,49,62,17298,3627
49,2026-09-21,S2,HYD,0.918,12,30,42,11718,3348
49,2026-09-21,S2,PUN,0.914,3,14,17,4743,837
49,2026-09-21,S3,DEL,0.942,35,170,205,30545,5215
49,2026-09-21,S3,MUM,0.939,21,125,146,21754,3129
49,2026-09-21,S3,BLR,0.933,26,112,138,20562,3874
49,2026-09-21,S3,HYD,0.907,6,68,74,11026,894
49,2026-09-21,S3,PUN,0.929,18,33,51,7599,2682
49,2026-09-21,S4,DEL,0.947,15,35,50,21200,6360
49,2026-09-21,S4,MUM,0.896,8,29,37,15688,3392
49,2026-09-21,S4,BLR,0.919,12,16,28,11872,5088
49,2026-09-21,S4,HYD,0.882,6,7,13,5512,2544
49,2026-09-21,S4,PUN,0.78,2,11,13,5512,848
49,2026-09-21,S5,DEL,0.884,9,26,35,4410,1134
49,2026-09-21,S5,MUM,0.924,8,14,22,2772,1008
49,2026-09-21,S5,BLR,0.898,9,9,18,2268,1134
49,2026-09-21,S5,HYD,0.937,6,7,13,1638,756
49,2026-09-21,S5,PUN,0.934,1,6,7,882,126
50,2026-09-22,S1,DEL,0.93,47,220,267,45924,8084
50,2026-09-22,S1,MUM,0.937,25,164,189,32508,4300
50,2026-09-22,S1,BLR,0.923,35,176,211,36292,6020
50,2026-09-22,S1,HYD,0.908,17,82,99,17028,2924
50,2026-09-22,S1,PUN,0.919,15,64,79,13588,2580
50,2026-09-22,S2,DEL,0.905,26,39,65,18135,7254
50,2026-09-22,S2,MUM,0.932,11,49,60,16740,3069
50,2026-09-22,S2,BLR,0.964,15,67,82,22878,4185
50,2026-09-22,S2,HYD,0.918,14,36,50,13950,3906
50,2026-09-22,S2,PUN,0.914,8,18,26,7254,2232
50,2026-09-22,S3,DEL,0.942,29,133,162,24138,4321
50,2026-09-22,S3,MUM,0.939,21,153,174,25926,3129
50,2026-09-22,S3,BLR,0.933,15,125,140,20860,2235
50,2026-09-22,S3,HYD,0.907,13,55,68,10132,1937
50,2026-09-22,S3,PUN,0.929,8,37,45,6705,1192
50,2026-09-22,S4,DEL,0.947,29,19,48,20352,12296
50,2026-09-22,S4,MUM,0.896,9,25,34,14416,3816
50,2026-09-22,S4,BLR,0.919,12,31,43,18232,5088
50,2026-09-22,S4,HYD,0.882,5,15,20,8480,2120
50,2026-09-22,S4,PUN,0.78,3,12,15,6360,1272
50,2026-09-22,S5,DEL,0.884,8,15,23,2898,1008
50,2026-09-22,S5,MUM,0.924,7,12,19,2394,882
50,2026-09-22,S5,BLR,0.898,10,10,20,2520,1260
50,2026-09-22,S5,HYD,0.937,13,2,15,1890,1638
50,2026-09-22,S5,PUN,0.934,0,6,6,756,0
51,2026-09-23,S1,DEL,0.93,37,268,305,52460,6364
51,2026-09-23,S1,MUM,0.937,32,192,224,38528,5504
51,2026-09-23,S1,BLR,0.923,28,176,204,35088,4816
51,2026-09-23,S1,HYD,0.908,16,96,112,19264,2752
51,2026-09-23,S1,PUN,0.919,20,64,84,14448,3440
51,2026-09-23,S2,DEL,0.905,24,69,93,25947,6696
51,2026-09-23,S2,MUM,0.932,7,48,55,15345,1953
51,2026-09-23,S2,BLR,0.964,12,46,58,16182,3348
51,2026-09-23,S2,HYD,0.918,12,26,38,10602,3348
51,2026-09-23,S2,PUN,0.914,5,22,27,7533,1395
51,2026-09-23,S3,DEL,0.942,23,184,207,30843,3427
51,2026-09-23,S3,MUM,0.939,32,103,135,20115,4768
51,2026-09-23,S3,BLR,0.933,27,113,140,20860,4023
51,2026-09-23,S3,HYD,0.907,14,65,79,11771,2086
51,2026-09-23,S3,PUN,0.929,15,54,69,10281,2235
51,2026-09-23,S4,DEL,0.947,22,28,50,21200,9328
51,2026-09-23,S4,MUM,0.896,9,20,29,12296,3816
51,2026-09-23,S4,BLR,0.919,11,19,30,12720,4664
51,2026-09-23,S4,HYD,0.882,6,17,23,9752,2544
51,2026-09-23,S4,PUN,0.78,2,7,9,3816,848
51,2026-09-23,S5,DEL,0.884,2,16,18,2268,252
51,2026-09-23,S5,MUM,0.924,10,11,21,2646,1260
51,2026-09-23,S5,BLR,0.898,3,14,17,2142,378
51,2026-09-23,S5,HYD,0.937,5,9,14,1764,630
51,2026-09-23,S5,PUN,0.934,0,6,6,756,0
52,2026-09-24,S1,DEL,0.93,41,279,320,55040,7052
52,2026-09-24,S1,MUM,0.937,33,185,218,37496,5676
52,2026-09-24,S1,BLR,0.923,24,156,180,30960,4128
52,2026-09-24,S1,HYD,0.908,18,76,94,16168,3096
52,2026-09-24,S1,PUN,0.919,12,63,75,12900,2064
52,2026-09-24,S2,DEL,0.905,39,44,83,23157,10881
52,2026-09-24,S2,MUM,0.932,11,50,61,17019,3069
52,2026-09-24,S2,BLR,0.964,15,41,56,15624,4185
52,2026-09-24,S2,HYD,0.918,9,34,43,11997,2511
52,2026-09-24,S2,PUN,0.914,15,9,24,6696,4185
52,2026-09-24,S3,DEL,0.942,21,190,211,31439,3129
52,2026-09-24,S3,MUM,0.939,31,119,150,22350,4619
52,2026-09-24,S3,BLR,0.933,24,133,157,23393,3576
52,2026-09-24,S3,HYD,0.907,9,71,80,11920,1341
52,2026-09-24,S3,PUN,0.929,14,59,73,10877,2086
52,2026-09-24,S4,DEL,0.947,23,25,48,20352,9752
52,2026-09-24,S4,MUM,0.896,14,29,43,18232,5936
52,2026-09-24,S4,BLR,0.919,15,18,33,13992,6360
52,2026-09-24,S4,HYD,0.882,5,16,21,8904,2120
52,2026-09-24,S4,PUN,0.78,4,8,12,5088,1696
52,2026-09-24,S5,DEL,0.884,8,18,26,3276,1008
52,2026-09-24,S5,MUM,0.924,8,4,12,1512,1008
52,2026-09-24,S5,BLR,0.898,7,5,12,1512,882
52,2026-09-24,S5,HYD,0.937,13,0,13,1638,1638
52,2026-09-24,S5,PUN,0.934,3,0,3,378,378
53,2026-09-25,S1,DEL,0.93,46,216,262,45064,7912
53,2026-09-25,S1,MUM,0.937,26,168,194,33368,4472
53,2026-09-25,S1,BLR,0.923,39,143,182,31304,6708
53,2026-09-25,S1,HYD,0.908,21,110,131,22532,3612
53,2026-09-25,S1,PUN,0.919,16,73,89,15308,2752
53,2026-09-25,S2,DEL,0.905,29,60,89,24831,8091
53,2026-09-25,S2,MUM,0.932,11,44,55,15345,3069
53,2026-09-25,S2,BLR,0.964,8,38,46,12834,2232
53,2026-09-25,S2,HYD,0.918,9,28,37,10323,2511
53,2026-09-25,S2,PUN,0.914,5,24,29,8091,1395
53,2026-09-25,S3,DEL,0.942,36,165,201,29949,5364
53,2026-09-25,S3,MUM,0.939,29,125,154,22946,4321
53,2026-09-25,S3,BLR,0.933,21,130,151,22499,3129
53,2026-09-25,S3,HYD,0.907,8,59,67,9983,1192
53,2026-09-25,S3,PUN,0.929,16,34,50,7450,2384
53,2026-09-25,S4,DEL,0.947,25,36,61,25864,10600
53,2026-09-25,S4,MUM,0.896,19,13,32,13568,8056
53,2026-09-25,S4,BLR,0.919,11,15,26,11024,4664
53,2026-09-25,S4,HYD,0.882,6,15,21,8904,2544
53,2026-09-25,S4,PUN,0.78,7,5,12,5088,2968
53,2026-09-25,S5,DEL,0.884,6,19,25,3150,756
53,2026-09-25,S5,MUM,0.924,8,9,17,2142,1008
53,2026-09-25,S5,BLR,0.898,12,10,22,2772,1512
53,2026-09-25,S5,HYD,0.937,16,0,16,2016,2016
53,2026-09-25,S5,PUN,0.934,3,8,11,1386,378
54,2026-09-26,S1,DEL,0.93,45,299,344,59168,7740
54,2026-09-26,S1,MUM,0.937,35,196,231,39732,6020
54,2026-09-26,S1,BLR,0.923,27,159,186,31992,4644
54,2026-09-26,S1,HYD,0.908,17,100,117,20124,2924
54,2026-09-26,S1,PUN,0.919,14,69,83,14276,2408
54,2026-09-26,S2,DEL,0.905,46,64,110,30690,12834
54,2026-09-26,S2,MUM,0.932,11,49,60,16740,3069
54,2026-09-26,S2,BLR,0.964,10,39,49,13671,2790
54,2026-09-26,S2,HYD,0.918,6,33,39,10881,1674
54,2026-09-26,S2,PUN,0.914,8,22,30,8370,2232
54,2026-09-26,S3,DEL,0.942,35,226,261,38889,5215
54,2026-09-26,S3,MUM,0.939,29,153,182,27118,4321
54,2026-09-26,S3,BLR,0.933,30,126,156,23244,4470
54,2026-09-26,S3,HYD,0.907,10,56,66,9834,1490
54,2026-09-26,S3,PUN,0.929,17,63,80,11920,2533
54,2026-09-26,S4,DEL,0.947,16,28,44,18656,6784
54,2026-09-26,S4,MUM,0.896,8,39,47,19928,3392
54,2026-09-26,S4,BLR,0.919,12,27,39,16536,5088
54,2026-09-26,S4,HYD,0.882,10,9,19,8056,4240
54,2026-09-26,S4,PUN,0.78,1,14,15,6360,424
54,2026-09-26,S5,DEL,0.884,10,23,33,4158,1260
54,2026-09-26,S5,MUM,0.924,14,8,22,2772,1764
54,2026-09-26,S5,BLR,0.898,5,11,16,2016,630
54,2026-09-26,S5,HYD,0.937,8,2,10,1260,1008
54,2026-09-26,S5,PUN,0.934,4,4,8,1008,504
55,2026-09-27,S1,DEL,0.93,53,269,322,55384,9116
55,2026-09-27,S1,MUM,0.937,30,215,245,42140,5160
55,2026-09-27,S1,BLR,0.923,37,174,211,36292,6364
55,2026-09-27,S1,HYD,0.908,17,101,118,20296,2924
55,2026-09-27,S1,PUN,0.919,13,76,89,15308,2236
55,2026-09-27,S2,DEL,0.905,39,68,107,29853,10881
55,2026-09-27,S2,MUM,0.932,5,73,78,21762,1395
55,2026-09-27,S2,BLR,0.964,15,50,65,18135,4185
55,2026-09-27,S2,HYD,0.918,10,29,39,10881,2790
55,2026-09-27,S2,PUN,0.914,8,10,18,5022,2232
55,2026-09-27,S3,DEL,0.942,33,220,253,37697,4917
55,2026-09-27,S3,MUM,0.939,16,155,171,25479,2384
55,2026-09-27,S3,BLR,0.933,32,121,153,22797,4768
55,2026-09-27,S3,HYD,0.907,11,101,112,16688,1639
55,2026-09-27,S3,PUN,0.929,19,42,61,9089,2831
55,2026-09-27,S4,DEL,0.947,19,42,61,25864,8056
55,2026-09-27,S4,MUM,0.896,21,19,40,16960,8904
55,2026-09-27,S4,BLR,0.919,14,21,35,14840,5936
55,2026-09-27,S4,HYD,0.882,9,12,21,8904,3816
55,2026-09-27,S4,PUN,0.78,4,3,7,2968,1696
55,2026-09-27,S5,DEL,0.884,13,18,31,3906,1638
55,2026-09-27,S5,MUM,0.924,9,17,26,3276,1134
55,2026-09-27,S5,BLR,0.898,9,18,27,3402,1134
55,2026-09-27,S5,HYD,0.937,14,1,15,1890,1764
55,2026-09-27,S5,PUN,0.934,1,8,9,1134,126
56,2026-09-28,S1,DEL,0.93,39,211,250,43000,6708
56,2026-09-28,S1,MUM,0.937,23,203,226,38872,3956
56,2026-09-28,S1,BLR,0.923,30,182,212,36464,5160
56,2026-09-28,S1,HYD,0.908,16,99,115,19780,2752
56,2026-09-28,S1,PUN,0.919,17,68,85,14620,2924
56,2026-09-28,S2,DEL,0.905,27,62,89,24831,7533
56,2026-09-28,S2,MUM,0.932,9,55,64,17856,2511
56,2026-09-28,S2,BLR,0.964,8,53,61,17019,2232
56,2026-09-28,S2,HYD,0.918,15,30,45,12555,4185
56,2026-09-28,S2,PUN,0.914,5,20,25,6975,1395
56,2026-09-28,S3,DEL,0.942,35,200,235,35015,5215
56,2026-09-28,S3,MUM,0.939,29,115,144,21456,4321
56,2026-09-28,S3,BLR,0.933,22,105,127,18923,3278
56,2026-09-28,S3,HYD,0.907,12,60,72,10728,1788
56,2026-09-28,S3,PUN,0.929,20,41,61,9089,2980
56,2026-09-28,S4,DEL,0.947,15,36,51,21624,6360
56,2026-09-28,S4,MUM,0.896,17,4,21,8904,7208
56,2026-09-28,S4,BLR,0.919,13,19,32,13568,5512
56,2026-09-28,S4,HYD,0.882,8,5,13,5512,3392
56,2026-09-28,S4,PUN,0.78,2,9,11,4664,848
56,2026-09-28,S5,DEL,0.884,11,22,33,4158,1386
56,2026-09-28,S5,MUM,0.924,5,21,26,3276,630
56,2026-09-28,S5,BLR,0.898,4,11,15,1890,504
56,2026-09-28,S5,HYD,0.937,5,7,12,1512,630
56,2026-09-28,S5,PUN,0.934,2,5,7,882,252
57,2026-09-29,S1,DEL,0.93,44,242,286,49192,7568
57,2026-09-29,S1,MUM,0.937,23,160,183,31476,3956
57,2026-09-29,S1,BLR,0.923,26,173,199,34228,4472
57,2026-09-29,S1,HYD,0.908,19,101,120,20640,3268
57,2026-09-29,S1,PUN,0.919,18,64,82,14104,3096
57,2026-09-29,S2,DEL,0.905,31,39,70,19530,8649
57,2026-09-29,S2,MUM,0.932,8,58,66,18414,2232
57,2026-09-29,S2,BLR,0.964,6,45,51,14229,1674
57,2026-09-29,S2,HYD,0.918,14,21,35,9765,3906
57,2026-09-29,S2,PUN,0.914,10,10,20,5580,2790
57,2026-09-29,S3,DEL,0.942,37,172,209,31141,5513
57,2026-09-29,S3,MUM,0.939,30,112,142,21158,4470
57,2026-09-29,S3,BLR,0.933,22,115,137,20413,3278
57,2026-09-29,S3,HYD,0.907,17,54,71,10579,2533
57,2026-09-29,S3,PUN,0.929,15,34,49,7301,2235
57,2026-09-29,S4,DEL,0.947,23,42,65,27560,9752
57,2026-09-29,S4,MUM,0.896,9,26,35,14840,3816
57,2026-09-29,S4,BLR,0.919,16,21,37,15688,6784
57,2026-09-29,S4,HYD,0.882,9,20,29,12296,3816
57,2026-09-29,S4,PUN,0.78,4,11,15,6360,1696
57,2026-09-29,S5,DEL,0.884,8,11,19,2394,1008
57,2026-09-29,S5,MUM,0.924,7,17,24,3024,882
57,2026-09-29,S5,BLR,0.898,4,12,16,2016,504
57,2026-09-29,S5,HYD,0.937,5,7,12,1512,630
57,2026-09-29,S5,PUN,0.934,0,6,6,756,0
58,2026-09-30,S1,DEL,0.93,50,214,264,45408,8600
58,2026-09-30,S1,MUM,0.937,39,180,219,37668,6708
58,2026-09-30,S1,BLR,0.923,23,163,186,31992,3956
58,2026-09-30,S1,HYD,0.908,15,99,114,19608,2580
58,2026-09-30,S1,PUN,0.919,17,47,64,11008,2924
58,2026-09-30,S2,DEL,0.905,23,55,78,21762,6417
58,2026-09-30,S2,MUM,0.932,10,59,69,19251,2790
58,2026-09-30,S2,BLR,0.964,13,49,62,17298,3627
58,2026-09-30,S2,HYD,0.918,14,24,38,10602,3906
58,2026-09-30,S2,PUN,0.914,9,13,22,6138,2511
58,2026-09-30,S3,DEL,0.942,36,212,248,36952,5364
58,2026-09-30,S3,MUM,0.939,33,124,157,23393,4917
58,2026-09-30,S3,BLR,0.933,24,107,131,19519,3576
58,2026-09-30,S3,HYD,0.907,13,79,92,13708,1937
58,2026-09-30,S3,PUN,0.929,16,45,61,9089,2384
58,2026-09-30,S4,DEL,0.947,16,42,58,24592,6784
58,2026-09-30,S4,MUM,0.896,11,23,34,14416,4664
58,2026-09-30,S4,BLR,0.919,13,17,30,12720,5512
58,2026-09-30,S4,HYD,0.882,4,9,13,5512,1696
58,2026-09-30,S4,PUN,0.78,3,12,15,6360,1272
58,2026-09-30,S5,DEL,0.884,9,13,22,2772,1134
58,2026-09-30,S5,MUM,0.924,9,11,20,2520,1134
58,2026-09-30,S5,BLR,0.898,3,13,16,2016,378
58,2026-09-30,S5,HYD,0.937,3,9,12,1512,378
58,2026-09-30,S5,PUN,0.934,2,4,6,756,252
59,2026-10-01,S1,DEL,0.93,50,243,293,50396,8600
59,2026-10-01,S1,MUM,0.937,23,200,223,38356,3956
59,2026-10-01,S1,BLR,0.923,39,175,214,36808,6708
59,2026-10-01,S1,HYD,0.908,24,91,115,19780,4128
59,2026-10-01,S1,PUN,0.919,12,69,81,13932,2064
59,2026-10-01,S2,DEL,0.905,21,46,67,18693,5859
59,2026-10-01,S2,MUM,0.932,8,43,51,14229,2232
59,2026-10-01,S2,BLR,0.964,11,54,65,18135,3069
59,2026-10-01,S2,HYD,0.918,11,23,34,9486,3069
59,2026-10-01,S2,PUN,0.914,11,19,30,8370,3069
59,2026-10-01,S3,DEL,0.942,36,174,210,31290,5364
59,2026-10-01,S3,MUM,0.939,36,118,154,22946,5364
59,2026-10-01,S3,BLR,0.933,31,106,137,20413,4619
59,2026-10-01,S3,HYD,0.907,11,71,82,12218,1639
59,2026-10-01,S3,PUN,0.929,17,43,60,8940,2533
59,2026-10-01,S4,DEL,0.947,12,46,58,24592,5088
59,2026-10-01,S4,MUM,0.896,8,18,26,11024,3392
59,2026-10-01,S4,BLR,0.919,16,21,37,15688,6784
59,2026-10-01,S4,HYD,0.882,8,9,17,7208,3392
59,2026-10-01,S4,PUN,0.78,3,10,13,5512,1272
59,2026-10-01,S5,DEL,0.884,9,15,24,3024,1134
59,2026-10-01,S5,MUM,0.924,7,12,19,2394,882
59,2026-10-01,S5,BLR,0.898,6,9,15,1890,756
59,2026-10-01,S5,HYD,0.937,3,6,9,1134,378
59,2026-10-01,S5,PUN,0.934,3,6,9,1134,378
60,2026-10-02,S1,DEL,0.93,54,238,292,50224,9288
60,2026-10-02,S1,MUM,0.937,28,199,227,39044,4816
60,2026-10-02,S1,BLR,0.923,33,151,184,31648,5676
60,2026-10-02,S1,HYD,0.908,27,113,140,24080,4644
60,2026-10-02,S1,PUN,0.919,14,59,73,12556,2408
60,2026-10-02,S2,DEL,0.905,15,61,76,21204,4185
60,2026-10-02,S2,MUM,0.932,14,55,69,19251,3906
60,2026-10-02,S2,BLR,0.964,5,69,74,20646,1395
60,2026-10-02,S2,HYD,0.918,10,34,44,12276,2790
60,2026-10-02,S2,PUN,0.914,10,18,28,7812,2790
60,2026-10-02,S3,DEL,0.942,39,137,176,26224,5811
60,2026-10-02,S3,MUM,0.939,43,97,140,20860,6407
60,2026-10-02,S3,BLR,0.933,23,109,132,19668,3427
60,2026-10-02,S3,HYD,0.907,15,51,66,9834,2235
60,2026-10-02,S3,PUN,0.929,15,51,66,9834,2235
60,2026-10-02,S4,DEL,0.947,16,27,43,18232,6784
60,2026-10-02,S4,MUM,0.896,13,28,41,17384,5512
60,2026-10-02,S4,BLR,0.919,11,29,40,16960,4664
60,2026-10-02,S4,HYD,0.882,5,10,15,6360,2120
60,2026-10-02,S4,PUN,0.78,0,11,11,4664,0
60,2026-10-02,S5,DEL,0.884,7,14,21,2646,882
60,2026-10-02,S5,MUM,0.924,7,18,25,3150,882
60,2026-10-02,S5,BLR,0.898,6,18,24,3024,756
60,2026-10-02,S5,HYD,0.937,2,8,10,1260,252
60,2026-10-02,S5,PUN,0.934,2,3,5,630,252
61,2026-10-03,S1,DEL,0.93,57,253,310,53320,9804
61,2026-10-03,S1,MUM,0.937,35,212,247,42484,6020
61,2026-10-03,S1,BLR,0.923,26,163,189,32508,4472
61,2026-10-03,S1,HYD,0.908,29,95,124,21328,4988
61,2026-10-03,S1,PUN,0.919,17,61,78,13416,2924
61,2026-10-03,S2,DEL,0.905,33,66,99,27621,9207
61,2026-10-03,S2,MUM,0.932,14,50,64,17856,3906
61,2026-10-03,S2,BLR,0.964,9,46,55,15345,2511
61,2026-10-03,S2,HYD,0.918,12,24,36,10044,3348
61,2026-10-03,S2,PUN,0.914,10,10,20,5580,2790
61,2026-10-03,S3,DEL,0.942,29,173,202,30098,4321
61,2026-10-03,S3,MUM,0.939,28,122,150,22350,4172
61,2026-10-03,S3,BLR,0.933,22,128,150,22350,3278
61,2026-10-03,S3,HYD,0.907,8,85,93,13857,1192
61,2026-10-03,S3,PUN,0.929,10,59,69,10281,1490
61,2026-10-03,S4,DEL,0.947,22,32,54,22896,9328
61,2026-10-03,S4,MUM,0.896,17,23,40,16960,7208
61,2026-10-03,S4,BLR,0.919,13,21,34,14416,5512
61,2026-10-03,S4,HYD,0.882,11,12,23,9752,4664
61,2026-10-03,S4,PUN,0.78,4,6,10,4240,1696
61,2026-10-03,S5,DEL,0.884,3,23,26,3276,378
61,2026-10-03,S5,MUM,0.924,12,18,30,3780,1512
61,2026-10-03,S5,BLR,0.898,9,10,19,2394,1134
61,2026-10-03,S5,HYD,0.937,4,8,12,1512,504
61,2026-10-03,S5,PUN,0.934,1,6,7,882,126
62,2026-10-04,S1,DEL,0.93,66,213,279,47988,11352
62,2026-10-04,S1,MUM,0.937,28,203,231,39732,4816
62,2026-10-04,S1,BLR,0.923,26,224,250,43000,4472
62,2026-10-04,S1,HYD,0.908,21,127,148,25456,3612
62,2026-10-04,S1,PUN,0.919,16,78,94,16168,2752
62,2026-10-04,S2,DEL,0.905,26,76,102,28458,7254
62,2026-10-04,S2,MUM,0.932,13,42,55,15345,3627
62,2026-10-04,S2,BLR,0.964,11,61,72,20088,3069
62,2026-10-04,S2,HYD,0.918,18,20,38,10602,5022
62,2026-10-04,S2,PUN,0.914,3,17,20,5580,837
62,2026-10-04,S3,DEL,0.942,40,183,223,33227,5960
62,2026-10-04,S3,MUM,0.939,25,154,179,26671,3725
62,2026-10-04,S3,BLR,0.933,18,119,137,20413,2682
62,2026-10-04,S3,HYD,0.907,10,78,88,13112,1490
62,2026-10-04,S3,PUN,0.929,24,55,79,11771,3576
62,2026-10-04,S4,DEL,0.947,23,41,64,27136,9752
62,2026-10-04,S4,MUM,0.896,13,34,47,19928,5512
62,2026-10-04,S4,BLR,0.919,16,26,42,17808,6784
62,2026-10-04,S4,HYD,0.882,10,8,18,7632,4240
62,2026-10-04,S4,PUN,0.78,3,9,12,5088,1272
62,2026-10-04,S5,DEL,0.884,6,14,20,2520,756
62,2026-10-04,S5,MUM,0.924,16,5,21,2646,2016
62,2026-10-04,S5,BLR,0.898,9,10,19,2394,1134
62,2026-10-04,S5,HYD,0.937,2,7,9,1134,252
62,2026-10-04,S5,PUN,0.934,3,3,6,756,378
63,2026-10-05,S1,DEL,0.93,47,228,275,47300,8084
63,2026-10-05,S1,MUM,0.937,26,192,218,37496,4472
63,2026-10-05,S1,BLR,0.923,30,143,173,29756,5160
63,2026-10-05,S1,HYD,0.908,18,106,124,21328,3096
63,2026-10-05,S1,PUN,0.919,13,70,83,14276,2236
63,2026-10-05,S2,DEL,0.905,17,62,79,22041,4743
63,2026-10-05,S2,MUM,0.932,8,52,60,16740,2232
63,2026-10-05,S2,BLR,0.964,12,52,64,17856,3348
63,2026-10-05,S2,HYD,0.918,6,32,38,10602,1674
63,2026-10-05,S2,PUN,0.914,9,15,24,6696,2511
63,2026-10-05,S3,DEL,0.942,31,213,244,36356,4619
63,2026-10-05,S3,MUM,0.939,43,108,151,22499,6407
63,2026-10-05,S3,BLR,0.933,27,112,139,20711,4023
63,2026-10-05,S3,HYD,0.907,6,74,80,11920,894
63,2026-10-05,S3,PUN,0.929,27,34,61,9089,4023
63,2026-10-05,S4,DEL,0.947,13,32,45,19080,5512
63,2026-10-05,S4,MUM,0.896,8,30,38,16112,3392
63,2026-10-05,S4,BLR,0.919,14,18,32,13568,5936
63,2026-10-05,S4,HYD,0.882,6,11,17,7208,2544
63,2026-10-05,S4,PUN,0.78,2,7,9,3816,848
63,2026-10-05,S5,DEL,0.884,5,15,20,2520,630
63,2026-10-05,S5,MUM,0.924,2,8,10,1260,252
63,2026-10-05,S5,BLR,0.898,6,19,25,3150,756
63,2026-10-05,S5,HYD,0.937,5,7,12,1512,630
63,2026-10-05,S5,PUN,0.934,3,1,4,504,378
64,2026-10-06,S1,DEL,0.93,42,248,290,49880,7224
64,2026-10-06,S1,MUM,0.937,24,169,193,33196,4128
64,2026-10-06,S1,BLR,0.923,26,157,183,31476,4472
64,2026-10-06,S1,HYD,0.908,21,84,105,18060,3612
64,2026-10-06,S1,PUN,0.919,17,37,54,9288,2924
64,2026-10-06,S2,DEL,0.905,10,68,78,21762,2790
64,2026-10-06,S2,MUM,0.932,9,59,68,18972,2511
64,2026-10-06,S2,BLR,0.964,11,53,64,17856,3069
64,2026-10-06,S2,HYD,0.918,9,26,35,9765,2511
64,2026-10-06,S2,PUN,0.914,6,13,19,5301,1674
64,2026-10-06,S3,DEL,0.942,30,152,182,27118,4470
64,2026-10-06,S3,MUM,0.939,39,101,140,20860,5811
64,2026-10-06,S3,BLR,0.933,23,137,160,23840,3427
64,2026-10-06,S3,HYD,0.907,5,75,80,11920,745
64,2026-10-06,S3,PUN,0.929,15,43,58,8642,2235
64,2026-10-06,S4,DEL,0.947,31,21,52,22048,13144
64,2026-10-06,S4,MUM,0.896,3,25,28,11872,1272
64,2026-10-06,S4,BLR,0.919,12,25,37,15688,5088
64,2026-10-06,S4,HYD,0.882,8,11,19,8056,3392
64,2026-10-06,S4,PUN,0.78,3,10,13,5512,1272
64,2026-10-06,S5,DEL,0.884,6,22,28,3528,756
64,2026-10-06,S5,MUM,0.924,10,6,16,2016,1260
64,2026-10-06,S5,BLR,0.898,6,10,16,2016,756
64,2026-10-06,S5,HYD,0.937,2,10,12,1512,252
64,2026-10-06,S5,PUN,0.934,1,6,7,882,126
65,2026-10-07,S1,DEL,0.93,50,225,275,47300,8600
65,2026-10-07,S1,MUM,0.937,37,191,228,39216,6364
65,2026-10-07,S1,BLR,0.923,34,155,189,32508,5848
65,2026-10-07,S1,HYD,0.908,24,98,122,20984,4128
65,2026-10-07,S1,PUN,0.919,11,70,81,13932,1892
65,2026-10-07,S2,DEL,0.905,17,59,76,21204,4743
65,2026-10-07,S2,MUM,0.932,6,69,75,20925,1674
65,2026-10-07,S2,BLR,0.964,15,53,68,18972,4185
65,2026-10-07,S2,HYD,0.918,7,39,46,12834,1953
65,2026-10-07,S2,PUN,0.914,8,16,24,6696,2232
65,2026-10-07,S3,DEL,0.942,31,174,205,30545,4619
65,2026-10-07,S3,MUM,0.939,42,109,151,22499,6258
65,2026-10-07,S3,BLR,0.933,17,118,135,20115,2533
65,2026-10-07,S3,HYD,0.907,11,71,82,12218,1639
65,2026-10-07,S3,PUN,0.929,16,44,60,8940,2384
65,2026-10-07,S4,DEL,0.947,23,28,51,21624,9752
65,2026-10-07,S4,MUM,0.896,8,33,41,17384,3392
65,2026-10-07,S4,BLR,0.919,9,26,35,14840,3816
65,2026-10-07,S4,HYD,0.882,11,13,24,10176,4664
65,2026-10-07,S4,PUN,0.78,5,8,13,5512,2120
65,2026-10-07,S5,DEL,0.884,2,13,15,1890,252
65,2026-10-07,S5,MUM,0.924,7,15,22,2772,882
65,2026-10-07,S5,BLR,0.898,2,10,12,1512,252
65,2026-10-07,S5,HYD,0.937,7,4,11,1386,882
65,2026-10-07,S5,PUN,0.934,2,2,4,504,252
66,2026-10-08,S1,DEL,0.93,42,204,246,42312,7224
66,2026-10-08,S1,MUM,0.937,34,153,187,32164,5848
66,2026-10-08,S1,BLR,0.923,30,184,214,36808,5160
66,2026-10-08,S1,HYD,0.908,26,102,128,22016,4472
66,2026-10-08,S1,PUN,0.919,20,49,69,11868,3440
66,2026-10-08,S2,DEL,0.905,27,54,81,22599,7533
66,2026-10-08,S2,MUM,0.932,5,50,55,15345,1395
66,2026-10-08,S2,BLR,0.964,17,52,69,19251,4743
66,2026-10-08,S2,HYD,0.918,10,24,34,9486,2790
66,2026-10-08,S2,PUN,0.914,9,15,24,6696,2511
66,2026-10-08,S3,DEL,0.942,36,147,183,27267,5364
66,2026-10-08,S3,MUM,0.939,45,92,137,20413,6705
66,2026-10-08,S3,BLR,0.933,21,104,125,18625,3129
66,2026-10-08,S3,HYD,0.907,13,80,93,13857,1937
66,2026-10-08,S3,PUN,0.929,18,35,53,7897,2682
66,2026-10-08,S4,DEL,0.947,37,35,72,30528,15688
66,2026-10-08,S4,MUM,0.896,8,28,36,15264,3392
66,2026-10-08,S4,BLR,0.919,15,21,36,15264,6360
66,2026-10-08,S4,HYD,0.882,8,22,30,12720,3392
66,2026-10-08,S4,PUN,0.78,3,9,12,5088,1272
66,2026-10-08,S5,DEL,0.884,9,6,15,1890,1134
66,2026-10-08,S5,MUM,0.924,2,16,18,2268,252
66,2026-10-08,S5,BLR,0.898,3,6,9,1134,378
66,2026-10-08,S5,HYD,0.937,5,4,9,1134,630
66,2026-10-08,S5,PUN,0.934,1,7,8,1008,126
67,2026-10-09,S1,DEL,0.93,51,238,289,49708,8772
67,2026-10-09,S1,MUM,0.937,22,186,208,35776,3784
67,2026-10-09,S1,BLR,0.923,37,195,232,39904,6364
67,2026-10-09,S1,HYD,0.908,28,93,121,20812,4816
67,2026-10-09,S1,PUN,0.919,14,57,71,12212,2408
67,2026-10-09,S2,DEL,0.905,19,75,94,26226,5301
67,2026-10-09,S2,MUM,0.932,3,52,55,15345,837
67,2026-10-09,S2,BLR,0.964,19,39,58,16182,5301
67,2026-10-09,S2,HYD,0.918,12,23,35,9765,3348
67,2026-10-09,S2,PUN,0.914,7,19,26,7254,1953
67,2026-10-09,S3,DEL,0.942,43,156,199,29651,6407
67,2026-10-09,S3,MUM,0.939,47,105,152,22648,7003
67,2026-10-09,S3,BLR,0.933,18,136,154,22946,2682
67,2026-10-09,S3,HYD,0.907,7,91,98,14602,1043
67,2026-10-09,S3,PUN,0.929,13,36,49,7301,1937
67,2026-10-09,S4,DEL,0.947,20,35,55,23320,8480
67,2026-10-09,S4,MUM,0.896,4,31,35,14840,1696
67,2026-10-09,S4,BLR,0.919,13,33,46,19504,5512
67,2026-10-09,S4,HYD,0.882,5,7,12,5088,2120
67,2026-10-09,S4,PUN,0.78,3,13,16,6784,1272
67,2026-10-09,S5,DEL,0.884,9,21,30,3780,1134
67,2026-10-09,S5,MUM,0.924,8,16,24,3024,1008
67,2026-10-09,S5,BLR,0.898,9,5,14,1764,1134
67,2026-10-09,S5,HYD,0.937,6,8,14,1764,756
67,2026-10-09,S5,PUN,0.934,1,3,4,504,126
68,2026-10-10,S1,DEL,0.93,62,266,328,56416,10664
68,2026-10-10,S1,MUM,0.937,42,175,217,37324,7224
68,2026-10-10,S1,BLR,0.923,46,160,206,35432,7912
68,2026-10-10,S1,HYD,0.908,27,110,137,23564,4644
68,2026-10-10,S1,PUN,0.919,11,74,85,14620,1892
68,2026-10-10,S2,DEL,0.905,12,75,87,24273,3348
68,2026-10-10,S2,MUM,0.932,8,51,59,16461,2232
68,2026-10-10,S2,BLR,0.964,17,63,80,22320,4743
68,2026-10-10,S2,HYD,0.918,12,30,42,11718,3348
68,2026-10-10,S2,PUN,0.914,5,19,24,6696,1395
68,2026-10-10,S3,DEL,0.942,36,187,223,33227,5364
68,2026-10-10,S3,MUM,0.939,52,123,175,26075,7748
68,2026-10-10,S3,BLR,0.933,19,129,148,22052,2831
68,2026-10-10,S3,HYD,0.907,8,69,77,11473,1192
68,2026-10-10,S3,PUN,0.929,10,65,75,11175,1490
68,2026-10-10,S4,DEL,0.947,29,31,60,25440,12296
68,2026-10-10,S4,MUM,0.896,7,30,37,15688,2968
68,2026-10-10,S4,BLR,0.919,17,14,31,13144,7208
68,2026-10-10,S4,HYD,0.882,10,9,19,8056,4240
68,2026-10-10,S4,PUN,0.78,1,14,15,6360,424
68,2026-10-10,S5,DEL,0.884,8,15,23,2898,1008
68,2026-10-10,S5,MUM,0.924,2,11,13,1638,252
68,2026-10-10,S5,BLR,0.898,6,10,16,2016,756
68,2026-10-10,S5,HYD,0.937,2,5,7,882,252
68,2026-10-10,S5,PUN,0.934,2,3,5,630,252
69,2026-10-11,S1,DEL,0.93,48,248,296,50912,8256
69,2026-10-11,S1,MUM,0.937,29,213,242,41624,4988
69,2026-10-11,S1,BLR,0.923,27,190,217,37324,4644
69,2026-10-11,S1,HYD,0.908,21,105,126,21672,3612
69,2026-10-11,S1,PUN,0.919,14,81,95,16340,2408
69,2026-10-11,S2,DEL,0.905,25,78,103,28737,6975
69,2026-10-11,S2,MUM,0.932,12,47,59,16461,3348
69,2026-10-11,S2,BLR,0.964,12,53,65,18135,3348
69,2026-10-11,S2,HYD,0.918,15,25,40,11160,4185
69,2026-10-11,S2,PUN,0.914,7,21,28,7812,1953
69,2026-10-11,S3,DEL,0.942,48,173,221,32929,7152
69,2026-10-11,S3,MUM,0.939,49,140,189,28161,7301
69,2026-10-11,S3,BLR,0.933,32,123,155,23095,4768
69,2026-10-11,S3,HYD,0.907,11,92,103,15347,1639
69,2026-10-11,S3,PUN,0.929,22,40,62,9238,3278
69,2026-10-11,S4,DEL,0.947,24,37,61,25864,10176
69,2026-10-11,S4,MUM,0.896,4,38,42,17808,1696
69,2026-10-11,S4,BLR,0.919,11,28,39,16536,4664
69,2026-10-11,S4,HYD,0.882,14,15,29,12296,5936
69,2026-10-11,S4,PUN,0.78,2,12,14,5936,848
69,2026-10-11,S5,DEL,0.884,4,15,19,2394,504
69,2026-10-11,S5,MUM,0.924,8,13,21,2646,1008
69,2026-10-11,S5,BLR,0.898,6,12,18,2268,756
69,2026-10-11,S5,HYD,0.937,5,11,16,2016,630
69,2026-10-11,S5,PUN,0.934,0,6,6,756,0
