arm,world,seed,offtake_inr_per_day,direct_roas,roas_floor,roas_constraint_met,actions_proposed,actions_shipped,blocked_share,fallback_count,calls,tokens_in,tokens_out,cost_usd,wall_clock_s,replicate,offtake_vs_baseline_pct
no_op,search_7,7,409146,4.602,4.535,True,0,0,0.0,0,0,0,0,0.0,0.0,0,-0.091
baseline,search_7,7,409517,4.967,4.535,True,176,148,0.159,0,0,0,0,0.0,0.0,0,0.0
tools_only,search_7,7,410878,4.821,4.535,True,66,66,0.0,0,0,0,0,0.0,0.0,0,0.332
no_op,search_11,11,414881,4.057,4.006,True,0,0,0.0,0,0,0,0,0.0,0.0,0,0.189
baseline,search_11,11,414098,4.298,4.006,True,184,180,0.022,0,0,0,0,0.0,0.0,0,0.0
tools_only,search_11,11,416396,4.813,4.006,True,109,109,0.0,0,0,0,0,0.0,0.0,0,0.555
no_op,search_23,23,410440,4.171,4.09,True,0,0,0.0,0,0,0,0,0.0,0.0,0,0.123
baseline,search_23,23,409934,4.974,4.09,True,216,187,0.134,0,0,0,0,0.0,0.0,0,0.0
tools_only,search_23,23,413294,4.527,4.09,True,94,94,0.0,0,0,0,0,0.0,0.0,0,0.82
no_op,search_42,42,410228,4.812,4.721,True,0,0,0.0,0,0,0,0,0.0,0.0,0,0.407
baseline,search_42,42,408565,5.008,4.721,True,193,172,0.109,0,0,0,0,0.0,0.0,0,0.0
tools_only,search_42,42,412376,5.195,4.721,True,77,77,0.0,0,0,0,0,0.0,0.0,0,0.933
no_op,heldout_101,101,407316,4.506,4.497,True,0,0,0.0,0,0,0,0,0.0,0.0,0,0.029
baseline,heldout_101,101,407198,5.131,4.497,True,191,177,0.073,0,0,0,0,0.0,0.0,0,0.0
tools_only,heldout_101,101,410793,4.787,4.497,True,86,86,0.0,0,0,0,0,0.0,0.0,0,0.883
no_op,heldout_202,202,419367,4.986,4.83,True,0,0,0.0,0,0,0,0,0.0,0.0,0,0.333
baseline,heldout_202,202,417976,5.407,4.83,True,173,163,0.058,0,0,0,0,0.0,0.0,0,0.0
tools_only,heldout_202,202,422497,5.233,4.83,True,70,70,0.0,0,0,0,0,0.0,0.0,0,1.082
no_op,P1_osa_different_sku_city,7,409498,4.6,4.535,True,0,0,0.0,0,0,0,0,0.0,0.0,0,-0.119
baseline,P1_osa_different_sku_city,7,409984,4.973,4.535,True,176,148,0.159,0,0,0,0,0.0,0.0,0,0.0
tools_only,P1_osa_different_sku_city,7,411270,4.82,4.535,True,66,66,0.0,0,0,0,0,0.0,0.0,0,0.314
no_op,P2_price_different_market_bigger,7,409527,4.494,4.535,False,0,0,0.0,0,0,0,0,0.0,0.0,0,-0.108
baseline,P2_price_different_market_bigger,7,409968,4.723,4.535,True,171,142,0.17,0,0,0,0,0.0,0.0,0,0.0
tools_only,P2_price_different_market_bigger,7,411365,4.689,4.535,True,68,68,0.0,0,0,0,0,0.0,0.0,0,0.341
no_op,P3_demand_different_keywords_earlier,7,408957,4.634,4.535,True,0,0,0.0,0,0,0,0,0.0,0.0,0,-0.087
baseline,P3_demand_different_keywords_earlier,7,409313,5.011,4.535,True,188,154,0.181,0,0,0,0,0.0,0.0,0,0.0
tools_only,P3_demand_different_keywords_earlier,7,410536,4.853,4.535,True,68,68,0.0,0,0,0,0,0.0,0.0,0,0.299
no_op,P4_all_three_shifted_earlier,7,409169,4.559,4.535,True,0,0,0.0,0,0,0,0,0.0,0.0,0,-0.083
baseline,P4_all_three_shifted_earlier,7,409507,4.874,4.535,True,179,154,0.14,0,0,0,0,0.0,0.0,0,0.0
tools_only,P4_all_three_shifted_earlier,7,411113,4.761,4.535,True,69,69,0.0,0,0,0,0,0.0,0.0,0,0.392
no_op,P5_severe_osa_dip,7,407379,4.599,4.535,True,0,0,0.0,0,0,0,0,0.0,0.0,0,-0.077
baseline,P5_severe_osa_dip,7,407691,4.959,4.535,True,176,148,0.159,0,0,0,0,0.0,0.0,0,0.0
tools_only,P5_severe_osa_dip,7,409057,4.814,4.535,True,66,66,0.0,0,0,0,0,0.0,0.0,0,0.335
no_op,P6_demand_shock_on_brand,7,409109,4.758,4.535,True,0,0,0.0,0,0,0,0,0.0,0.0,0,-0.066
baseline,P6_demand_shock_on_brand,7,409380,5.171,4.535,True,177,149,0.158,0,0,0,0,0.0,0.0,0,0.0
tools_only,P6_demand_shock_on_brand,7,410611,5.006,4.535,True,67,67,0.0,0,0,0,0,0.0,0.0,0,0.301
