current_icl_configs,llm_candidate_proposal,llm_candidate_proposals_per_regions,best_candidates,current_icl_evaluations,llm_surrogate_proposal,llm_surrogate_proposal_per_regions,best_candidate_evaluations
"[{'x0': 0.432, 'x1': 0.291}, {'x0': 0.612, 'x1': 0.139}, {'x0': 0.292, 'x1': 0.366}, {'x0': 0.456, 'x1': 0.785}, {'x0': 0.2, 'x1': 0.514}]","[{'x0': 0.8, 'x1': 0.8}, {'x0': 0.45, 'x1': 0.8}, {'x0': 0.1, 'x1': 0.1}, {'x0': 0.62, 'x1': 0.12}, {'x0': 0.25, 'x1': 0.55}]","[[{'x0': 0.8, 'x1': 0.8}, {'F1': 85.2, 'F2': 5.05}]]","[{'x0': 0.8, 'x1': 0.8}, {'x0': 0.25, 'x1': 0.55}, {'x0': 0.1, 'x1': 0.1}, {'x0': 0.62, 'x1': 0.12}]","[{'F1': 11.062, 'F2': 10.024}, {'F1': 5.357, 'F2': 10.783}, {'F1': 20.206, 'F2': 10.002}, {'F1': 75.774, 'F2': 5.666}, {'F1': 9.964, 'F2': 8.564}]","[{'F1': 85.2, 'F2': 5.05}, {'F1': 75.92, 'F2': 5.71}, {'F1': 4.1, 'F2': 10.4}, {'F1': 5.38, 'F2': 10.75}, {'F1': 10.15, 'F2': 8.48}]","[[{'x0': 0.45, 'x1': 0.8}, {'F1': 75.92, 'F2': 5.71}]]","[{'F1': 85.2, 'F2': 5.05}, {'F1': 10.15, 'F2': 8.48}, {'F1': 4.1, 'F2': 10.4}, {'F1': 5.38, 'F2': 10.75}]"
"[{'x0': 0.432, 'x1': 0.291}, {'x0': 0.612, 'x1': 0.139}, {'x0': 0.292, 'x1': 0.366}, {'x0': 0.456, 'x1': 0.785}, {'x0': 0.2, 'x1': 0.514}, {'x0': 0.8, 'x1': 0.8}, {'x0': 0.25, 'x1': 0.55}, {'x0': 0.1, 'x1': 0.1}, {'x0': 0.62, 'x1': 0.12}]","[{'x0': 0.7, 'x1': 0.08}, {'x0': 0.85, 'x1': 0.02}, {'x0': 0.55, 'x1': 0.05}, {'x0': 0.65, 'x1': 0.15}, {'x0': 0.5, 'x1': 0.1}, {'x0': 0.32, 'x1': 0.48}, {'x0': 0.38, 'x1': 0.5}, {'x0': 0.21, 'x1': 0.56}, {'x0': 0.24, 'x1': 0.53}, {'x0': 0.42, 'x1': 0.47}]","[[{'x0': 0.7, 'x1': 0.08}, {'F1': 6.482, 'F2': 11.502}], [{'x0': 0.32, 'x1': 0.48}, {'F1': 14.35, 'F2': 8.83}]]","[{'x0': 0.21, 'x1': 0.56}, {'x0': 0.24, 'x1': 0.53}, {'x0': 0.42, 'x1': 0.47}, {'x0': 0.38, 'x1': 0.5}]","[{'F1': 11.062, 'F2': 10.024}, {'F1': 5.357, 'F2': 10.783}, {'F1': 20.206, 'F2': 10.002}, {'F1': 75.774, 'F2': 5.666}, {'F1': 9.964, 'F2': 8.564}, {'F1': 134.113, 'F2': 4.863}, {'F1': 13.031, 'F2': 8.185}, {'F1': 136.799, 'F2': 11.315}, {'F1': 6.217, 'F2': 10.879}]","[{'F1': 6.482, 'F2': 11.502}, {'F1': 7.153, 'F2': 12.056}, {'F1': 5.721, 'F2': 11.779}, {'F1': 6.089, 'F2': 10.857}, {'F1': 5.514, 'F2': 11.318}, {'F1': 14.35, 'F2': 8.83}, {'F1': 14.02, 'F2': 9.05}, {'F1': 11.69, 'F2': 8.35}, {'F1': 12.38, 'F2': 8.27}, {'F1': 14.99, 'F2': 9.4}]","[[{'x0': 0.85, 'x1': 0.02}, {'F1': 7.153, 'F2': 12.056}], [{'x0': 0.38, 'x1': 0.5}, {'F1': 14.02, 'F2': 9.05}]]","[{'F1': 11.69, 'F2': 8.35}, {'F1': 12.38, 'F2': 8.27}, {'F1': 14.99, 'F2': 9.4}, {'F1': 14.02, 'F2': 9.05}]"
"[{'x0': 0.432, 'x1': 0.291}, {'x0': 0.612, 'x1': 0.139}, {'x0': 0.292, 'x1': 0.366}, {'x0': 0.456, 'x1': 0.785}, {'x0': 0.2, 'x1': 0.514}, {'x0': 0.8, 'x1': 0.8}, {'x0': 0.25, 'x1': 0.55}, {'x0': 0.1, 'x1': 0.1}, {'x0': 0.62, 'x1': 0.12}, {'x0': 0.21, 'x1': 0.56}, {'x0': 0.24, 'x1': 0.53}, {'x0': 0.42, 'x1': 0.47}, {'x0': 0.38, 'x1': 0.5}]","[{'x0': 0.22, 'x1': 0.48}, {'x0': 0.28, 'x1': 0.52}, {'x0': 0.26, 'x1': 0.58}, {'x0': 0.3, 'x1': 0.4}, {'x0': 0.15, 'x1': 0.45}, {'x0': 0.2, 'x1': 0.2}, {'x0': 0.4, 'x1': 0.05}, {'x0': 0.25, 'x1': 0.25}, {'x0': 0.35, 'x1': 0.15}, {'x0': 0.1, 'x1': 0.3}, {'x0': 0.57, 'x1': 0.18}, {'x0': 0.46, 'x1': 0.24}, {'x0': 0.52, 'x1': 0.31}, {'x0': 0.63, 'x1': 0.27}, {'x0': 0.48, 'x1': 0.42}, {'x0': 0.4, 'x1': 0.7}, {'x0': 0.35, 'x1': 0.5}, {'x0': 0.31, 'x1': 0.33}, {'x0': 0.43, 'x1': 0.9}, {'x0': 0.45, 'x1': 0.85}]","[[{'x0': 0.22, 'x1': 0.48}, {'F1': 10.673, 'F2': 8.423}], [{'x0': 0.2, 'x1': 0.2}, {'F1': 125.42, 'F2': 10.21}], [{'x0': 0.57, 'x1': 0.18}, {'F1': 5.6, 'F2': 10.8}], [{'x0': 0.4, 'x1': 0.7}, {'F1': 68.245, 'F2': 6.112}]]","[{'x0': 0.43, 'x1': 0.9}, {'x0': 0.4, 'x1': 0.7}, {'x0': 0.45, 'x1': 0.85}, {'x0': 0.48, 'x1': 0.42}]","[{'F1': 11.062, 'F2': 10.024}, {'F1': 5.357, 'F2': 10.783}, {'F1': 20.206, 'F2': 10.002}, {'F1': 75.774, 'F2': 5.666}, {'F1': 9.964, 'F2': 8.564}, {'F1': 134.113, 'F2': 4.863}, {'F1': 13.031, 'F2': 8.185}, {'F1': 136.799, 'F2': 11.315}, {'F1': 6.217, 'F2': 10.879}, {'F1': 8.327, 'F2': 8.146}, {'F1': 11.914, 'F2': 8.398}, {'F1': 20.983, 'F2': 8.064}, {'F1': 23.851, 'F2': 8.0}]","[{'F1': 10.673, 'F2': 8.423}, {'F1': 12.789, 'F2': 8.263}, {'F1': 11.702, 'F2': 8.255}, {'F1': 20.143, 'F2': 9.773}, {'F1': 10.512, 'F2': 8.394}, {'F1': 125.42, 'F2': 10.21}, {'F1': 10.15, 'F2': 10.53}, {'F1': 118.76, 'F2': 9.82}, {'F1': 9.24, 'F2': 10.31}, {'F1': 17.58, 'F2': 10.94}, {'F1': 5.6, 'F2': 10.8}, {'F1': 11.2, 'F2': 10.1}, {'F1': 16.8, 'F2': 9.0}, {'F1': 14.5, 'F2': 9.5}, {'F1': 21.0, 'F2': 8.0}, {'F1': 68.245, 'F2': 6.112}, {'F1': 23.481, 'F2': 8.035}, {'F1': 21.156, 'F2': 9.874}, {'F1': 64.923, 'F2': 5.341}, {'F1': 77.618, 'F2': 5.529}]","[[{'x0': 0.28, 'x1': 0.52}, {'F1': 12.789, 'F2': 8.263}], [{'x0': 0.4, 'x1': 0.05}, {'F1': 10.15, 'F2': 10.53}], [{'x0': 0.46, 'x1': 0.24}, {'F1': 11.2, 'F2': 10.1}], [{'x0': 0.35, 'x1': 0.5}, {'F1': 23.481, 'F2': 8.035}]]","[{'F1': 64.923, 'F2': 5.341}, {'F1': 68.245, 'F2': 6.112}, {'F1': 77.618, 'F2': 5.529}, {'F1': 21.0, 'F2': 8.0}]"
"[{'x0': 0.432, 'x1': 0.291}, {'x0': 0.612, 'x1': 0.139}, {'x0': 0.292, 'x1': 0.366}, {'x0': 0.456, 'x1': 0.785}, {'x0': 0.2, 'x1': 0.514}, {'x0': 0.8, 'x1': 0.8}, {'x0': 0.25, 'x1': 0.55}, {'x0': 0.1, 'x1': 0.1}, {'x0': 0.62, 'x1': 0.12}, {'x0': 0.21, 'x1': 0.56}, {'x0': 0.24, 'x1': 0.53}, {'x0': 0.42, 'x1': 0.47}, {'x0': 0.38, 'x1': 0.5}, {'x0': 0.43, 'x1': 0.9}, {'x0': 0.4, 'x1': 0.7}, {'x0': 0.45, 'x1': 0.85}, {'x0': 0.48, 'x1': 0.42}]","[{'x0': 0.23, 'x1': 0.49}, {'x0': 0.35, 'x1': 0.45}, {'x0': 0.15, 'x1': 0.3}, {'x0': 0.3, 'x1': 0.48}, {'x0': 0.2, 'x1': 0.4}, {'x0': 0.05, 'x1': 0.55}, {'x0': 0.18, 'x1': 0.51}, {'x0': 0.15, 'x1': 0.52}, {'x0': 0.1, 'x1': 0.5}, {'x0': 0.22, 'x1': 0.53}, {'x0': 0.95, 'x1': 0.95}, {'x0': 0.6, 'x1': 0.55}, {'x0': 0.88, 'x1': 0.7}, {'x0': 0.75, 'x1': 0.9}, {'x0': 0.9, 'x1': 0.85}, {'x0': 0.79, 'x1': 0.47}, {'x0': 0.87, 'x1': 0.45}, {'x0': 0.91, 'x1': 0.48}, {'x0': 0.82, 'x1': 0.5}, {'x0': 0.94, 'x1': 0.49}, {'x0': 0.2, 'x1': 0.7}, {'x0': 0.0, 'x1': 0.7}, {'x0': 0.3, 'x1': 1.0}, {'x0': 0.05, 'x1': 0.8}, {'x0': 0.1, 'x1': 0.9}]","[[{'x0': 0.23, 'x1': 0.49}, {'F1': 11.824, 'F2': 8.187}], [{'x0': 0.05, 'x1': 0.55}, {'F1': 165.421, 'F2': 8.053}], [{'x0': 0.95, 'x1': 0.95}, {'F1': 165.2, 'F2': 4.5}], [{'x0': 0.79, 'x1': 0.47}, {'F1': 37.12, 'F2': 8.08}], [{'x0': 0.2, 'x1': 0.7}, {'F1': 24.512, 'F2': 7.341}]]","[{'x0': 0.05, 'x1': 0.8}, {'x0': 0.3, 'x1': 1.0}, {'x0': 0.0, 'x1': 0.7}, {'x0': 0.1, 'x1': 0.9}]","[{'F1': 11.062, 'F2': 10.024}, {'F1': 5.357, 'F2': 10.783}, {'F1': 20.206, 'F2': 10.002}, {'F1': 75.774, 'F2': 5.666}, {'F1': 9.964, 'F2': 8.564}, {'F1': 134.113, 'F2': 4.863}, {'F1': 13.031, 'F2': 8.185}, {'F1': 136.799, 'F2': 11.315}, {'F1': 6.217, 'F2': 10.879}, {'F1': 8.327, 'F2': 8.146}, {'F1': 11.914, 'F2': 8.398}, {'F1': 20.983, 'F2': 8.064}, {'F1': 23.851, 'F2': 8.0}, {'F1': 102.095, 'F2': 5.214}, {'F1': 50.738, 'F2': 6.371}, {'F1': 91.82, 'F2': 5.369}, {'F1': 14.437, 'F2': 8.248}]","[{'F1': 11.824, 'F2': 8.187}, {'F1': 20.512, 'F2': 8.098}, {'F1': 14.305, 'F2': 9.982}, {'F1': 21.156, 'F2': 8.145}, {'F1': 11.458, 'F2': 8.492}, {'F1': 165.421, 'F2': 8.053}, {'F1': 9.845, 'F2': 8.251}, {'F1': 42.105, 'F2': 8.102}, {'F1': 136.799, 'F2': 8.0}, {'F1': 9.618, 'F2': 8.145}, {'F1': 165.2, 'F2': 4.5}, {'F1': 21.5, 'F2': 8.2}, {'F1': 115.3, 'F2': 5.5}, {'F1': 124.8, 'F2': 5.1}, {'F1': 129.1, 'F2': 4.9}, {'F1': 37.12, 'F2': 8.08}, {'F1': 39.15, 'F2': 8.1}, {'F1': 43.68, 'F2': 8.05}, {'F1': 41.0, 'F2': 8.0}, {'F1': 46.06, 'F2': 8.06}, {'F1': 24.512, 'F2': 7.341}, {'F1': 19.234, 'F2': 6.892}, {'F1': 82.765, 'F2': 4.713}, {'F1': 16.843, 'F2': 6.215}, {'F1': 78.432, 'F2': 5.021}]","[[{'x0': 0.35, 'x1': 0.45}, {'F1': 20.512, 'F2': 8.098}], [{'x0': 0.18, 'x1': 0.51}, {'F1': 9.845, 'F2': 8.251}], [{'x0': 0.6, 'x1': 0.55}, {'F1': 21.5, 'F2': 8.2}], [{'x0': 0.87, 'x1': 0.45}, {'F1': 39.15, 'F2': 8.1}], [{'x0': 0.0, 'x1': 0.7}, {'F1': 19.234, 'F2': 6.892}]]","[{'F1': 16.843, 'F2': 6.215}, {'F1': 82.765, 'F2': 4.713}, {'F1': 19.234, 'F2': 6.892}, {'F1': 78.432, 'F2': 5.021}]"
"[{'x0': 0.432, 'x1': 0.291}, {'x0': 0.612, 'x1': 0.139}, {'x0': 0.292, 'x1': 0.366}, {'x0': 0.456, 'x1': 0.785}, {'x0': 0.2, 'x1': 0.514}, {'x0': 0.8, 'x1': 0.8}, {'x0': 0.25, 'x1': 0.55}, {'x0': 0.1, 'x1': 0.1}, {'x0': 0.62, 'x1': 0.12}, {'x0': 0.21, 'x1': 0.56}, {'x0': 0.24, 'x1': 0.53}, {'x0': 0.42, 'x1': 0.47}, {'x0': 0.38, 'x1': 0.5}, {'x0': 0.43, 'x1': 0.9}, {'x0': 0.4, 'x1': 0.7}, {'x0': 0.45, 'x1': 0.85}, {'x0': 0.48, 'x1': 0.42}, {'x0': 0.05, 'x1': 0.8}, {'x0': 0.3, 'x1': 1.0}, {'x0': 0.0, 'x1': 0.7}, {'x0': 0.1, 'x1': 0.9}]","[{'x0': 0.18, 'x1': 0.48}, {'x0': 0.22, 'x1': 0.52}, {'x0': 0.35, 'x1': 0.5}, {'x0': 0.3, 'x1': 0.45}, {'x0': 0.2, 'x1': 0.55}, {'x0': 0.01, 'x1': 0.8}, {'x0': 0.0, 'x1': 0.85}, {'x0': 0.0, 'x1': 0.9}, {'x0': 0.02, 'x1': 0.85}, {'x0': 0.0, 'x1': 0.8}, {'x0': 0.42, 'x1': 0.55}, {'x0': 0.4, 'x1': 0.6}, {'x0': 0.45, 'x1': 0.55}, {'x0': 0.4, 'x1': 0.55}, {'x0': 0.4, 'x1': 0.65}, {'x0': 0.8, 'x1': 0.1}, {'x0': 0.58, 'x1': 0.15}, {'x0': 0.6, 'x1': 0.05}, {'x0': 0.7, 'x1': 0.12}, {'x0': 0.65, 'x1': 0.1}, {'x0': 0.0, 'x1': 0.775}, {'x0': 0.15, 'x1': 0.775}, {'x0': 0.2, 'x1': 0.775}, {'x0': 0.1, 'x1': 0.775}, {'x0': 0.05, 'x1': 0.775}]","[[{'x0': 0.18, 'x1': 0.48}, {'F1': 10.35, 'F2': 8.45}], [{'x0': 0.01, 'x1': 0.8}, {'F1': 14.852, 'F2': 3.724}], [{'x0': 0.42, 'x1': 0.55}, {'F1': 20.735, 'F2': 8.077}], [{'x0': 0.8, 'x1': 0.1}, {'F1': 4.85, 'F2': 11.2}], [{'x0': 0.0, 'x1': 0.775}, {'F1': 55.821, 'F2': 1.684}]]","[{'x0': 0.0, 'x1': 0.85}, {'x0': 0.02, 'x1': 0.85}, {'x0': 0.0, 'x1': 0.775}, {'x0': 0.0, 'x1': 0.8}]","[{'F1': 11.062, 'F2': 10.024}, {'F1': 5.357, 'F2': 10.783}, {'F1': 20.206, 'F2': 10.002}, {'F1': 75.774, 'F2': 5.666}, {'F1': 9.964, 'F2': 8.564}, {'F1': 134.113, 'F2': 4.863}, {'F1': 13.031, 'F2': 8.185}, {'F1': 136.799, 'F2': 11.315}, {'F1': 6.217, 'F2': 10.879}, {'F1': 8.327, 'F2': 8.146}, {'F1': 11.914, 'F2': 8.398}, {'F1': 20.983, 'F2': 8.064}, {'F1': 23.851, 'F2': 8.0}, {'F1': 102.095, 'F2': 5.214}, {'F1': 50.738, 'F2': 6.371}, {'F1': 91.82, 'F2': 5.369}, {'F1': 14.437, 'F2': 8.248}, {'F1': 15.311, 'F2': 3.673}, {'F1': 85.207, 'F2': 5.258}, {'F1': 57.445, 'F2': 1.531}, {'F1': 1.128, 'F2': 4.856}]","[{'F1': 10.35, 'F2': 8.45}, {'F1': 10.22, 'F2': 8.41}, {'F1': 23.05, 'F2': 8.02}, {'F1': 18.48, 'F2': 8.71}, {'F1': 9.08, 'F2': 8.22}, {'F1': 14.852, 'F2': 3.724}, {'F1': 4.198, 'F2': 4.265}, {'F1': 1.129, 'F2': 4.856}, {'F1': 9.487, 'F2': 4.265}, {'F1': 14.581, 'F2': 3.673}, {'F1': 20.735, 'F2': 8.077}, {'F1': 29.254, 'F2': 7.572}, {'F1': 22.466, 'F2': 7.914}, {'F1': 20.888, 'F2': 8.073}, {'F1': 46.337, 'F2': 6.669}, {'F1': 4.85, 'F2': 11.2}, {'F1': 6.15, 'F2': 10.5}, {'F1': 5.7, 'F2': 11.7}, {'F1': 5.5, 'F2': 10.9}, {'F1': 5.85, 'F2': 11.25}, {'F1': 55.821, 'F2': 1.684}, {'F1': 28.453, 'F2': 4.521}, {'F1': 33.107, 'F2': 4.892}, {'F1': 22.345, 'F2': 4.187}, {'F1': 15.512, 'F2': 3.698}]","[[{'x0': 0.22, 'x1': 0.52}, {'F1': 10.22, 'F2': 8.41}], [{'x0': 0.0, 'x1': 0.85}, {'F1': 4.198, 'F2': 4.265}], [{'x0': 0.4, 'x1': 0.6}, {'F1': 29.254, 'F2': 7.572}], [{'x0': 0.58, 'x1': 0.15}, {'F1': 6.15, 'F2': 10.5}], [{'x0': 0.15, 'x1': 0.775}, {'F1': 28.453, 'F2': 4.521}]]","[{'F1': 4.198, 'F2': 4.265}, {'F1': 9.487, 'F2': 4.265}, {'F1': 55.821, 'F2': 1.684}, {'F1': 14.581, 'F2': 3.673}]"
"[{'x0': 0.432, 'x1': 0.291}, {'x0': 0.612, 'x1': 0.139}, {'x0': 0.292, 'x1': 0.366}, {'x0': 0.456, 'x1': 0.785}, {'x0': 0.2, 'x1': 0.514}, {'x0': 0.8, 'x1': 0.8}, {'x0': 0.25, 'x1': 0.55}, {'x0': 0.1, 'x1': 0.1}, {'x0': 0.62, 'x1': 0.12}, {'x0': 0.21, 'x1': 0.56}, {'x0': 0.24, 'x1': 0.53}, {'x0': 0.42, 'x1': 0.47}, {'x0': 0.38, 'x1': 0.5}, {'x0': 0.43, 'x1': 0.9}, {'x0': 0.4, 'x1': 0.7}, {'x0': 0.45, 'x1': 0.85}, {'x0': 0.48, 'x1': 0.42}, {'x0': 0.05, 'x1': 0.8}, {'x0': 0.3, 'x1': 1.0}, {'x0': 0.0, 'x1': 0.7}, {'x0': 0.1, 'x1': 0.9}, {'x0': 0.0, 'x1': 0.85}, {'x0': 0.02, 'x1': 0.85}, {'x0': 0.0, 'x1': 0.775}, {'x0': 0.0, 'x1': 0.8}]","[{'x0': 0.12, 'x1': 0.95}, {'x0': 0.09, 'x1': 0.88}, {'x0': 0.08, 'x1': 0.9}, {'x0': 0.1, 'x1': 0.92}, {'x0': 0.11, 'x1': 0.9}, {'x0': 0.19, 'x1': 0.56}, {'x0': 0.18, 'x1': 0.55}, {'x0': 0.22, 'x1': 0.55}, {'x0': 0.23, 'x1': 0.57}, {'x0': 0.2, 'x1': 0.55}, {'x0': 0.18, 'x1': 0.85}, {'x0': 0.22, 'x1': 0.87}, {'x0': 0.15, 'x1': 0.88}, {'x0': 0.2, 'x1': 0.9}, {'x0': 0.15, 'x1': 0.82}, {'x0': 0.36, 'x1': 0.55}, {'x0': 0.38, 'x1': 0.53}, {'x0': 0.6, 'x1': 0.31}, {'x0': 0.37, 'x1': 0.54}, {'x0': 0.8, 'x1': 0.31}, {'x0': 0.21, 'x1': 0.54}, {'x0': 0.22, 'x1': 0.55}, {'x0': 0.21, 'x1': 0.55}, {'x0': 0.2, 'x1': 0.55}, {'x0': 0.21, 'x1': 0.52}]","[[{'x0': 0.12, 'x1': 0.95}, {'F1': 1.352, 'F2': 5.648}], [{'x0': 0.19, 'x1': 0.56}, {'F1': 8.554, 'F2': 8.152}], [{'x0': 0.18, 'x1': 0.85}, {'F1': 42.15, 'F2': 3.42}], [{'x0': 0.36, 'x1': 0.55}, {'F1': 22.5, 'F2': 8.25}], [{'x0': 0.21, 'x1': 0.54}, {'F1': 9.491, 'F2': 8.322}]]","[{'x0': 0.08, 'x1': 0.9}, {'x0': 0.09, 'x1': 0.88}, {'x0': 0.21, 'x1': 0.52}, {'x0': 0.22, 'x1': 0.87}]","[{'F1': 11.062, 'F2': 10.024}, {'F1': 5.357, 'F2': 10.783}, {'F1': 20.206, 'F2': 10.002}, {'F1': 75.774, 'F2': 5.666}, {'F1': 9.964, 'F2': 8.564}, {'F1': 134.113, 'F2': 4.863}, {'F1': 13.031, 'F2': 8.185}, {'F1': 136.799, 'F2': 11.315}, {'F1': 6.217, 'F2': 10.879}, {'F1': 8.327, 'F2': 8.146}, {'F1': 11.914, 'F2': 8.398}, {'F1': 20.983, 'F2': 8.064}, {'F1': 23.851, 'F2': 8.0}, {'F1': 102.095, 'F2': 5.214}, {'F1': 50.738, 'F2': 6.371}, {'F1': 91.82, 'F2': 5.369}, {'F1': 14.437, 'F2': 8.248}, {'F1': 15.311, 'F2': 3.673}, {'F1': 85.207, 'F2': 5.258}, {'F1': 57.445, 'F2': 1.531}, {'F1': 1.128, 'F2': 4.856}, {'F1': 32.414, 'F2': 1.334}, {'F1': 22.726, 'F2': 2.25}, {'F1': 43.664, 'F2': 1.426}, {'F1': 39.632, 'F2': 1.394}]","[{'F1': 1.352, 'F2': 5.648}, {'F1': 2.451, 'F2': 4.503}, {'F1': 3.098, 'F2': 4.201}, {'F1': 1.254, 'F2': 5.102}, {'F1': 1.553, 'F2': 5.254}, {'F1': 8.554, 'F2': 8.152}, {'F1': 9.058, 'F2': 8.238}, {'F1': 10.152, 'F2': 8.238}, {'F1': 10.956, 'F2': 8.061}, {'F1': 9.354, 'F2': 8.238}, {'F1': 42.15, 'F2': 3.42}, {'F1': 38.7, 'F2': 3.85}, {'F1': 34.2, 'F2': 3.51}, {'F1': 31.75, 'F2': 4.98}, {'F1': 36.8, 'F2': 3.15}, {'F1': 22.5, 'F2': 8.25}, {'F1': 23.0, 'F2': 8.3}, {'F1': 8.0, 'F2': 10.05}, {'F1': 22.8, 'F2': 8.28}, {'F1': 5.5, 'F2': 10.05}, {'F1': 9.491, 'F2': 8.322}, {'F1': 9.942, 'F2': 8.221}, {'F1': 8.911, 'F2': 8.234}, {'F1': 7.88, 'F2': 8.246}, {'F1': 10.651, 'F2': 8.498}]","[[{'x0': 0.09, 'x1': 0.88}, {'F1': 2.451, 'F2': 4.503}], [{'x0': 0.18, 'x1': 0.55}, {'F1': 9.058, 'F2': 8.238}], [{'x0': 0.22, 'x1': 0.87}, {'F1': 38.7, 'F2': 3.85}], [{'x0': 0.38, 'x1': 0.53}, {'F1': 23.0, 'F2': 8.3}], [{'x0': 0.22, 'x1': 0.55}, {'F1': 9.942, 'F2': 8.221}]]","[{'F1': 3.098, 'F2': 4.201}, {'F1': 2.451, 'F2': 4.503}, {'F1': 10.651, 'F2': 8.498}, {'F1': 38.7, 'F2': 3.85}]"
"[{'x0': 0.432, 'x1': 0.291}, {'x0': 0.612, 'x1': 0.139}, {'x0': 0.292, 'x1': 0.366}, {'x0': 0.456, 'x1': 0.785}, {'x0': 0.2, 'x1': 0.514}, {'x0': 0.8, 'x1': 0.8}, {'x0': 0.25, 'x1': 0.55}, {'x0': 0.1, 'x1': 0.1}, {'x0': 0.62, 'x1': 0.12}, {'x0': 0.21, 'x1': 0.56}, {'x0': 0.24, 'x1': 0.53}, {'x0': 0.42, 'x1': 0.47}, {'x0': 0.38, 'x1': 0.5}, {'x0': 0.43, 'x1': 0.9}, {'x0': 0.4, 'x1': 0.7}, {'x0': 0.45, 'x1': 0.85}, {'x0': 0.48, 'x1': 0.42}, {'x0': 0.05, 'x1': 0.8}, {'x0': 0.3, 'x1': 1.0}, {'x0': 0.0, 'x1': 0.7}, {'x0': 0.1, 'x1': 0.9}, {'x0': 0.0, 'x1': 0.85}, {'x0': 0.02, 'x1': 0.85}, {'x0': 0.0, 'x1': 0.775}, {'x0': 0.0, 'x1': 0.8}, {'x0': 0.08, 'x1': 0.9}, {'x0': 0.09, 'x1': 0.88}, {'x0': 0.21, 'x1': 0.52}, {'x0': 0.22, 'x1': 0.87}]","[{'x0': 0.13, 'x1': 0.93}, {'x0': 0.12, 'x1': 0.92}, {'x0': 0.14, 'x1': 0.95}, {'x0': 0.11, 'x1': 0.9}, {'x0': 0.105, 'x1': 0.91}, {'x0': 0.4, 'x1': 0.95}, {'x0': 0.45, 'x1': 1.0}, {'x0': 0.4, 'x1': 1.0}, {'x0': 0.41, 'x1': 1.0}, {'x0': 0.42, 'x1': 0.9}, {'x0': 0.22, 'x1': 0.54}, {'x0': 0.2, 'x1': 0.53}, {'x0': 0.18, 'x1': 0.55}, {'x0': 0.15, 'x1': 0.55}, {'x0': 0.12, 'x1': 0.52}, {'x0': 0.95, 'x1': 0.45}, {'x0': 0.85, 'x1': 0.55}, {'x0': 1.0, 'x1': 0.5}, {'x0': 0.9, 'x1': 0.4}, {'x0': 0.8, 'x1': 0.35}, {'x0': 0.14, 'x1': 0.775}, {'x0': 0.1, 'x1': 0.79}, {'x0': 0.02, 'x1': 0.83}, {'x0': 0.05, 'x1': 0.81}, {'x0': 0.12, 'x1': 0.81}]","[[{'x0': 0.13, 'x1': 0.93}, {'F1': 1.485, 'F2': 4.621}], [{'x0': 0.4, 'x1': 0.95}, {'F1': 95.8, 'F2': 5.1}], [{'x0': 0.22, 'x1': 0.54}, {'F1': 10.18, 'F2': 8.2}], [{'x0': 0.95, 'x1': 0.45}, {'F1': 28.45, 'F2': 8.22}], [{'x0': 0.14, 'x1': 0.775}, {'F1': 4.521, 'F2': 2.834}]]","[{'x0': 0.14, 'x1': 0.775}, {'x0': 0.12, 'x1': 0.81}, {'x0': 0.1, 'x1': 0.79}, {'x0': 0.05, 'x1': 0.81}]","[{'F1': 11.062, 'F2': 10.024}, {'F1': 5.357, 'F2': 10.783}, {'F1': 20.206, 'F2': 10.002}, {'F1': 75.774, 'F2': 5.666}, {'F1': 9.964, 'F2': 8.564}, {'F1': 134.113, 'F2': 4.863}, {'F1': 13.031, 'F2': 8.185}, {'F1': 136.799, 'F2': 11.315}, {'F1': 6.217, 'F2': 10.879}, {'F1': 8.327, 'F2': 8.146}, {'F1': 11.914, 'F2': 8.398}, {'F1': 20.983, 'F2': 8.064}, {'F1': 23.851, 'F2': 8.0}, {'F1': 102.095, 'F2': 5.214}, {'F1': 50.738, 'F2': 6.371}, {'F1': 91.82, 'F2': 5.369}, {'F1': 14.437, 'F2': 8.248}, {'F1': 15.311, 'F2': 3.673}, {'F1': 85.207, 'F2': 5.258}, {'F1': 57.445, 'F2': 1.531}, {'F1': 1.128, 'F2': 4.856}, {'F1': 32.414, 'F2': 1.334}, {'F1': 22.726, 'F2': 2.25}, {'F1': 43.664, 'F2': 1.426}, {'F1': 39.632, 'F2': 1.394}, {'F1': 2.576, 'F2': 4.353}, {'F1': 1.721, 'F2': 4.698}, {'F1': 9.871, 'F2': 8.521}, {'F1': 24.532, 'F2': 6.031}]","[{'F1': 1.485, 'F2': 4.621}, {'F1': 1.392, 'F2': 4.558}, {'F1': 1.614, 'F2': 4.742}, {'F1': 1.237, 'F2': 4.815}, {'F1': 1.305, 'F2': 4.708}, {'F1': 95.8, 'F2': 5.1}, {'F1': 93.4, 'F2': 5.2}, {'F1': 90.7, 'F2': 5.2}, {'F1': 91.6, 'F2': 5.2}, {'F1': 98.9, 'F2': 5.0}, {'F1': 10.18, 'F2': 8.2}, {'F1': 9.3, 'F2': 8.33}, {'F1': 6.92, 'F2': 8.23}, {'F1': 4.85, 'F2': 8.33}, {'F1': 4.28, 'F2': 8.66}, {'F1': 28.45, 'F2': 8.22}, {'F1': 25.12, 'F2': 8.05}, {'F1': 26.88, 'F2': 8.11}, {'F1': 30.75, 'F2': 8.33}, {'F1': 33.2, 'F2': 8.54}, {'F1': 4.521, 'F2': 2.834}, {'F1': 1.342, 'F2': 3.517}, {'F1': 24.891, 'F2': 2.156}, {'F1': 13.456, 'F2': 3.421}, {'F1': 2.678, 'F2': 3.124}]","[[{'x0': 0.12, 'x1': 0.92}, {'F1': 1.392, 'F2': 4.558}], [{'x0': 0.45, 'x1': 1.0}, {'F1': 93.4, 'F2': 5.2}], [{'x0': 0.2, 'x1': 0.53}, {'F1': 9.3, 'F2': 8.33}], [{'x0': 0.85, 'x1': 0.55}, {'F1': 25.12, 'F2': 8.05}], [{'x0': 0.1, 'x1': 0.79}, {'F1': 1.342, 'F2': 3.517}]]","[{'F1': 4.521, 'F2': 2.834}, {'F1': 2.678, 'F2': 3.124}, {'F1': 1.342, 'F2': 3.517}, {'F1': 13.456, 'F2': 3.421}]"
"[{'x0': 0.432, 'x1': 0.291}, {'x0': 0.612, 'x1': 0.139}, {'x0': 0.292, 'x1': 0.366}, {'x0': 0.456, 'x1': 0.785}, {'x0': 0.2, 'x1': 0.514}, {'x0': 0.8, 'x1': 0.8}, {'x0': 0.25, 'x1': 0.55}, {'x0': 0.1, 'x1': 0.1}, {'x0': 0.62, 'x1': 0.12}, {'x0': 0.21, 'x1': 0.56}, {'x0': 0.24, 'x1': 0.53}, {'x0': 0.42, 'x1': 0.47}, {'x0': 0.38, 'x1': 0.5}, {'x0': 0.43, 'x1': 0.9}, {'x0': 0.4, 'x1': 0.7}, {'x0': 0.45, 'x1': 0.85}, {'x0': 0.48, 'x1': 0.42}, {'x0': 0.05, 'x1': 0.8}, {'x0': 0.3, 'x1': 1.0}, {'x0': 0.0, 'x1': 0.7}, {'x0': 0.1, 'x1': 0.9}, {'x0': 0.0, 'x1': 0.85}, {'x0': 0.02, 'x1': 0.85}, {'x0': 0.0, 'x1': 0.775}, {'x0': 0.0, 'x1': 0.8}, {'x0': 0.08, 'x1': 0.9}, {'x0': 0.09, 'x1': 0.88}, {'x0': 0.21, 'x1': 0.52}, {'x0': 0.22, 'x1': 0.87}, {'x0': 0.14, 'x1': 0.775}, {'x0': 0.12, 'x1': 0.81}, {'x0': 0.1, 'x1': 0.79}, {'x0': 0.05, 'x1': 0.81}]","[{'x0': 0.16, 'x1': 0.82}, {'x0': 0.15, 'x1': 0.8}, {'x0': 0.15, 'x1': 0.775}, {'x0': 0.17, 'x1': 0.775}, {'x0': 0.19, 'x1': 0.78}, {'x0': 0.07, 'x1': 1.0}, {'x0': 0.065, 'x1': 0.95}, {'x0': 0.06, 'x1': 0.92}, {'x0': 0.062, 'x1': 0.9}, {'x0': 0.068, 'x1': 0.98}, {'x0': 1.0, 'x1': 0.15}, {'x0': 0.8, 'x1': 0.1}, {'x0': 0.75, 'x1': 0.0}, {'x0': 0.9, 'x1': 0.05}, {'x0': 0.95, 'x1': 0.2}, {'x0': 0.405, 'x1': 0.75}, {'x0': 0.43, 'x1': 0.73}, {'x0': 0.4, 'x1': 0.72}, {'x0': 0.42, 'x1': 0.78}, {'x0': 0.41, 'x1': 0.8}, {'x0': 0.07, 'x1': 1.0}, {'x0': 0.15, 'x1': 0.84}, {'x0': 0.13, 'x1': 0.9}, {'x0': 0.11, 'x1': 0.85}, {'x0': 0.09, 'x1': 0.95}]","[[{'x0': 0.16, 'x1': 0.82}, {'F1': 1.32, 'F2': 6.18}], [{'x0': 0.07, 'x1': 1.0}, {'F1': 6.852, 'F2': 4.518}], [{'x0': 1.0, 'x1': 0.15}, {'F1': 10.0, 'F2': 10.8}], [{'x0': 0.405, 'x1': 0.75}, {'F1': 63.45, 'F2': 6.05}], [{'x0': 0.07, 'x1': 1.0}, {'F1': 2.05, 'F2': 5.15}]]","[{'x0': 0.062, 'x1': 0.9}, {'x0': 0.06, 'x1': 0.92}, {'x0': 0.065, 'x1': 0.95}, {'x0': 0.09, 'x1': 0.95}]","[{'F1': 11.062, 'F2': 10.024}, {'F1': 5.357, 'F2': 10.783}, {'F1': 20.206, 'F2': 10.002}, {'F1': 75.774, 'F2': 5.666}, {'F1': 9.964, 'F2': 8.564}, {'F1': 134.113, 'F2': 4.863}, {'F1': 13.031, 'F2': 8.185}, {'F1': 136.799, 'F2': 11.315}, {'F1': 6.217, 'F2': 10.879}, {'F1': 8.327, 'F2': 8.146}, {'F1': 11.914, 'F2': 8.398}, {'F1': 20.983, 'F2': 8.064}, {'F1': 23.851, 'F2': 8.0}, {'F1': 102.095, 'F2': 5.214}, {'F1': 50.738, 'F2': 6.371}, {'F1': 91.82, 'F2': 5.369}, {'F1': 14.437, 'F2': 8.248}, {'F1': 15.311, 'F2': 3.673}, {'F1': 85.207, 'F2': 5.258}, {'F1': 57.445, 'F2': 1.531}, {'F1': 1.128, 'F2': 4.856}, {'F1': 32.414, 'F2': 1.334}, {'F1': 22.726, 'F2': 2.25}, {'F1': 43.664, 'F2': 1.426}, {'F1': 39.632, 'F2': 1.394}, {'F1': 2.576, 'F2': 4.353}, {'F1': 1.721, 'F2': 4.698}, {'F1': 9.871, 'F2': 8.521}, {'F1': 24.532, 'F2': 6.031}, {'F1': 0.683, 'F2': 6.152}, {'F1': 0.485, 'F2': 5.662}, {'F1': 2.706, 'F2': 5.342}, {'F1': 14.404, 'F2': 3.64}]","[{'F1': 1.32, 'F2': 6.18}, {'F1': 0.98, 'F2': 5.95}, {'F1': 0.87, 'F2': 6.22}, {'F1': 1.65, 'F2': 6.38}, {'F1': 2.85, 'F2': 6.12}, {'F1': 6.852, 'F2': 4.518}, {'F1': 8.915, 'F2': 4.305}, {'F1': 10.748, 'F2': 4.142}, {'F1': 10.035, 'F2': 4.078}, {'F1': 7.795, 'F2': 4.461}, {'F1': 10.0, 'F2': 10.8}, {'F1': 8.0, 'F2': 11.3}, {'F1': 7.5, 'F2': 12.0}, {'F1': 9.0, 'F2': 11.8}, {'F1': 9.5, 'F2': 10.3}, {'F1': 63.45, 'F2': 6.05}, {'F1': 61.2, 'F2': 6.1}, {'F1': 52.8, 'F2': 6.25}, {'F1': 68.5, 'F2': 5.85}, {'F1': 79.1, 'F2': 5.55}, {'F1': 2.05, 'F2': 5.15}, {'F1': 0.98, 'F2': 5.71}, {'F1': 1.43, 'F2': 4.79}, {'F1': 1.16, 'F2': 5.11}, {'F1': 1.83, 'F2': 4.62}]","[[{'x0': 0.15, 'x1': 0.8}, {'F1': 0.98, 'F2': 5.95}], [{'x0': 0.065, 'x1': 0.95}, {'F1': 8.915, 'F2': 4.305}], [{'x0': 0.8, 'x1': 0.1}, {'F1': 8.0, 'F2': 11.3}], [{'x0': 0.43, 'x1': 0.73}, {'F1': 61.2, 'F2': 6.1}], [{'x0': 0.15, 'x1': 0.84}, {'F1': 0.98, 'F2': 5.71}]]","[{'F1': 10.035, 'F2': 4.078}, {'F1': 10.748, 'F2': 4.142}, {'F1': 8.915, 'F2': 4.305}, {'F1': 1.83, 'F2': 4.62}]"
"[{'x0': 0.432, 'x1': 0.291}, {'x0': 0.612, 'x1': 0.139}, {'x0': 0.292, 'x1': 0.366}, {'x0': 0.456, 'x1': 0.785}, {'x0': 0.2, 'x1': 0.514}, {'x0': 0.8, 'x1': 0.8}, {'x0': 0.25, 'x1': 0.55}, {'x0': 0.1, 'x1': 0.1}, {'x0': 0.62, 'x1': 0.12}, {'x0': 0.21, 'x1': 0.56}, {'x0': 0.24, 'x1': 0.53}, {'x0': 0.42, 'x1': 0.47}, {'x0': 0.38, 'x1': 0.5}, {'x0': 0.43, 'x1': 0.9}, {'x0': 0.4, 'x1': 0.7}, {'x0': 0.45, 'x1': 0.85}, {'x0': 0.48, 'x1': 0.42}, {'x0': 0.05, 'x1': 0.8}, {'x0': 0.3, 'x1': 1.0}, {'x0': 0.0, 'x1': 0.7}, {'x0': 0.1, 'x1': 0.9}, {'x0': 0.0, 'x1': 0.85}, {'x0': 0.02, 'x1': 0.85}, {'x0': 0.0, 'x1': 0.775}, {'x0': 0.0, 'x1': 0.8}, {'x0': 0.08, 'x1': 0.9}, {'x0': 0.09, 'x1': 0.88}, {'x0': 0.21, 'x1': 0.52}, {'x0': 0.22, 'x1': 0.87}, {'x0': 0.14, 'x1': 0.775}, {'x0': 0.12, 'x1': 0.81}, {'x0': 0.1, 'x1': 0.79}, {'x0': 0.05, 'x1': 0.81}, {'x0': 0.062, 'x1': 0.9}, {'x0': 0.06, 'x1': 0.92}, {'x0': 0.065, 'x1': 0.95}, {'x0': 0.09, 'x1': 0.95}]","[{'x0': 0.42, 'x1': 0.55}, {'x0': 0.4, 'x1': 0.6}, {'x0': 0.45, 'x1': 0.58}, {'x0': 0.4, 'x1': 0.55}, {'x0': 0.4, 'x1': 0.65}, {'x0': 0.44, 'x1': 0.55}, {'x0': 0.36, 'x1': 0.31}, {'x0': 0.37, 'x1': 0.4}, {'x0': 0.38, 'x1': 0.45}, {'x0': 0.41, 'x1': 0.32}, {'x0': 0.2, 'x1': 0.54}, {'x0': 0.23, 'x1': 0.52}, {'x0': 0.19, 'x1': 0.55}, {'x0': 0.21, 'x1': 0.55}, {'x0': 0.22, 'x1': 0.53}, {'x0': 0.069, 'x1': 0.79}, {'x0': 0.07, 'x1': 0.775}, {'x0': 0.068, 'x1': 0.78}, {'x0': 0.065, 'x1': 0.775}, {'x0': 0.062, 'x1': 0.775}, {'x0': 0.075, 'x1': 0.78}, {'x0': 0.095, 'x1': 0.82}, {'x0': 0.105, 'x1': 0.84}, {'x0': 0.115, 'x1': 0.855}, {'x0': 0.085, 'x1': 0.8}]","[[{'x0': 0.42, 'x1': 0.55}, {'F1': 22.45, 'F2': 8.18}], [{'x0': 0.44, 'x1': 0.55}, {'F1': 20.45, 'F2': 8.08}], [{'x0': 0.2, 'x1': 0.54}, {'F1': 9.788, 'F2': 8.383}], [{'x0': 0.069, 'x1': 0.79}, {'F1': 9.52, 'F2': 4.11}], [{'x0': 0.075, 'x1': 0.78}, {'F1': 2.854, 'F2': 4.251}]]","[{'x0': 0.115, 'x1': 0.855}, {'x0': 0.075, 'x1': 0.78}, {'x0': 0.095, 'x1': 0.82}, {'x0': 0.085, 'x1': 0.8}]","[{'F1': 11.062, 'F2': 10.024}, {'F1': 5.357, 'F2': 10.783}, {'F1': 20.206, 'F2': 10.002}, {'F1': 75.774, 'F2': 5.666}, {'F1': 9.964, 'F2': 8.564}, {'F1': 134.113, 'F2': 4.863}, {'F1': 13.031, 'F2': 8.185}, {'F1': 136.799, 'F2': 11.315}, {'F1': 6.217, 'F2': 10.879}, {'F1': 8.327, 'F2': 8.146}, {'F1': 11.914, 'F2': 8.398}, {'F1': 20.983, 'F2': 8.064}, {'F1': 23.851, 'F2': 8.0}, {'F1': 102.095, 'F2': 5.214}, {'F1': 50.738, 'F2': 6.371}, {'F1': 91.82, 'F2': 5.369}, {'F1': 14.437, 'F2': 8.248}, {'F1': 15.311, 'F2': 3.673}, {'F1': 85.207, 'F2': 5.258}, {'F1': 57.445, 'F2': 1.531}, {'F1': 1.128, 'F2': 4.856}, {'F1': 32.414, 'F2': 1.334}, {'F1': 22.726, 'F2': 2.25}, {'F1': 43.664, 'F2': 1.426}, {'F1': 39.632, 'F2': 1.394}, {'F1': 2.576, 'F2': 4.353}, {'F1': 1.721, 'F2': 4.698}, {'F1': 9.871, 'F2': 8.521}, {'F1': 24.532, 'F2': 6.031}, {'F1': 0.683, 'F2': 6.152}, {'F1': 0.485, 'F2': 5.662}, {'F1': 2.706, 'F2': 5.342}, {'F1': 14.404, 'F2': 3.64}, {'F1': 5.496, 'F2': 3.794}, {'F1': 5.285, 'F2': 3.665}, {'F1': 3.969, 'F2': 3.739}, {'F1': 2.13, 'F2': 4.435}]","[{'F1': 22.45, 'F2': 8.18}, {'F1': 23.1, 'F2': 8.22}, {'F1': 21.85, 'F2': 8.15}, {'F1': 22.95, 'F2': 8.2}, {'F1': 21.2, 'F2': 8.12}, {'F1': 20.45, 'F2': 8.08}, {'F1': 16.15, 'F2': 9.88}, {'F1': 21.75, 'F2': 8.78}, {'F1': 22.55, 'F2': 8.04}, {'F1': 11.85, 'F2': 9.92}, {'F1': 9.788, 'F2': 8.383}, {'F1': 11.09, 'F2': 8.417}, {'F1': 9.52, 'F2': 8.313}, {'F1': 8.976, 'F2': 8.216}, {'F1': 10.91, 'F2': 8.411}, {'F1': 9.52, 'F2': 4.11}, {'F1': 9.85, 'F2': 4.15}, {'F1': 9.61, 'F2': 4.07}, {'F1': 10.48, 'F2': 3.95}, {'F1': 11.24, 'F2': 3.83}, {'F1': 2.854, 'F2': 4.251}, {'F1': 1.652, 'F2': 4.653}, {'F1': 1.148, 'F2': 4.952}, {'F1': 0.749, 'F2': 5.254}, {'F1': 2.253, 'F2': 4.551}]","[[{'x0': 0.4, 'x1': 0.6}, {'F1': 23.1, 'F2': 8.22}], [{'x0': 0.36, 'x1': 0.31}, {'F1': 16.15, 'F2': 9.88}], [{'x0': 0.23, 'x1': 0.52}, {'F1': 11.09, 'F2': 8.417}], [{'x0': 0.07, 'x1': 0.775}, {'F1': 9.85, 'F2': 4.15}], [{'x0': 0.095, 'x1': 0.82}, {'F1': 1.652, 'F2': 4.653}]]","[{'F1': 0.749, 'F2': 5.254}, {'F1': 2.854, 'F2': 4.251}, {'F1': 1.652, 'F2': 4.653}, {'F1': 2.253, 'F2': 4.551}]"
"[{'x0': 0.432, 'x1': 0.291}, {'x0': 0.612, 'x1': 0.139}, {'x0': 0.292, 'x1': 0.366}, {'x0': 0.456, 'x1': 0.785}, {'x0': 0.2, 'x1': 0.514}, {'x0': 0.8, 'x1': 0.8}, {'x0': 0.25, 'x1': 0.55}, {'x0': 0.1, 'x1': 0.1}, {'x0': 0.62, 'x1': 0.12}, {'x0': 0.21, 'x1': 0.56}, {'x0': 0.24, 'x1': 0.53}, {'x0': 0.42, 'x1': 0.47}, {'x0': 0.38, 'x1': 0.5}, {'x0': 0.43, 'x1': 0.9}, {'x0': 0.4, 'x1': 0.7}, {'x0': 0.45, 'x1': 0.85}, {'x0': 0.48, 'x1': 0.42}, {'x0': 0.05, 'x1': 0.8}, {'x0': 0.3, 'x1': 1.0}, {'x0': 0.0, 'x1': 0.7}, {'x0': 0.1, 'x1': 0.9}, {'x0': 0.0, 'x1': 0.85}, {'x0': 0.02, 'x1': 0.85}, {'x0': 0.0, 'x1': 0.775}, {'x0': 0.0, 'x1': 0.8}, {'x0': 0.08, 'x1': 0.9}, {'x0': 0.09, 'x1': 0.88}, {'x0': 0.21, 'x1': 0.52}, {'x0': 0.22, 'x1': 0.87}, {'x0': 0.14, 'x1': 0.775}, {'x0': 0.12, 'x1': 0.81}, {'x0': 0.1, 'x1': 0.79}, {'x0': 0.05, 'x1': 0.81}, {'x0': 0.062, 'x1': 0.9}, {'x0': 0.06, 'x1': 0.92}, {'x0': 0.065, 'x1': 0.95}, {'x0': 0.09, 'x1': 0.95}, {'x0': 0.115, 'x1': 0.855}, {'x0': 0.075, 'x1': 0.78}, {'x0': 0.095, 'x1': 0.82}, {'x0': 0.085, 'x1': 0.8}]","[{'x0': 0.05, 'x1': 0.775}, {'x0': 0.08, 'x1': 0.75}, {'x0': 0.12, 'x1': 0.7}, {'x0': 0.02, 'x1': 0.775}, {'x0': 0.1, 'x1': 0.775}, {'x0': 0.145, 'x1': 0.8}, {'x0': 0.11, 'x1': 0.775}, {'x0': 0.07, 'x1': 0.81}, {'x0': 0.09, 'x1': 0.8}, {'x0': 0.13, 'x1': 0.785}, {'x0': 0.068, 'x1': 0.805}, {'x0': 0.07, 'x1': 0.81}, {'x0': 0.07, 'x1': 0.78}, {'x0': 0.06, 'x1': 0.81}, {'x0': 0.065, 'x1': 0.812}, {'x0': 0.7, 'x1': 0.2}, {'x0': 0.85, 'x1': 0.31}, {'x0': 0.5, 'x1': 0.1}, {'x0': 1.0, 'x1': 0.05}, {'x0': 0.36, 'x1': 0.0}, {'x0': 0.18, 'x1': 0.9}, {'x0': 0.17, 'x1': 0.96}, {'x0': 0.155, 'x1': 0.98}, {'x0': 0.15, 'x1': 0.95}, {'x0': 0.16, 'x1': 0.92}]","[[{'x0': 0.05, 'x1': 0.775}, {'F1': 14.85, 'F2': 3.66}], [{'x0': 0.145, 'x1': 0.8}, {'F1': 0.62, 'F2': 5.95}], [{'x0': 0.068, 'x1': 0.805}, {'F1': 5.62, 'F2': 3.78}], [{'x0': 0.7, 'x1': 0.2}, {'F1': 9.12, 'F2': 10.48}], [{'x0': 0.18, 'x1': 0.9}, {'F1': 0.642, 'F2': 5.583}]]","[{'x0': 0.155, 'x1': 0.98}, {'x0': 0.15, 'x1': 0.95}, {'x0': 0.17, 'x1': 0.96}, {'x0': 0.08, 'x1': 0.75}]","[{'F1': 11.062, 'F2': 10.024}, {'F1': 5.357, 'F2': 10.783}, {'F1': 20.206, 'F2': 10.002}, {'F1': 75.774, 'F2': 5.666}, {'F1': 9.964, 'F2': 8.564}, {'F1': 134.113, 'F2': 4.863}, {'F1': 13.031, 'F2': 8.185}, {'F1': 136.799, 'F2': 11.315}, {'F1': 6.217, 'F2': 10.879}, {'F1': 8.327, 'F2': 8.146}, {'F1': 11.914, 'F2': 8.398}, {'F1': 20.983, 'F2': 8.064}, {'F1': 23.851, 'F2': 8.0}, {'F1': 102.095, 'F2': 5.214}, {'F1': 50.738, 'F2': 6.371}, {'F1': 91.82, 'F2': 5.369}, {'F1': 14.437, 'F2': 8.248}, {'F1': 15.311, 'F2': 3.673}, {'F1': 85.207, 'F2': 5.258}, {'F1': 57.445, 'F2': 1.531}, {'F1': 1.128, 'F2': 4.856}, {'F1': 32.414, 'F2': 1.334}, {'F1': 22.726, 'F2': 2.25}, {'F1': 43.664, 'F2': 1.426}, {'F1': 39.632, 'F2': 1.394}, {'F1': 2.576, 'F2': 4.353}, {'F1': 1.721, 'F2': 4.698}, {'F1': 9.871, 'F2': 8.521}, {'F1': 24.532, 'F2': 6.031}, {'F1': 0.683, 'F2': 6.152}, {'F1': 0.485, 'F2': 5.662}, {'F1': 2.706, 'F2': 5.342}, {'F1': 14.404, 'F2': 3.64}, {'F1': 5.496, 'F2': 3.794}, {'F1': 5.285, 'F2': 3.665}, {'F1': 3.969, 'F2': 3.739}, {'F1': 2.13, 'F2': 4.435}, {'F1': 0.535, 'F2': 5.354}, {'F1': 8.66, 'F2': 4.671}, {'F1': 2.369, 'F2': 5.078}, {'F1': 4.948, 'F2': 4.896}]","[{'F1': 14.85, 'F2': 3.66}, {'F1': 2.58, 'F2': 4.35}, {'F1': 0.49, 'F2': 5.66}, {'F1': 22.73, 'F2': 2.25}, {'F1': 1.92, 'F2': 5.34}, {'F1': 0.62, 'F2': 5.95}, {'F1': 1.35, 'F2': 5.65}, {'F1': 5.1, 'F2': 4.4}, {'F1': 3.75, 'F2': 4.85}, {'F1': 0.59, 'F2': 5.8}, {'F1': 5.62, 'F2': 3.78}, {'F1': 5.15, 'F2': 3.82}, {'F1': 7.85, 'F2': 4.55}, {'F1': 8.95, 'F2': 3.72}, {'F1': 5.88, 'F2': 3.76}, {'F1': 9.12, 'F2': 10.48}, {'F1': 11.35, 'F2': 10.05}, {'F1': 6.48, 'F2': 11.02}, {'F1': 7.15, 'F2': 11.85}, {'F1': 24.8, 'F2': 13.2}, {'F1': 0.642, 'F2': 5.583}, {'F1': 0.581, 'F2': 5.312}, {'F1': 0.514, 'F2': 5.105}, {'F1': 0.593, 'F2': 5.228}, {'F1': 0.615, 'F2': 5.401}]","[[{'x0': 0.08, 'x1': 0.75}, {'F1': 2.58, 'F2': 4.35}], [{'x0': 0.11, 'x1': 0.775}, {'F1': 1.35, 'F2': 5.65}], [{'x0': 0.07, 'x1': 0.81}, {'F1': 5.15, 'F2': 3.82}], [{'x0': 0.85, 'x1': 0.31}, {'F1': 11.35, 'F2': 10.05}], [{'x0': 0.17, 'x1': 0.96}, {'F1': 0.581, 'F2': 5.312}]]","[{'F1': 0.514, 'F2': 5.105}, {'F1': 0.593, 'F2': 5.228}, {'F1': 0.581, 'F2': 5.312}, {'F1': 2.58, 'F2': 4.35}]"
"[{'x0': 0.432, 'x1': 0.291}, {'x0': 0.612, 'x1': 0.139}, {'x0': 0.292, 'x1': 0.366}, {'x0': 0.456, 'x1': 0.785}, {'x0': 0.2, 'x1': 0.514}, {'x0': 0.8, 'x1': 0.8}, {'x0': 0.25, 'x1': 0.55}, {'x0': 0.1, 'x1': 0.1}, {'x0': 0.62, 'x1': 0.12}, {'x0': 0.21, 'x1': 0.56}, {'x0': 0.24, 'x1': 0.53}, {'x0': 0.42, 'x1': 0.47}, {'x0': 0.38, 'x1': 0.5}, {'x0': 0.43, 'x1': 0.9}, {'x0': 0.4, 'x1': 0.7}, {'x0': 0.45, 'x1': 0.85}, {'x0': 0.48, 'x1': 0.42}, {'x0': 0.05, 'x1': 0.8}, {'x0': 0.3, 'x1': 1.0}, {'x0': 0.0, 'x1': 0.7}, {'x0': 0.1, 'x1': 0.9}, {'x0': 0.0, 'x1': 0.85}, {'x0': 0.02, 'x1': 0.85}, {'x0': 0.0, 'x1': 0.775}, {'x0': 0.0, 'x1': 0.8}, {'x0': 0.08, 'x1': 0.9}, {'x0': 0.09, 'x1': 0.88}, {'x0': 0.21, 'x1': 0.52}, {'x0': 0.22, 'x1': 0.87}, {'x0': 0.14, 'x1': 0.775}, {'x0': 0.12, 'x1': 0.81}, {'x0': 0.1, 'x1': 0.79}, {'x0': 0.05, 'x1': 0.81}, {'x0': 0.062, 'x1': 0.9}, {'x0': 0.06, 'x1': 0.92}, {'x0': 0.065, 'x1': 0.95}, {'x0': 0.09, 'x1': 0.95}, {'x0': 0.115, 'x1': 0.855}, {'x0': 0.075, 'x1': 0.78}, {'x0': 0.095, 'x1': 0.82}, {'x0': 0.085, 'x1': 0.8}, {'x0': 0.155, 'x1': 0.98}, {'x0': 0.15, 'x1': 0.95}, {'x0': 0.17, 'x1': 0.96}, {'x0': 0.08, 'x1': 0.75}]","[{'x0': 0.1, 'x1': 0.52}, {'x0': 0.05, 'x1': 0.55}, {'x0': 0.18, 'x1': 0.54}, {'x0': 0.02, 'x1': 0.5}, {'x0': 0.0, 'x1': 0.55}, {'x0': 0.55, 'x1': 0.05}, {'x0': 0.88, 'x1': 0.12}, {'x0': 0.65, 'x1': 0.15}, {'x0': 0.75, 'x1': 0.28}, {'x0': 0.95, 'x1': 0.2}, {'x0': 0.05, 'x1': 0.95}, {'x0': 0.04, 'x1': 0.99}, {'x0': 0.1, 'x1': 0.98}, {'x0': 0.02, 'x1': 0.92}, {'x0': 0.08, 'x1': 1.0}, {'x0': 0.45, 'x1': 0.55}, {'x0': 0.4, 'x1': 0.55}, {'x0': 0.41, 'x1': 0.57}, {'x0': 0.4, 'x1': 0.65}, {'x0': 0.43, 'x1': 0.6}, {'x0': 0.5, 'x1': 0.4}, {'x0': 0.6, 'x1': 0.55}, {'x0': 0.36, 'x1': 0.4}, {'x0': 0.75, 'x1': 0.31}, {'x0': 0.36, 'x1': 0.55}]","[[{'x0': 0.1, 'x1': 0.52}, {'F1': 5.821, 'F2': 8.345}], [{'x0': 0.55, 'x1': 0.05}, {'F1': 6.85, 'F2': 10.92}], [{'x0': 0.05, 'x1': 0.95}, {'F1': 7.5, 'F2': 3.8}], [{'x0': 0.45, 'x1': 0.55}, {'F1': 28.54, 'F2': 7.57}], [{'x0': 0.5, 'x1': 0.4}, {'F1': 14.82, 'F2': 8.25}]]","[{'x0': 0.04, 'x1': 0.99}, {'x0': 0.02, 'x1': 0.92}, {'x0': 0.36, 'x1': 0.55}, {'x0': 0.05, 'x1': 0.55}]","[{'F1': 11.062, 'F2': 10.024}, {'F1': 5.357, 'F2': 10.783}, {'F1': 20.206, 'F2': 10.002}, {'F1': 75.774, 'F2': 5.666}, {'F1': 9.964, 'F2': 8.564}, {'F1': 134.113, 'F2': 4.863}, {'F1': 13.031, 'F2': 8.185}, {'F1': 136.799, 'F2': 11.315}, {'F1': 6.217, 'F2': 10.879}, {'F1': 8.327, 'F2': 8.146}, {'F1': 11.914, 'F2': 8.398}, {'F1': 20.983, 'F2': 8.064}, {'F1': 23.851, 'F2': 8.0}, {'F1': 102.095, 'F2': 5.214}, {'F1': 50.738, 'F2': 6.371}, {'F1': 91.82, 'F2': 5.369}, {'F1': 14.437, 'F2': 8.248}, {'F1': 15.311, 'F2': 3.673}, {'F1': 85.207, 'F2': 5.258}, {'F1': 57.445, 'F2': 1.531}, {'F1': 1.128, 'F2': 4.856}, {'F1': 32.414, 'F2': 1.334}, {'F1': 22.726, 'F2': 2.25}, {'F1': 43.664, 'F2': 1.426}, {'F1': 39.632, 'F2': 1.394}, {'F1': 2.576, 'F2': 4.353}, {'F1': 1.721, 'F2': 4.698}, {'F1': 9.871, 'F2': 8.521}, {'F1': 24.532, 'F2': 6.031}, {'F1': 0.683, 'F2': 6.152}, {'F1': 0.485, 'F2': 5.662}, {'F1': 2.706, 'F2': 5.342}, {'F1': 14.404, 'F2': 3.64}, {'F1': 5.496, 'F2': 3.794}, {'F1': 5.285, 'F2': 3.665}, {'F1': 3.969, 'F2': 3.739}, {'F1': 2.13, 'F2': 4.435}, {'F1': 0.535, 'F2': 5.354}, {'F1': 8.66, 'F2': 4.671}, {'F1': 2.369, 'F2': 5.078}, {'F1': 4.948, 'F2': 4.896}, {'F1': 13.802, 'F2': 5.309}, {'F1': 9.513, 'F2': 5.395}, {'F1': 16.482, 'F2': 5.492}, {'F1': 9.498, 'F2': 4.969}]","[{'F1': 5.821, 'F2': 8.345}, {'F1': 3.152, 'F2': 8.281}, {'F1': 9.053, 'F2': 8.322}, {'F1': 1.487, 'F2': 8.164}, {'F1': 0.754, 'F2': 8.083}, {'F1': 6.85, 'F2': 10.92}, {'F1': 4.18, 'F2': 10.58}, {'F1': 5.72, 'F2': 10.41}, {'F1': 5.05, 'F2': 10.08}, {'F1': 3.85, 'F2': 10.25}, {'F1': 7.5, 'F2': 3.8}, {'F1': 18.0, 'F2': 3.0}, {'F1': 1.5, 'F2': 5.0}, {'F1': 22.0, 'F2': 2.8}, {'F1': 2.5, 'F2': 4.5}, {'F1': 28.54, 'F2': 7.57}, {'F1': 25.21, 'F2': 7.57}, {'F1': 26.83, 'F2': 7.4}, {'F1': 42.15, 'F2': 6.71}, {'F1': 32.4, 'F2': 7.14}, {'F1': 14.82, 'F2': 8.25}, {'F1': 12.15, 'F2': 7.9}, {'F1': 21.5, 'F2': 8.5}, {'F1': 7.2, 'F2': 10.5}, {'F1': 22.5, 'F2': 7.95}]","[[{'x0': 0.05, 'x1': 0.55}, {'F1': 3.152, 'F2': 8.281}], [{'x0': 0.88, 'x1': 0.12}, {'F1': 4.18, 'F2': 10.58}], [{'x0': 0.04, 'x1': 0.99}, {'F1': 18.0, 'F2': 3.0}], [{'x0': 0.4, 'x1': 0.55}, {'F1': 25.21, 'F2': 7.57}], [{'x0': 0.6, 'x1': 0.55}, {'F1': 12.15, 'F2': 7.9}]]","[{'F1': 18.0, 'F2': 3.0}, {'F1': 22.0, 'F2': 2.8}, {'F1': 22.5, 'F2': 7.95}, {'F1': 3.152, 'F2': 8.281}]"
"[{'x0': 0.432, 'x1': 0.291}, {'x0': 0.612, 'x1': 0.139}, {'x0': 0.292, 'x1': 0.366}, {'x0': 0.456, 'x1': 0.785}, {'x0': 0.2, 'x1': 0.514}, {'x0': 0.8, 'x1': 0.8}, {'x0': 0.25, 'x1': 0.55}, {'x0': 0.1, 'x1': 0.1}, {'x0': 0.62, 'x1': 0.12}, {'x0': 0.21, 'x1': 0.56}, {'x0': 0.24, 'x1': 0.53}, {'x0': 0.42, 'x1': 0.47}, {'x0': 0.38, 'x1': 0.5}, {'x0': 0.43, 'x1': 0.9}, {'x0': 0.4, 'x1': 0.7}, {'x0': 0.45, 'x1': 0.85}, {'x0': 0.48, 'x1': 0.42}, {'x0': 0.05, 'x1': 0.8}, {'x0': 0.3, 'x1': 1.0}, {'x0': 0.0, 'x1': 0.7}, {'x0': 0.1, 'x1': 0.9}, {'x0': 0.0, 'x1': 0.85}, {'x0': 0.02, 'x1': 0.85}, {'x0': 0.0, 'x1': 0.775}, {'x0': 0.0, 'x1': 0.8}, {'x0': 0.08, 'x1': 0.9}, {'x0': 0.09, 'x1': 0.88}, {'x0': 0.21, 'x1': 0.52}, {'x0': 0.22, 'x1': 0.87}, {'x0': 0.14, 'x1': 0.775}, {'x0': 0.12, 'x1': 0.81}, {'x0': 0.1, 'x1': 0.79}, {'x0': 0.05, 'x1': 0.81}, {'x0': 0.062, 'x1': 0.9}, {'x0': 0.06, 'x1': 0.92}, {'x0': 0.065, 'x1': 0.95}, {'x0': 0.09, 'x1': 0.95}, {'x0': 0.115, 'x1': 0.855}, {'x0': 0.075, 'x1': 0.78}, {'x0': 0.095, 'x1': 0.82}, {'x0': 0.085, 'x1': 0.8}, {'x0': 0.155, 'x1': 0.98}, {'x0': 0.15, 'x1': 0.95}, {'x0': 0.17, 'x1': 0.96}, {'x0': 0.08, 'x1': 0.75}, {'x0': 0.04, 'x1': 0.99}, {'x0': 0.02, 'x1': 0.92}, {'x0': 0.36, 'x1': 0.55}, {'x0': 0.05, 'x1': 0.55}]","[{'x0': 0.12, 'x1': 0.84}, {'x0': 0.1, 'x1': 0.86}, {'x0': 0.11, 'x1': 0.85}, {'x0': 0.09, 'x1': 0.87}, {'x0': 0.13, 'x1': 0.83}, {'x0': 0.105, 'x1': 0.89}, {'x0': 0.11, 'x1': 0.91}, {'x0': 0.125, 'x1': 0.93}, {'x0': 0.135, 'x1': 0.94}, {'x0': 0.095, 'x1': 0.905}, {'x0': 0.05, 'x1': 0.95}, {'x0': 0.12, 'x1': 0.98}, {'x0': 0.02, 'x1': 1.0}, {'x0': 0.08, 'x1': 0.96}, {'x0': 0.14, 'x1': 0.99}, {'x0': 0.25, 'x1': 0.65}, {'x0': 0.19, 'x1': 0.56}, {'x0': 0.23, 'x1': 0.61}, {'x0': 0.31, 'x1': 0.7}, {'x0': 0.37, 'x1': 0.76}, {'x0': 0.25, 'x1': 0.25}, {'x0': 0.05, 'x1': 0.5}, {'x0': 0.15, 'x1': 0.5}, {'x0': 0.1, 'x1': 0.45}, {'x0': 0.2, 'x1': 0.35}]","[[{'x0': 0.12, 'x1': 0.84}, {'F1': 0.914, 'F2': 5.238}], [{'x0': 0.105, 'x1': 0.89}, {'F1': 1.352, 'F2': 4.821}], [{'x0': 0.05, 'x1': 0.95}, {'F1': 2.0, 'F2': 4.5}], [{'x0': 0.25, 'x1': 0.65}, {'F1': 11.8, 'F2': 7.9}], [{'x0': 0.25, 'x1': 0.25}, {'F1': 16.5, 'F2': 8.9}]]","[{'x0': 0.14, 'x1': 0.99}, {'x0': 0.09, 'x1': 0.87}, {'x0': 0.11, 'x1': 0.85}, {'x0': 0.05, 'x1': 0.95}]","[{'F1': 11.062, 'F2': 10.024}, {'F1': 5.357, 'F2': 10.783}, {'F1': 20.206, 'F2': 10.002}, {'F1': 75.774, 'F2': 5.666}, {'F1': 9.964, 'F2': 8.564}, {'F1': 134.113, 'F2': 4.863}, {'F1': 13.031, 'F2': 8.185}, {'F1': 136.799, 'F2': 11.315}, {'F1': 6.217, 'F2': 10.879}, {'F1': 8.327, 'F2': 8.146}, {'F1': 11.914, 'F2': 8.398}, {'F1': 20.983, 'F2': 8.064}, {'F1': 23.851, 'F2': 8.0}, {'F1': 102.095, 'F2': 5.214}, {'F1': 50.738, 'F2': 6.371}, {'F1': 91.82, 'F2': 5.369}, {'F1': 14.437, 'F2': 8.248}, {'F1': 15.311, 'F2': 3.673}, {'F1': 85.207, 'F2': 5.258}, {'F1': 57.445, 'F2': 1.531}, {'F1': 1.128, 'F2': 4.856}, {'F1': 32.414, 'F2': 1.334}, {'F1': 22.726, 'F2': 2.25}, {'F1': 43.664, 'F2': 1.426}, {'F1': 39.632, 'F2': 1.394}, {'F1': 2.576, 'F2': 4.353}, {'F1': 1.721, 'F2': 4.698}, {'F1': 9.871, 'F2': 8.521}, {'F1': 24.532, 'F2': 6.031}, {'F1': 0.683, 'F2': 6.152}, {'F1': 0.485, 'F2': 5.662}, {'F1': 2.706, 'F2': 5.342}, {'F1': 14.404, 'F2': 3.64}, {'F1': 5.496, 'F2': 3.794}, {'F1': 5.285, 'F2': 3.665}, {'F1': 3.969, 'F2': 3.739}, {'F1': 2.13, 'F2': 4.435}, {'F1': 0.535, 'F2': 5.354}, {'F1': 8.66, 'F2': 4.671}, {'F1': 2.369, 'F2': 5.078}, {'F1': 4.948, 'F2': 4.896}, {'F1': 13.802, 'F2': 5.309}, {'F1': 9.513, 'F2': 5.395}, {'F1': 16.482, 'F2': 5.492}, {'F1': 9.498, 'F2': 4.969}, {'F1': 7.476, 'F2': 2.778}, {'F1': 16.302, 'F2': 2.121}, {'F1': 27.058, 'F2': 7.663}, {'F1': 52.605, 'F2': 4.719}]","[{'F1': 0.914, 'F2': 5.238}, {'F1': 1.128, 'F2': 4.969}, {'F1': 0.716, 'F2': 5.29}, {'F1': 1.425, 'F2': 4.635}, {'F1': 0.568, 'F2': 5.722}, {'F1': 1.352, 'F2': 4.821}, {'F1': 1.248, 'F2': 4.853}, {'F1': 1.512, 'F2': 5.045}, {'F1': 1.605, 'F2': 5.112}, {'F1': 1.401, 'F2': 4.805}, {'F1': 2.0, 'F2': 4.5}, {'F1': 1.0, 'F2': 5.3}, {'F1': 1.5, 'F2': 5.3}, {'F1': 2.5, 'F2': 5.5}, {'F1': 6.0, 'F2': 2.8}, {'F1': 11.8, 'F2': 7.9}, {'F1': 10.1, 'F2': 8.4}, {'F1': 14.5, 'F2': 8.1}, {'F1': 42.0, 'F2': 5.3}, {'F1': 62.5, 'F2': 5.8}, {'F1': 16.5, 'F2': 8.9}, {'F1': 34.0, 'F2': 4.5}, {'F1': 10.6, 'F2': 8.4}, {'F1': 14.5, 'F2': 8.5}, {'F1': 14.0, 'F2': 9.5}]","[[{'x0': 0.1, 'x1': 0.86}, {'F1': 1.128, 'F2': 4.969}], [{'x0': 0.11, 'x1': 0.91}, {'F1': 1.248, 'F2': 4.853}], [{'x0': 0.12, 'x1': 0.98}, {'F1': 1.0, 'F2': 5.3}], [{'x0': 0.19, 'x1': 0.56}, {'F1': 10.1, 'F2': 8.4}], [{'x0': 0.05, 'x1': 0.5}, {'F1': 34.0, 'F2': 4.5}]]","[{'F1': 6.0, 'F2': 2.8}, {'F1': 1.425, 'F2': 4.635}, {'F1': 0.716, 'F2': 5.29}, {'F1': 2.0, 'F2': 4.5}]"
"[{'x0': 0.432, 'x1': 0.291}, {'x0': 0.612, 'x1': 0.139}, {'x0': 0.292, 'x1': 0.366}, {'x0': 0.456, 'x1': 0.785}, {'x0': 0.2, 'x1': 0.514}, {'x0': 0.8, 'x1': 0.8}, {'x0': 0.25, 'x1': 0.55}, {'x0': 0.1, 'x1': 0.1}, {'x0': 0.62, 'x1': 0.12}, {'x0': 0.21, 'x1': 0.56}, {'x0': 0.24, 'x1': 0.53}, {'x0': 0.42, 'x1': 0.47}, {'x0': 0.38, 'x1': 0.5}, {'x0': 0.43, 'x1': 0.9}, {'x0': 0.4, 'x1': 0.7}, {'x0': 0.45, 'x1': 0.85}, {'x0': 0.48, 'x1': 0.42}, {'x0': 0.05, 'x1': 0.8}, {'x0': 0.3, 'x1': 1.0}, {'x0': 0.0, 'x1': 0.7}, {'x0': 0.1, 'x1': 0.9}, {'x0': 0.0, 'x1': 0.85}, {'x0': 0.02, 'x1': 0.85}, {'x0': 0.0, 'x1': 0.775}, {'x0': 0.0, 'x1': 0.8}, {'x0': 0.08, 'x1': 0.9}, {'x0': 0.09, 'x1': 0.88}, {'x0': 0.21, 'x1': 0.52}, {'x0': 0.22, 'x1': 0.87}, {'x0': 0.14, 'x1': 0.775}, {'x0': 0.12, 'x1': 0.81}, {'x0': 0.1, 'x1': 0.79}, {'x0': 0.05, 'x1': 0.81}, {'x0': 0.062, 'x1': 0.9}, {'x0': 0.06, 'x1': 0.92}, {'x0': 0.065, 'x1': 0.95}, {'x0': 0.09, 'x1': 0.95}, {'x0': 0.115, 'x1': 0.855}, {'x0': 0.075, 'x1': 0.78}, {'x0': 0.095, 'x1': 0.82}, {'x0': 0.085, 'x1': 0.8}, {'x0': 0.155, 'x1': 0.98}, {'x0': 0.15, 'x1': 0.95}, {'x0': 0.17, 'x1': 0.96}, {'x0': 0.08, 'x1': 0.75}, {'x0': 0.04, 'x1': 0.99}, {'x0': 0.02, 'x1': 0.92}, {'x0': 0.36, 'x1': 0.55}, {'x0': 0.05, 'x1': 0.55}, {'x0': 0.14, 'x1': 0.99}, {'x0': 0.09, 'x1': 0.87}, {'x0': 0.11, 'x1': 0.85}, {'x0': 0.05, 'x1': 0.95}]","[{'x0': 0.098, 'x1': 0.88}, {'x0': 0.135, 'x1': 0.855}, {'x0': 0.112, 'x1': 0.865}, {'x0': 0.125, 'x1': 0.835}, {'x0': 0.108, 'x1': 0.875}, {'x0': 0.18, 'x1': 0.7}, {'x0': 0.19, 'x1': 0.775}, {'x0': 0.185, 'x1': 0.72}, {'x0': 0.2, 'x1': 0.75}, {'x0': 0.18, 'x1': 0.775}, {'x0': 0.5, 'x1': 0.15}, {'x0': 0.9, 'x1': 0.25}, {'x0': 0.36, 'x1': 0.31}, {'x0': 0.7, 'x1': 0.05}, {'x0': 0.36, 'x1': 0.0}, {'x0': 0.22, 'x1': 0.54}, {'x0': 0.18, 'x1': 0.55}, {'x0': 0.12, 'x1': 0.55}, {'x0': 0.15, 'x1': 0.55}, {'x0': 0.14, 'x1': 0.53}, {'x0': 0.15, 'x1': 0.85}, {'x0': 0.155, 'x1': 0.88}, {'x0': 0.15, 'x1': 0.9}, {'x0': 0.16, 'x1': 0.85}, {'x0': 0.17, 'x1': 0.9}]","[[{'x0': 0.098, 'x1': 0.88}, {'F1': 1.15, 'F2': 4.95}], [{'x0': 0.18, 'x1': 0.7}, {'F1': 6.124, 'F2': 6.352}], [{'x0': 0.5, 'x1': 0.15}, {'F1': 6.05, 'F2': 10.85}], [{'x0': 0.22, 'x1': 0.54}, {'F1': 10.15, 'F2': 8.4}], [{'x0': 0.15, 'x1': 0.85}, {'F1': 9.152, 'F2': 5.33}]]","[{'x0': 0.112, 'x1': 0.865}, {'x0': 0.108, 'x1': 0.875}, {'x0': 0.17, 'x1': 0.9}, {'x0': 0.9, 'x1': 0.25}]","[{'F1': 11.062, 'F2': 10.024}, {'F1': 5.357, 'F2': 10.783}, {'F1': 20.206, 'F2': 10.002}, {'F1': 75.774, 'F2': 5.666}, {'F1': 9.964, 'F2': 8.564}, {'F1': 134.113, 'F2': 4.863}, {'F1': 13.031, 'F2': 8.185}, {'F1': 136.799, 'F2': 11.315}, {'F1': 6.217, 'F2': 10.879}, {'F1': 8.327, 'F2': 8.146}, {'F1': 11.914, 'F2': 8.398}, {'F1': 20.983, 'F2': 8.064}, {'F1': 23.851, 'F2': 8.0}, {'F1': 102.095, 'F2': 5.214}, {'F1': 50.738, 'F2': 6.371}, {'F1': 91.82, 'F2': 5.369}, {'F1': 14.437, 'F2': 8.248}, {'F1': 15.311, 'F2': 3.673}, {'F1': 85.207, 'F2': 5.258}, {'F1': 57.445, 'F2': 1.531}, {'F1': 1.128, 'F2': 4.856}, {'F1': 32.414, 'F2': 1.334}, {'F1': 22.726, 'F2': 2.25}, {'F1': 43.664, 'F2': 1.426}, {'F1': 39.632, 'F2': 1.394}, {'F1': 2.576, 'F2': 4.353}, {'F1': 1.721, 'F2': 4.698}, {'F1': 9.871, 'F2': 8.521}, {'F1': 24.532, 'F2': 6.031}, {'F1': 0.683, 'F2': 6.152}, {'F1': 0.485, 'F2': 5.662}, {'F1': 2.706, 'F2': 5.342}, {'F1': 14.404, 'F2': 3.64}, {'F1': 5.496, 'F2': 3.794}, {'F1': 5.285, 'F2': 3.665}, {'F1': 3.969, 'F2': 3.739}, {'F1': 2.13, 'F2': 4.435}, {'F1': 0.535, 'F2': 5.354}, {'F1': 8.66, 'F2': 4.671}, {'F1': 2.369, 'F2': 5.078}, {'F1': 4.948, 'F2': 4.896}, {'F1': 13.802, 'F2': 5.309}, {'F1': 9.513, 'F2': 5.395}, {'F1': 16.482, 'F2': 5.492}, {'F1': 9.498, 'F2': 4.969}, {'F1': 7.476, 'F2': 2.778}, {'F1': 16.302, 'F2': 2.121}, {'F1': 27.058, 'F2': 7.663}, {'F1': 52.605, 'F2': 4.719}, {'F1': 10.587, 'F2': 5.131}, {'F1': 1.843, 'F2': 4.738}, {'F1': 0.607, 'F2': 5.281}, {'F1': 6.435, 'F2': 3.234}]","[{'F1': 1.15, 'F2': 4.95}, {'F1': 0.58, 'F2': 5.45}, {'F1': 0.65, 'F2': 5.1}, {'F1': 0.55, 'F2': 5.55}, {'F1': 1.0, 'F2': 5.0}, {'F1': 6.124, 'F2': 6.352}, {'F1': 5.881, 'F2': 6.098}, {'F1': 5.953, 'F2': 6.247}, {'F1': 5.702, 'F2': 5.995}, {'F1': 5.798, 'F2': 6.143}, {'F1': 6.05, 'F2': 10.85}, {'F1': 6.5, 'F2': 10.02}, {'F1': 15.6, 'F2': 10.01}, {'F1': 5.95, 'F2': 11.55}, {'F1': 8.8, 'F2': 11.85}, {'F1': 10.15, 'F2': 8.4}, {'F1': 9.95, 'F2': 8.35}, {'F1': 14.8, 'F2': 8.1}, {'F1': 12.5, 'F2': 8.05}, {'F1': 13.2, 'F2': 8.25}, {'F1': 9.152, 'F2': 5.33}, {'F1': 11.605, 'F2': 4.72}, {'F1': 9.903, 'F2': 4.4}, {'F1': 12.801, 'F2': 5.33}, {'F1': 15.598, 'F2': 4.4}]","[[{'x0': 0.135, 'x1': 0.855}, {'F1': 0.58, 'F2': 5.45}], [{'x0': 0.19, 'x1': 0.775}, {'F1': 5.881, 'F2': 6.098}], [{'x0': 0.9, 'x1': 0.25}, {'F1': 6.5, 'F2': 10.02}], [{'x0': 0.18, 'x1': 0.55}, {'F1': 9.95, 'F2': 8.35}], [{'x0': 0.155, 'x1': 0.88}, {'F1': 11.605, 'F2': 4.72}]]","[{'F1': 0.65, 'F2': 5.1}, {'F1': 1.0, 'F2': 5.0}, {'F1': 15.598, 'F2': 4.4}, {'F1': 6.5, 'F2': 10.02}]"
"[{'x0': 0.432, 'x1': 0.291}, {'x0': 0.612, 'x1': 0.139}, {'x0': 0.292, 'x1': 0.366}, {'x0': 0.456, 'x1': 0.785}, {'x0': 0.2, 'x1': 0.514}, {'x0': 0.8, 'x1': 0.8}, {'x0': 0.25, 'x1': 0.55}, {'x0': 0.1, 'x1': 0.1}, {'x0': 0.62, 'x1': 0.12}, {'x0': 0.21, 'x1': 0.56}, {'x0': 0.24, 'x1': 0.53}, {'x0': 0.42, 'x1': 0.47}, {'x0': 0.38, 'x1': 0.5}, {'x0': 0.43, 'x1': 0.9}, {'x0': 0.4, 'x1': 0.7}, {'x0': 0.45, 'x1': 0.85}, {'x0': 0.48, 'x1': 0.42}, {'x0': 0.05, 'x1': 0.8}, {'x0': 0.3, 'x1': 1.0}, {'x0': 0.0, 'x1': 0.7}, {'x0': 0.1, 'x1': 0.9}, {'x0': 0.0, 'x1': 0.85}, {'x0': 0.02, 'x1': 0.85}, {'x0': 0.0, 'x1': 0.775}, {'x0': 0.0, 'x1': 0.8}, {'x0': 0.08, 'x1': 0.9}, {'x0': 0.09, 'x1': 0.88}, {'x0': 0.21, 'x1': 0.52}, {'x0': 0.22, 'x1': 0.87}, {'x0': 0.14, 'x1': 0.775}, {'x0': 0.12, 'x1': 0.81}, {'x0': 0.1, 'x1': 0.79}, {'x0': 0.05, 'x1': 0.81}, {'x0': 0.062, 'x1': 0.9}, {'x0': 0.06, 'x1': 0.92}, {'x0': 0.065, 'x1': 0.95}, {'x0': 0.09, 'x1': 0.95}, {'x0': 0.115, 'x1': 0.855}, {'x0': 0.075, 'x1': 0.78}, {'x0': 0.095, 'x1': 0.82}, {'x0': 0.085, 'x1': 0.8}, {'x0': 0.155, 'x1': 0.98}, {'x0': 0.15, 'x1': 0.95}, {'x0': 0.17, 'x1': 0.96}, {'x0': 0.08, 'x1': 0.75}, {'x0': 0.04, 'x1': 0.99}, {'x0': 0.02, 'x1': 0.92}, {'x0': 0.36, 'x1': 0.55}, {'x0': 0.05, 'x1': 0.55}, {'x0': 0.14, 'x1': 0.99}, {'x0': 0.09, 'x1': 0.87}, {'x0': 0.11, 'x1': 0.85}, {'x0': 0.05, 'x1': 0.95}, {'x0': 0.112, 'x1': 0.865}, {'x0': 0.108, 'x1': 0.875}, {'x0': 0.17, 'x1': 0.9}, {'x0': 0.9, 'x1': 0.25}]","[{'x0': 0.12, 'x1': 0.94}, {'x0': 0.102, 'x1': 0.91}, {'x0': 0.15, 'x1': 0.883}, {'x0': 0.11, 'x1': 0.93}, {'x0': 0.095, 'x1': 0.89}, {'x0': 0.085, 'x1': 0.89}, {'x0': 0.094, 'x1': 0.94}, {'x0': 0.092, 'x1': 0.93}, {'x0': 0.09, 'x1': 0.9}, {'x0': 0.088, 'x1': 0.885}, {'x0': 0.055, 'x1': 0.81}, {'x0': 0.07, 'x1': 0.78}, {'x0': 0.065, 'x1': 0.8}, {'x0': 0.06, 'x1': 0.79}, {'x0': 0.07, 'x1': 0.812}, {'x0': 0.52, 'x1': 0.28}, {'x0': 0.78, 'x1': 0.35}, {'x0': 0.88, 'x1': 0.05}, {'x0': 0.92, 'x1': 0.18}, {'x0': 0.63, 'x1': 0.42}, {'x0': 0.098, 'x1': 0.825}, {'x0': 0.105, 'x1': 0.82}, {'x0': 0.105, 'x1': 0.8}, {'x0': 0.102, 'x1': 0.81}, {'x0': 0.105, 'x1': 0.81}]","[[{'x0': 0.12, 'x1': 0.94}, {'F1': 1.254, 'F2': 4.892}], [{'x0': 0.085, 'x1': 0.89}, {'F1': 2.048, 'F2': 4.738}], [{'x0': 0.055, 'x1': 0.81}, {'F1': 14.15, 'F2': 3.64}], [{'x0': 0.52, 'x1': 0.28}, {'F1': 13.25, 'F2': 9.35}], [{'x0': 0.098, 'x1': 0.825}, {'F1': 2.18, 'F2': 5.05}]]","[{'x0': 0.092, 'x1': 0.93}, {'x0': 0.094, 'x1': 0.94}, {'x0': 0.102, 'x1': 0.91}, {'x0': 0.095, 'x1': 0.89}]","[{'F1': 11.062, 'F2': 10.024}, {'F1': 5.357, 'F2': 10.783}, {'F1': 20.206, 'F2': 10.002}, {'F1': 75.774, 'F2': 5.666}, {'F1': 9.964, 'F2': 8.564}, {'F1': 134.113, 'F2': 4.863}, {'F1': 13.031, 'F2': 8.185}, {'F1': 136.799, 'F2': 11.315}, {'F1': 6.217, 'F2': 10.879}, {'F1': 8.327, 'F2': 8.146}, {'F1': 11.914, 'F2': 8.398}, {'F1': 20.983, 'F2': 8.064}, {'F1': 23.851, 'F2': 8.0}, {'F1': 102.095, 'F2': 5.214}, {'F1': 50.738, 'F2': 6.371}, {'F1': 91.82, 'F2': 5.369}, {'F1': 14.437, 'F2': 8.248}, {'F1': 15.311, 'F2': 3.673}, {'F1': 85.207, 'F2': 5.258}, {'F1': 57.445, 'F2': 1.531}, {'F1': 1.128, 'F2': 4.856}, {'F1': 32.414, 'F2': 1.334}, {'F1': 22.726, 'F2': 2.25}, {'F1': 43.664, 'F2': 1.426}, {'F1': 39.632, 'F2': 1.394}, {'F1': 2.576, 'F2': 4.353}, {'F1': 1.721, 'F2': 4.698}, {'F1': 9.871, 'F2': 8.521}, {'F1': 24.532, 'F2': 6.031}, {'F1': 0.683, 'F2': 6.152}, {'F1': 0.485, 'F2': 5.662}, {'F1': 2.706, 'F2': 5.342}, {'F1': 14.404, 'F2': 3.64}, {'F1': 5.496, 'F2': 3.794}, {'F1': 5.285, 'F2': 3.665}, {'F1': 3.969, 'F2': 3.739}, {'F1': 2.13, 'F2': 4.435}, {'F1': 0.535, 'F2': 5.354}, {'F1': 8.66, 'F2': 4.671}, {'F1': 2.369, 'F2': 5.078}, {'F1': 4.948, 'F2': 4.896}, {'F1': 13.802, 'F2': 5.309}, {'F1': 9.513, 'F2': 5.395}, {'F1': 16.482, 'F2': 5.492}, {'F1': 9.498, 'F2': 4.969}, {'F1': 7.476, 'F2': 2.778}, {'F1': 16.302, 'F2': 2.121}, {'F1': 27.058, 'F2': 7.663}, {'F1': 52.605, 'F2': 4.719}, {'F1': 10.587, 'F2': 5.131}, {'F1': 1.843, 'F2': 4.738}, {'F1': 0.607, 'F2': 5.281}, {'F1': 6.435, 'F2': 3.234}, {'F1': 0.622, 'F2': 5.252}, {'F1': 0.742, 'F2': 5.13}, {'F1': 10.586, 'F2': 5.766}, {'F1': 8.001, 'F2': 8.894}]","[{'F1': 1.254, 'F2': 4.892}, {'F1': 1.403, 'F2': 4.781}, {'F1': 6.35, 'F2': 5.052}, {'F1': 1.431, 'F2': 4.814}, {'F1': 1.452, 'F2': 4.803}, {'F1': 2.048, 'F2': 4.738}, {'F1': 1.752, 'F2': 3.845}, {'F1': 1.815, 'F2': 3.562}, {'F1': 1.85, 'F2': 4.78}, {'F1': 2.075, 'F2': 4.71}, {'F1': 14.15, 'F2': 3.64}, {'F1': 8.9, 'F2': 4.68}, {'F1': 12.0, 'F2': 4.17}, {'F1': 13.5, 'F2': 3.85}, {'F1': 12.8, 'F2': 3.9}, {'F1': 13.25, 'F2': 9.35}, {'F1': 7.6, 'F2': 9.7}, {'F1': 8.15, 'F2': 11.1}, {'F1': 8.25, 'F2': 9.5}, {'F1': 12.8, 'F2': 8.1}, {'F1': 2.18, 'F2': 5.05}, {'F1': 1.52, 'F2': 5.21}, {'F1': 1.85, 'F2': 5.15}, {'F1': 1.78, 'F2': 5.18}, {'F1': 1.65, 'F2': 5.2}]","[[{'x0': 0.102, 'x1': 0.91}, {'F1': 1.403, 'F2': 4.781}], [{'x0': 0.094, 'x1': 0.94}, {'F1': 1.752, 'F2': 3.845}], [{'x0': 0.07, 'x1': 0.78}, {'F1': 8.9, 'F2': 4.68}], [{'x0': 0.78, 'x1': 0.35}, {'F1': 7.6, 'F2': 9.7}], [{'x0': 0.105, 'x1': 0.82}, {'F1': 1.52, 'F2': 5.21}]]","[{'F1': 1.815, 'F2': 3.562}, {'F1': 1.752, 'F2': 3.845}, {'F1': 1.403, 'F2': 4.781}, {'F1': 1.452, 'F2': 4.803}]"
"[{'x0': 0.432, 'x1': 0.291}, {'x0': 0.612, 'x1': 0.139}, {'x0': 0.292, 'x1': 0.366}, {'x0': 0.456, 'x1': 0.785}, {'x0': 0.2, 'x1': 0.514}, {'x0': 0.8, 'x1': 0.8}, {'x0': 0.25, 'x1': 0.55}, {'x0': 0.1, 'x1': 0.1}, {'x0': 0.62, 'x1': 0.12}, {'x0': 0.21, 'x1': 0.56}, {'x0': 0.24, 'x1': 0.53}, {'x0': 0.42, 'x1': 0.47}, {'x0': 0.38, 'x1': 0.5}, {'x0': 0.43, 'x1': 0.9}, {'x0': 0.4, 'x1': 0.7}, {'x0': 0.45, 'x1': 0.85}, {'x0': 0.48, 'x1': 0.42}, {'x0': 0.05, 'x1': 0.8}, {'x0': 0.3, 'x1': 1.0}, {'x0': 0.0, 'x1': 0.7}, {'x0': 0.1, 'x1': 0.9}, {'x0': 0.0, 'x1': 0.85}, {'x0': 0.02, 'x1': 0.85}, {'x0': 0.0, 'x1': 0.775}, {'x0': 0.0, 'x1': 0.8}, {'x0': 0.08, 'x1': 0.9}, {'x0': 0.09, 'x1': 0.88}, {'x0': 0.21, 'x1': 0.52}, {'x0': 0.22, 'x1': 0.87}, {'x0': 0.14, 'x1': 0.775}, {'x0': 0.12, 'x1': 0.81}, {'x0': 0.1, 'x1': 0.79}, {'x0': 0.05, 'x1': 0.81}, {'x0': 0.062, 'x1': 0.9}, {'x0': 0.06, 'x1': 0.92}, {'x0': 0.065, 'x1': 0.95}, {'x0': 0.09, 'x1': 0.95}, {'x0': 0.115, 'x1': 0.855}, {'x0': 0.075, 'x1': 0.78}, {'x0': 0.095, 'x1': 0.82}, {'x0': 0.085, 'x1': 0.8}, {'x0': 0.155, 'x1': 0.98}, {'x0': 0.15, 'x1': 0.95}, {'x0': 0.17, 'x1': 0.96}, {'x0': 0.08, 'x1': 0.75}, {'x0': 0.04, 'x1': 0.99}, {'x0': 0.02, 'x1': 0.92}, {'x0': 0.36, 'x1': 0.55}, {'x0': 0.05, 'x1': 0.55}, {'x0': 0.14, 'x1': 0.99}, {'x0': 0.09, 'x1': 0.87}, {'x0': 0.11, 'x1': 0.85}, {'x0': 0.05, 'x1': 0.95}, {'x0': 0.112, 'x1': 0.865}, {'x0': 0.108, 'x1': 0.875}, {'x0': 0.17, 'x1': 0.9}, {'x0': 0.9, 'x1': 0.25}, {'x0': 0.092, 'x1': 0.93}, {'x0': 0.094, 'x1': 0.94}, {'x0': 0.102, 'x1': 0.91}, {'x0': 0.095, 'x1': 0.89}]","[{'x0': 0.135, 'x1': 0.89}, {'x0': 0.115, 'x1': 0.9}, {'x0': 0.16, 'x1': 0.93}, {'x0': 0.095, 'x1': 0.94}, {'x0': 0.105, 'x1': 0.92}, {'x0': 0.095, 'x1': 0.98}, {'x0': 0.095, 'x1': 0.96}, {'x0': 0.095, 'x1': 1.0}, {'x0': 0.095, 'x1': 0.95}, {'x0': 0.0, 'x1': 1.0}, {'x0': 0.095, 'x1': 0.865}, {'x0': 0.125, 'x1': 0.88}, {'x0': 0.105, 'x1': 0.87}, {'x0': 0.115, 'x1': 0.875}, {'x0': 0.105, 'x1': 0.874}, {'x0': 0.31, 'x1': 0.55}, {'x0': 0.32, 'x1': 0.54}, {'x0': 0.34, 'x1': 0.55}, {'x0': 0.36, 'x1': 0.53}, {'x0': 0.4, 'x1': 0.55}, {'x0': 0.13, 'x1': 0.8}, {'x0': 0.19, 'x1': 0.81}, {'x0': 0.108, 'x1': 0.82}, {'x0': 0.11, 'x1': 0.78}, {'x0': 0.15, 'x1': 0.79}]","[[{'x0': 0.135, 'x1': 0.89}, {'F1': 0.58, 'F2': 5.55}], [{'x0': 0.095, 'x1': 0.98}, {'F1': 1.15, 'F2': 4.45}], [{'x0': 0.095, 'x1': 0.865}, {'F1': 1.423, 'F2': 4.881}], [{'x0': 0.31, 'x1': 0.55}, {'F1': 20.68, 'F2': 7.95}], [{'x0': 0.13, 'x1': 0.8}, {'F1': 0.6, 'F2': 5.3}]]","[{'x0': 0.0, 'x1': 1.0}, {'x0': 0.095, 'x1': 0.95}, {'x0': 0.095, 'x1': 0.96}, {'x0': 0.095, 'x1': 0.98}]","[{'F1': 11.062, 'F2': 10.024}, {'F1': 5.357, 'F2': 10.783}, {'F1': 20.206, 'F2': 10.002}, {'F1': 75.774, 'F2': 5.666}, {'F1': 9.964, 'F2': 8.564}, {'F1': 134.113, 'F2': 4.863}, {'F1': 13.031, 'F2': 8.185}, {'F1': 136.799, 'F2': 11.315}, {'F1': 6.217, 'F2': 10.879}, {'F1': 8.327, 'F2': 8.146}, {'F1': 11.914, 'F2': 8.398}, {'F1': 20.983, 'F2': 8.064}, {'F1': 23.851, 'F2': 8.0}, {'F1': 102.095, 'F2': 5.214}, {'F1': 50.738, 'F2': 6.371}, {'F1': 91.82, 'F2': 5.369}, {'F1': 14.437, 'F2': 8.248}, {'F1': 15.311, 'F2': 3.673}, {'F1': 85.207, 'F2': 5.258}, {'F1': 57.445, 'F2': 1.531}, {'F1': 1.128, 'F2': 4.856}, {'F1': 32.414, 'F2': 1.334}, {'F1': 22.726, 'F2': 2.25}, {'F1': 43.664, 'F2': 1.426}, {'F1': 39.632, 'F2': 1.394}, {'F1': 2.576, 'F2': 4.353}, {'F1': 1.721, 'F2': 4.698}, {'F1': 9.871, 'F2': 8.521}, {'F1': 24.532, 'F2': 6.031}, {'F1': 0.683, 'F2': 6.152}, {'F1': 0.485, 'F2': 5.662}, {'F1': 2.706, 'F2': 5.342}, {'F1': 14.404, 'F2': 3.64}, {'F1': 5.496, 'F2': 3.794}, {'F1': 5.285, 'F2': 3.665}, {'F1': 3.969, 'F2': 3.739}, {'F1': 2.13, 'F2': 4.435}, {'F1': 0.535, 'F2': 5.354}, {'F1': 8.66, 'F2': 4.671}, {'F1': 2.369, 'F2': 5.078}, {'F1': 4.948, 'F2': 4.896}, {'F1': 13.802, 'F2': 5.309}, {'F1': 9.513, 'F2': 5.395}, {'F1': 16.482, 'F2': 5.492}, {'F1': 9.498, 'F2': 4.969}, {'F1': 7.476, 'F2': 2.778}, {'F1': 16.302, 'F2': 2.121}, {'F1': 27.058, 'F2': 7.663}, {'F1': 52.605, 'F2': 4.719}, {'F1': 10.587, 'F2': 5.131}, {'F1': 1.843, 'F2': 4.738}, {'F1': 0.607, 'F2': 5.281}, {'F1': 6.435, 'F2': 3.234}, {'F1': 0.622, 'F2': 5.252}, {'F1': 0.742, 'F2': 5.13}, {'F1': 10.586, 'F2': 5.766}, {'F1': 8.001, 'F2': 8.894}, {'F1': 1.722, 'F2': 4.556}, {'F1': 1.868, 'F2': 4.566}, {'F1': 1.238, 'F2': 4.859}, {'F1': 1.286, 'F2': 4.781}]","[{'F1': 0.58, 'F2': 5.55}, {'F1': 0.8, 'F2': 5.02}, {'F1': 11.95, 'F2': 5.48}, {'F1': 1.78, 'F2': 4.58}, {'F1': 1.25, 'F2': 4.82}, {'F1': 1.15, 'F2': 4.45}, {'F1': 1.2, 'F2': 4.4}, {'F1': 1.08, 'F2': 4.5}, {'F1': 1.25, 'F2': 4.35}, {'F1': 2.8, 'F2': 1.18}, {'F1': 1.423, 'F2': 4.881}, {'F1': 0.521, 'F2': 5.452}, {'F1': 1.054, 'F2': 4.951}, {'F1': 0.62, 'F2': 5.304}, {'F1': 0.948, 'F2': 5.053}, {'F1': 20.68, 'F2': 7.95}, {'F1': 21.45, 'F2': 7.92}, {'F1': 24.12, 'F2': 7.82}, {'F1': 26.95, 'F2': 7.75}, {'F1': 22.35, 'F2': 7.8}, {'F1': 0.6, 'F2': 5.3}, {'F1': 15.5, 'F2': 5.4}, {'F1': 0.7, 'F2': 5.0}, {'F1': 1.8, 'F2': 5.2}, {'F1': 6.0, 'F2': 5.3}]","[[{'x0': 0.115, 'x1': 0.9}, {'F1': 0.8, 'F2': 5.02}], [{'x0': 0.095, 'x1': 0.96}, {'F1': 1.2, 'F2': 4.4}], [{'x0': 0.125, 'x1': 0.88}, {'F1': 0.521, 'F2': 5.452}], [{'x0': 0.32, 'x1': 0.54}, {'F1': 21.45, 'F2': 7.92}], [{'x0': 0.19, 'x1': 0.81}, {'F1': 15.5, 'F2': 5.4}]]","[{'F1': 2.8, 'F2': 1.18}, {'F1': 1.25, 'F2': 4.35}, {'F1': 1.2, 'F2': 4.4}, {'F1': 1.15, 'F2': 4.45}]"
