F1,F2,F3
1681.118,9.757,0.126
1697.613,10.12,0.132
1671.852,9.269,0.105
1680.388,8.857,0.143
1682.195,8.748,0.119
1682.19,9.244,0.124
1681.299,9.582,0.106
1681.969,9.931,0.108
1680.653,9.353,0.134
1669.953,8.587,0.078
1683.246,9.057,0.142
1667.798,9.157,0.097
1669.507,9.183,0.099
1661.708,8.305,0.071
1666.261,9.01,0.072
1664.673,8.437,0.088
1666.641,8.288,0.088
1663.158,8.369,0.075
1662.779,8.38,0.075
1664.719,8.903,0.08
1664.179,8.75,0.086
1666.106,8.39,0.063
1668.746,9.069,0.075
1670.41,8.949,0.119
1666.445,8.42,0.065
1669.893,8.391,0.088
1669.19,8.426,0.083
1662.288,8.135,0.084
1663.243,8.248,0.086
