city_id,keyword_id,spend_leader,leader_iroas,best_iroas_sku,best_iroas,match
BLR,K01,S2,6.163072979136365,S2,6.163072979136365,True
BLR,K02,S3,2.5364231347738526,S3,2.5364231347738526,True
BLR,K03,S1,2.105699485073914,S1,2.105699485073914,True
BLR,K04,S3,0.9802214790701547,S1,2.1916721701746225,False
BLR,K05,S2,4.277321312279012,S2,4.277321312279012,True
BLR,K06,S4,4.218555043951114,S4,4.218555043951114,True
BLR,K09,S3,0.6510132212483725,S3,0.6510132212483725,True
BLR,K10,S4,1.6371007604908048,S4,1.6371007604908048,True
DEL,K01,S3,1.6383974423205931,S2,6.5253763063824435,False
DEL,K02,S3,2.701456637075227,S3,2.701456637075227,True
DEL,K03,S3,0.8888864579399343,S1,1.9822359802206475,False
DEL,K04,S3,1.2442362255626787,S1,2.13001349685032,False
DEL,K05,S2,4.399317022032194,S2,4.399317022032194,True
DEL,K06,S4,3.884846387886313,S4,3.884846387886313,True
DEL,K09,S3,0.9399304599330647,S3,0.9399304599330647,True
DEL,K10,S4,1.2705630329463162,S2,1.3890922020524537,False
HYD,K01,S1,0.0,S2,6.260155121707044,False
HYD,K02,S3,2.645532167092911,S3,2.645532167092911,True
HYD,K03,S1,2.226162610996601,S1,2.226162610996601,True
HYD,K04,S1,2.3291491167799565,S1,2.3291491167799565,True
HYD,K05,S4,4.530790446175343,S2,5.060648627887188,False
HYD,K06,S4,5.1863494353917154,S4,5.1863494353917154,True
HYD,K09,S1,0.7469905905408163,S1,0.7469905905408163,True
HYD,K10,S2,1.375555051944906,S4,2.75171315530087,False
MUM,K01,S4,6.092304371012254,S4,6.092304371012254,True
MUM,K02,S3,2.3989913053515024,S3,2.3989913053515024,True
MUM,K03,S5,0.771557495583788,S1,1.712508849821227,False
MUM,K04,S3,0.8101227911086737,S1,1.9156102117135174,False
MUM,K05,S2,3.839141945917391,S2,3.839141945917391,True
MUM,K06,S4,3.431648890901409,S4,3.431648890901409,True
MUM,K09,S3,0.7231970838347969,S3,0.7231970838347969,True
MUM,K10,S4,1.39819494093227,S4,1.39819494093227,True
PUN,K01,S1,0.0,S2,7.646679199430028,False
PUN,K02,S3,3.2825604372258876,S3,3.2825604372258876,True
PUN,K03,S3,0.8345241746575613,S1,1.4575305273090045,False
PUN,K04,S1,4.126570644703553,S1,4.126570644703553,True
PUN,K05,S2,5.22328404744132,S4,5.309748287801494,False
PUN,K06,S4,4.012873780778254,S4,4.012873780778254,True
PUN,K09,S1,0.7979111925672091,S3,1.4368832170754444,False
PUN,K10,S2,1.7496839589699482,S4,3.4546504870717683,False
