sc,spend,rev,incr,droas,iroas,offtake,ad_share,osa,runout,util,offtake_share,spend_share,cum_offtake_share,cells,cells_bid_headroom,role
S1-DEL,899.2057142857142,3132.8571428571427,1679.1952960828326,3.484027173187766,1.8674206240078273,49302.57142857143,0.06354348367804635,0.93,1.0,0.9991174603174603,0.12085938764677316,0.04752866069930695,0.12085938764677316,6,4,fund budget
S1-MUM,1223.2742857142857,4877.428571428572,1425.1935459459833,3.9871912852157907,1.1650645832989077,38091.857142857145,0.1280438638929205,0.937,0.0,0.7645464285714286,0.0933776554694294,0.06465771685412992,0.21423704311620256,6,2,trim / re-mix
S1-BLR,1098.2114285714285,4871.285714285715,1754.1513418337072,4.435653816335132,1.5972801741059426,33355.71428571428,0.14604051565377532,0.923,1.0,0.9983740259740259,0.08176756477971321,0.05804736061551277,0.29600460789591576,6,3,fund budget
S3-DEL,2414.003928571429,10563.035714285714,2667.597014812251,4.375732611395028,1.1050508175398435,32897.07142857143,0.3210934972500809,0.942,0.0,0.8324151477832512,0.08064325638652606,0.127595245253757,0.3766478642824418,5,0,trim / re-mix
S3-MUM,1697.8667857142857,4251.821428571428,1368.2690278448174,2.504213796009152,0.8058753721772066,24457.285714285714,0.1738468233246301,0.939,0.0,0.7224965045592705,0.059954125906255866,0.08974290653272736,0.43660199018869766,5,1,trim / re-mix
S2-DEL,1078.6189285714286,6865.392857142857,4165.066772335675,6.364984588427066,3.8614812534878062,24452.35714285714,0.28076609616951914,0.905,0.0,0.6344817226890757,0.05994204409981918,0.05701177413073284,0.49654403428851684,4,1,scale bids / keywords
S4-DEL,879.4578571428572,5769.428571428572,2551.082567963182,6.56021038935513,2.9007445294206864,22350.85714285714,0.258130081300813,0.947,0.0,0.7647459627329193,0.054790466894405795,0.046484862615320345,0.5513345011829226,4,1,scale bids / keywords
S3-BLR,1049.1939285714286,2767.1428571428573,829.5122892109326,2.6373988466656204,0.790618651730465,21264.428571428572,0.13013013013013014,0.933,1.0,0.9992323129251701,0.052127216519016195,0.055456478363748056,0.6034617177019388,5,0,hold budget
S1-HYD,1103.3646428571428,4938.857142857143,1740.9499958963156,4.47617854607708,1.5778555232549025,20326.714285714286,0.242973708068903,0.908,0.39285714285714285,0.9594475155279503,0.04982852152045507,0.05831974030506033,0.6532902392223938,6,1,scale bids / keywords
S2-BLR,762.3239285714286,5460.428571428572,3032.05763203112,7.16287180131056,3.9773874574724455,18055.285714285714,0.30242825607064017,0.9639999999999999,0.0,0.5646843915343915,0.044260384640942285,0.040293599972076787,0.6975506238633361,4,1,scale bids / keywords
S2-MUM,399.62142857142857,2241.964285714286,1324.793997773025,5.610220387152126,3.315122521104322,17865.964285714286,0.12548800892359174,0.932,1.0,0.9990535714285714,0.04379628568499421,0.021122498428328224,0.7413469095483303,4,2,fund budget
S4-MUM,732.4457142857143,8237.714285714286,2566.3888006665325,11.246859835541201,3.503862130136554,15354.857142857143,0.5364891518737672,0.896,0.0,0.7709954887218045,0.037640605305506426,0.038714348988095955,0.7789875148538367,4,2,scale bids / keywords
S1-PUN,493.63464285714286,2635.285714285714,764.168756643298,5.338534789683232,1.548045234873127,14269.857142857143,0.18467498923805423,0.9189999999999999,0.6428571428571429,0.9872692857142857,0.034980856902997015,0.02609168633722221,0.8139683717568337,6,2,hold budget
S4-BLR,631.3275,4315.714285714285,1830.1806525847535,6.83593584267165,2.8989401738158938,13522.57142857143,0.3191489361702128,0.9189999999999999,0.0,0.5050619999999999,0.03314897488936611,0.03336961727548312,0.8471173466461998,4,1,scale bids / keywords
S3-HYD,328.2707142857143,1266.5,321.7015109069313,3.8580962141438144,0.9799884574136412,12186.07142857143,0.10393013100436681,0.907,0.0,0.8206767857142857,0.029872704161298072,0.017351165755433995,0.8769900508074978,5,2,trim / re-mix
S2-HYD,271.42928571428575,1564.392857142857,903.9294609105763,5.763537464375093,3.3302576710977254,9625.5,0.16252587991718426,0.918,0.0,0.45238214285714284,0.02359576797083347,0.014346739816725034,0.9005858187783313,4,2,scale bids / keywords
S3-PUN,609.1521428571428,2309.5,634.571049398805,3.791335263416482,1.0417283380510465,9387.0,0.24603174603174602,0.929,0.0,0.8122028571428571,0.023011113598484626,0.032197510594237186,0.923596932376816,5,1,trim / re-mix
S4-HYD,284.6625,2740.8571428571427,1266.6462818098755,9.628444712096405,4.44964223180038,8616.285714285714,0.3181019332161687,0.882,0.0,0.71165625,0.021121799229618494,0.015046198173978188,0.9447187316064345,4,3,scale bids / keywords
S2-PUN,222.16321428571428,1813.5,972.2505345996632,8.162917546141271,4.376289466847985,6994.928571428572,0.25925925925925924,0.914,0.0,0.5554080357142857,0.01714723510923923,0.01174271900622962,0.9618659667156737,4,2,scale bids / keywords
S4-PUN,128.97321428571428,1514.2857142857142,591.1212369798728,11.741086881273796,4.583286849549723,4891.142857142857,0.30959752321981426,0.78,0.0,0.3224330357142857,0.01199005474721753,0.006817043134511261,0.9738560214628912,4,2,scale bids / keywords
S5-DEL,399.5221428571429,1192.5,477.4964474148238,2.984815788862051,1.195168918548683,3037.5,0.3925925925925926,0.884,1.0,0.9988053571428572,0.007446069836518275,0.021117250555731774,0.9813020912994095,3,2,hold budget
S5-MUM,1245.850357142857,2065.5,1107.284558330508,1.6579037668190488,0.8887781361397802,3028.5,0.6820208023774146,0.924,0.32142857142857145,0.9583464285714285,0.007424007407373036,0.06585100379815721,0.9887260987067825,3,1,trim / re-mix
S5-BLR,499.0989285714286,783.0,433.05635793677277,1.5688272508241639,0.8676763926869377,2214.0,0.35365853658536583,0.898,1.0,0.9981978571428571,0.005427357569728877,0.02638050810242269,0.9941534562765114,3,1,hold budget
S5-HYD,341.00714285714287,1089.0,414.9887055448359,3.193481493894137,1.2169501848783442,1480.5,0.7355623100303952,0.937,0.10714285714285714,0.8525178571428572,0.003629269594391871,0.01802436587246533,0.9977827258709033,3,2,trim / re-mix
S5-PUN,126.55071428571429,283.5,144.0187952417354,2.240208612018897,1.1380322588822638,904.5,0.31343283582089554,0.934,0.0,0.31637678571428574,0.0022172741290965533,0.006688998818605716,0.9999999999999999,3,1,trim / re-mix
