campaign_id,spend_7d_avg,ran_out_days,daily_budget_inr,utilization_vs_budget,budget_bound,absorption,typical_run_out
C-S1-BLR,1189.6299999999999,0,1600.0,0.744,False,0.0,
C-S1-DEL,1819.9371428571428,0,2100.0,0.867,False,0.0,
C-S1-HYD,964.602857142857,0,1150.0,0.839,False,0.0,
C-S1-MUM,1766.0314285714285,0,2400.0,0.736,False,0.0,
C-S1-PUN,526.83,0,750.0,0.702,False,0.0,
C-S2-BLR,435.75428571428574,0,1350.0,0.323,False,0.0,
C-S2-DEL,1050.757142857143,0,1700.0,0.618,False,0.0,
C-S2-HYD,390.0642857142857,0,600.0,0.65,False,0.0,
C-S2-MUM,407.84999999999997,0,900.0,0.453,False,0.0,
C-S2-PUN,226.28714285714287,0,400.0,0.566,False,0.0,
C-S3-BLR,1049.3528571428571,7,1050.0,0.999,True,1.0,evening
C-S3-DEL,1294.952857142857,0,2900.0,0.447,False,0.0,
C-S3-HYD,399.0028571428571,7,400.0,0.998,True,1.0,afternoon
C-S3-MUM,1530.337142857143,0,2350.0,0.651,False,0.0,
C-S3-PUN,640.4357142857143,0,750.0,0.854,False,0.0,
C-S4-BLR,667.2471428571428,0,1250.0,0.534,False,0.0,
C-S4-DEL,772.71,0,1150.0,0.672,False,0.0,
C-S4-HYD,370.0,1,400.0,0.925,False,0.143,evening
C-S4-MUM,436.15714285714284,0,950.0,0.459,False,0.0,
C-S4-PUN,125.59571428571428,0,400.0,0.314,False,0.0,
C-S5-BLR,302.67857142857144,0,500.0,0.605,False,0.0,
C-S5-DEL,208.77285714285716,0,400.0,0.522,False,0.0,
C-S5-HYD,188.15714285714284,0,400.0,0.47,False,0.0,
C-S5-MUM,456.37142857142857,0,1300.0,0.351,False,0.0,
C-S5-PUN,102.39571428571428,0,400.0,0.256,False,0.0,
