campaign_id,sku_id,city_id,keyword_id,bid_cpm_inr,active,goal_droas,marginal_floor_droas,plan_budget_inr_day,spend_28d,revenue_28d,orders_28d,spend_7d_avg,revenue_7d_avg,droas_28d,droas_shrunk,miss_streak_days,ladder_fraction,verdict
C-S1-DEL,S1,DEL,K01,225.0,True,8.66,3.9,230,2899.5,41280.0,240.0,206.01,3317.14,14.237,13.293,0,0.0,CLEARS
C-S1-DEL,S1,DEL,K02,200.0,True,7.57,3.4,160,881.56,22016.0,128.0,33.49,810.86,24.974,21.584,0,0.0,THIN
C-S1-DEL,S1,DEL,K03,290.0,True,3.21,1.44,160,26931.66,90300.0,525.0,904.65,2997.71,3.353,3.393,0,0.0,CLEARS
C-S1-DEL,S1,DEL,K04,280.0,True,2.27,1.02,140,7430.2,30616.0,178.0,229.04,982.86,4.12,4.134,0,0.0,CLEARS
C-S1-DEL,S1,DEL,K07,275.0,True,2.71,1.22,130,2712.91,13416.0,78.0,103.22,442.29,4.945,4.772,0,0.0,CLEARS
C-S1-DEL,S1,DEL,K09,425.0,True,1.32,1.0,270,7605.23,7396.0,43.0,343.52,294.86,0.972,2.17,1,0.0,CLEARS
C-S1-MUM,S1,MUM,K01,215.0,True,8.54,3.84,260,2682.05,39904.0,232.0,30.43,393.14,14.878,13.794,0,0.0,CLEARS
C-S1-MUM,S1,MUM,K02,240.0,True,10.82,4.87,310,1210.12,28896.0,168.0,36.12,786.29,23.879,21.269,0,0.0,THIN
C-S1-MUM,S1,MUM,K03,350.0,True,2.65,1.19,360,16243.85,44032.0,256.0,825.11,2186.86,2.711,2.801,0,0.0,CLEARS
C-S1-MUM,S1,MUM,K04,350.0,True,3.09,1.39,220,5480.06,16684.0,97.0,218.49,540.57,3.044,3.185,4,0.0,CLEARS
C-S1-MUM,S1,MUM,K07,280.0,True,4.47,2.01,270,1374.49,9976.0,58.0,47.84,393.14,7.258,6.195,1,0.0,CLEARS
C-S1-MUM,S1,MUM,K09,550.0,True,1.59,1.0,270,12986.92,9632.0,56.0,608.04,589.71,0.742,1.664,1,0.0,CLEARS
C-S1-BLR,S1,BLR,K01,225.0,True,10.54,4.74,190,1675.27,22188.0,129.0,87.72,1007.43,13.244,11.743,2,0.0,CLEARS
C-S1-BLR,S1,BLR,K02,230.0,True,9.05,4.07,300,1211.49,25112.0,146.0,27.43,786.29,20.728,18.282,0,0.0,CLEARS
C-S1-BLR,S1,BLR,K03,295.0,True,3.52,1.58,180,19455.01,63812.0,371.0,596.16,2186.86,3.28,3.325,1,0.0,MISSES
C-S1-BLR,S1,BLR,K04,320.0,True,4.06,1.83,280,3723.63,15652.0,91.0,129.07,417.71,4.203,4.159,2,0.0,CLEARS
C-S1-BLR,S1,BLR,K07,290.0,True,3.66,1.65,270,2232.8,9116.0,53.0,77.21,245.71,4.083,4.055,0,0.0,CLEARS
C-S1-BLR,S1,BLR,K09,465.0,True,2.01,1.0,190,7370.1,6708.0,39.0,272.04,344.0,0.91,2.116,12,0.0,CLEARS
C-S1-HYD,S1,HYD,K01,200.0,True,6.59,2.97,290,865.35,15308.0,89.0,55.14,1130.29,17.69,14.53,0,0.0,CLEARS
C-S1-HYD,S1,HYD,K02,200.0,True,11.2,5.04,390,423.13,11524.0,67.0,15.94,442.29,27.235,20.725,0,0.0,THIN
C-S1-HYD,S1,HYD,K03,290.0,True,2.4,1.08,130,9948.89,31648.0,184.0,400.74,1351.43,3.181,3.193,0,0.0,CLEARS
C-S1-HYD,S1,HYD,K04,275.0,True,2.48,1.12,220,2795.55,10664.0,62.0,106.14,245.71,3.815,3.661,2,0.0,CLEARS
C-S1-HYD,S1,HYD,K07,235.0,True,2.12,1.0,120,795.98,3784.0,22.0,28.38,196.57,4.754,3.969,0,0.0,THIN
C-S1-HYD,S1,HYD,K09,555.0,True,1.62,1.0,210,10038.8,8600.0,50.0,358.26,344.0,0.857,1.664,4,0.0,CLEARS
C-S1-PUN,S1,PUN,K01,200.0,True,7.26,3.27,60,1401.48,27004.0,157.0,56.72,1302.29,19.268,17.302,0,0.0,CLEARS
C-S1-PUN,S1,PUN,K02,200.0,True,7.06,3.18,60,330.41,7912.0,46.0,11.88,196.57,23.946,17.258,0,0.0,THIN
C-S1-PUN,S1,PUN,K03,270.0,True,3.15,1.42,110,4761.28,14448.0,84.0,181.4,614.29,3.034,3.474,0,0.0,CLEARS
C-S1-PUN,S1,PUN,K04,275.0,True,2.71,1.22,70,2194.95,8772.0,51.0,89.36,417.71,3.996,4.311,0,0.0,CLEARS
C-S1-PUN,S1,PUN,K07,235.0,True,3.36,1.51,80,703.71,6192.0,36.0,24.14,147.43,8.799,7.223,0,0.0,THIN
C-S1-PUN,S1,PUN,K09,465.0,True,1.74,1.0,180,4500.1,4472.0,26.0,163.33,49.14,0.994,2.934,8,0.0,CLEARS
C-S2-DEL,S2,DEL,K01,220.0,True,11.24,5.06,480,4490.16,99045.0,355.0,138.37,2909.57,22.058,21.08,0,0.0,CLEARS
C-S2-DEL,S2,DEL,K05,345.0,True,2.23,1.0,430,10353.84,64170.0,230.0,404.17,2431.29,6.198,6.295,0,0.0,CLEARS
C-S2-DEL,S2,DEL,K06,390.0,True,3.13,1.41,510,5441.68,23157.0,83.0,215.49,916.71,4.255,4.934,0,0.0,CLEARS
C-S2-DEL,S2,DEL,K10,470.0,True,2.14,1.0,490,8136.88,17856.0,64.0,292.72,757.29,2.194,3.596,0,0.0,CLEARS
C-S2-MUM,S2,MUM,K01,225.0,True,7.57,3.41,60,3156.61,69750.0,250.0,99.19,2192.14,22.096,20.731,0,0.0,CLEARS
C-S2-MUM,S2,MUM,K05,380.0,True,2.7,1.21,100,6377.03,35712.0,128.0,92.07,318.86,5.6,5.841,1,0.0,CLEARS
C-S2-MUM,S2,MUM,K06,375.0,True,3.24,1.46,80,1379.83,3069.0,11.0,22.49,79.71,2.224,5.594,2,0.0,THIN
C-S2-MUM,S2,MUM,K10,490.0,True,2.12,1.0,120,5566.92,8091.0,29.0,194.11,438.43,1.453,4.057,1,0.0,CLEARS
C-S2-BLR,S2,BLR,K01,220.0,True,8.88,4.0,400,2370.86,41292.0,148.0,41.56,597.86,17.416,15.838,0,0.0,CLEARS
C-S2-BLR,S2,BLR,K05,355.0,True,3.67,1.65,420,8620.71,53010.0,190.0,212.14,1634.14,6.149,6.19,0,0.0,CLEARS
C-S2-BLR,S2,BLR,K06,350.0,True,3.64,1.64,320,1972.54,7533.0,27.0,68.98,199.29,3.819,5.106,0,0.0,CLEARS
C-S2-BLR,S2,BLR,K10,430.0,True,1.16,1.0,380,3912.96,7812.0,28.0,113.06,79.71,1.996,4.119,2,0.0,CLEARS
C-S2-HYD,S2,HYD,K01,205.0,True,6.46,2.91,290,1471.66,35154.0,126.0,80.74,2072.57,23.887,21.287,0,0.0,CLEARS
C-S2-HYD,S2,HYD,K05,330.0,True,2.85,1.28,220,3972.92,31527.0,113.0,146.57,1036.29,7.935,7.98,0,0.0,CLEARS
C-S2-HYD,S2,HYD,K06,365.0,True,1.66,1.0,190,2368.63,9765.0,35.0,73.15,318.86,4.123,5.814,0,0.0,CLEARS
C-S2-HYD,S2,HYD,K10,380.0,True,1.63,1.0,130,2042.62,4185.0,15.0,89.61,318.86,2.049,5.881,1,0.0,CLEARS
C-S2-PUN,S2,PUN,K01,200.0,True,8.61,3.87,170,982.85,22878.0,82.0,40.01,1036.29,23.277,19.797,0,0.0,CLEARS
C-S2-PUN,S2,PUN,K05,300.0,True,3.2,1.44,180,2500.25,21204.0,76.0,90.48,956.57,8.481,8.457,1,0.0,CLEARS
C-S2-PUN,S2,PUN,K06,320.0,True,2.9,1.31,70,935.64,4743.0,17.0,35.1,239.14,5.069,7.042,0,0.0,THIN
C-S2-PUN,S2,PUN,K10,395.0,True,2.04,1.0,150,1638.23,1953.0,7.0,60.7,79.71,1.192,6.81,0,0.0,CLEARS
C-S3-DEL,S3,DEL,K01,210.0,True,9.25,4.16,720,973.37,9536.0,64.0,54.06,468.29,9.797,8.041,3,0.1,MISSES
C-S3-DEL,S3,DEL,K02,215.0,True,8.55,3.85,680,1665.36,33078.0,222.0,59.39,1064.29,19.862,18.211,0,0.0,CLEARS
C-S3-DEL,S3,DEL,K03,270.0,True,3.68,1.65,660,18992.71,58408.0,392.0,581.42,2192.43,3.075,3.104,0,0.0,MISSES
C-S3-DEL,S3,DEL,K04,295.0,True,2.73,1.23,1090,7349.66,26969.0,181.0,344.39,1341.0,3.669,3.655,0,0.0,CLEARS
C-S3-DEL,S3,DEL,K09,420.0,True,1.63,1.0,610,9198.32,7450.0,50.0,255.69,298.0,0.81,1.722,2,0.0,CLEARS
C-S3-MUM,S3,MUM,K01,225.0,True,8.85,3.98,710,1743.64,17731.0,119.0,75.72,915.29,10.169,8.871,0,0.0,CLEARS
C-S3-MUM,S3,MUM,K02,250.0,True,8.5,3.83,510,1310.66,22499.0,151.0,58.42,1106.86,17.166,15.11,0,0.0,CLEARS
C-S3-MUM,S3,MUM,K03,345.0,True,2.15,1.0,510,16295.47,37250.0,250.0,657.05,1511.29,2.286,2.323,0,0.0,CLEARS
C-S3-MUM,S3,MUM,K04,375.0,True,3.99,1.8,430,9111.94,31886.0,214.0,360.3,936.57,3.499,3.415,4,0.1,MISSES
C-S3-MUM,S3,MUM,K09,530.0,True,1.13,1.0,860,16525.53,11771.0,79.0,378.84,298.0,0.712,1.188,2,0.0,CLEARS
C-S3-BLR,S3,BLR,K01,230.0,True,10.46,4.71,200,2797.61,32631.0,219.0,95.44,1085.57,11.664,10.801,0,0.0,CLEARS
C-S3-BLR,S3,BLR,K02,240.0,True,9.0,4.05,180,775.98,11473.0,77.0,34.58,638.57,14.785,11.956,0,0.0,THIN
C-S3-BLR,S3,BLR,K03,285.0,True,5.3,2.38,230,10740.74,34121.0,229.0,337.34,1043.0,3.177,3.183,3,0.1,MISSES
C-S3-BLR,S3,BLR,K04,330.0,True,2.46,1.11,270,3129.72,9387.0,63.0,143.8,468.29,2.999,3.068,1,0.0,CLEARS
C-S3-BLR,S3,BLR,K09,525.0,True,1.21,1.0,360,11929.65,7599.0,51.0,438.2,212.86,0.637,1.494,17,0.0,CLEARS
C-S3-HYD,S3,HYD,K01,200.0,True,11.79,5.31,150,413.02,4619.0,31.0,27.16,255.43,11.183,8.158,0,0.0,THIN
C-S3-HYD,S3,HYD,K02,235.0,True,10.34,4.65,170,824.38,17433.0,117.0,24.63,468.29,21.147,18.2,0,0.0,THIN
C-S3-HYD,S3,HYD,K03,285.0,True,2.76,1.24,60,5377.88,17433.0,117.0,233.33,915.29,3.242,3.447,0,0.0,CLEARS
C-S3-HYD,S3,HYD,K04,225.0,True,4.63,2.08,120,799.53,3129.0,21.0,24.02,106.43,3.914,4.181,0,0.0,THIN
C-S3-HYD,S3,HYD,K09,440.0,True,1.29,1.0,80,3000.03,3278.0,22.0,89.86,85.14,1.093,2.855,0,0.0,CLEARS
C-S3-PUN,S3,PUN,K01,200.0,True,8.55,3.85,190,637.24,8493.0,57.0,25.96,425.71,13.328,10.496,0,0.0,THIN
C-S3-PUN,S3,PUN,K02,220.0,True,8.35,3.76,170,678.49,14453.0,97.0,24.31,596.0,21.302,17.765,0,0.0,THIN
C-S3-PUN,S3,PUN,K03,335.0,True,3.13,1.41,200,11867.6,36803.0,247.0,470.01,1234.57,3.101,3.187,0,0.0,CLEARS
C-S3-PUN,S3,PUN,K04,240.0,True,3.71,1.67,180,1063.83,4321.0,29.0,43.25,170.29,4.062,4.052,0,0.0,CLEARS
C-S3-PUN,S3,PUN,K09,410.0,True,1.76,1.0,100,2124.82,2086.0,14.0,76.9,63.86,0.982,2.943,3,0.0,CLEARS
C-S4-DEL,S4,DEL,K01,220.0,True,11.14,5.01,410,4078.34,117024.0,276.0,99.42,3392.0,28.694,27.146,0,0.0,CLEARS
C-S4-DEL,S4,DEL,K05,340.0,True,2.09,1.0,300,11672.0,86072.0,203.0,325.41,2665.14,7.374,7.668,0,0.0,CLEARS
C-S4-DEL,S4,DEL,K06,390.0,True,3.75,1.69,660,4941.64,45792.0,108.0,171.17,1453.71,9.267,9.414,0,0.0,CLEARS
C-S4-DEL,S4,DEL,K10,425.0,True,1.32,1.0,240,4913.38,8480.0,20.0,176.71,181.71,1.726,6.351,1,0.0,CLEARS
C-S4-MUM,S4,MUM,K01,230.0,True,8.61,3.87,200,2708.63,71656.0,169.0,131.47,3937.14,26.455,24.321,0,0.0,CLEARS
C-S4-MUM,S4,MUM,K05,390.0,True,2.4,1.08,390,5144.67,36888.0,87.0,110.66,726.86,7.17,7.779,0,0.0,CLEARS
C-S4-MUM,S4,MUM,K06,440.0,True,4.2,1.89,240,2809.23,28832.0,68.0,63.53,484.57,10.263,10.165,0,0.0,CLEARS
C-S4-MUM,S4,MUM,K10,470.0,True,1.55,1.0,250,3729.15,5088.0,12.0,130.5,181.71,1.364,7.131,1,0.0,CLEARS
C-S4-BLR,S4,BLR,K01,225.0,True,6.5,2.93,240,1370.48,33072.0,78.0,63.21,2180.57,24.132,20.147,0,0.0,CLEARS
C-S4-BLR,S4,BLR,K05,375.0,True,3.05,1.37,390,7491.7,47488.0,112.0,305.15,2422.86,6.339,6.59,0,0.0,CLEARS
C-S4-BLR,S4,BLR,K06,400.0,True,2.07,1.0,290,4081.77,42400.0,100.0,143.61,969.14,10.388,9.853,0,0.0,CLEARS
C-S4-BLR,S4,BLR,K10,450.0,True,1.76,1.0,320,3928.72,7208.0,17.0,155.28,363.43,1.835,5.335,0,0.0,CLEARS
C-S4-HYD,S4,HYD,K01,200.0,True,9.49,4.27,80,881.97,25016.0,59.0,25.68,605.71,28.364,22.772,0,0.0,THIN
C-S4-HYD,S4,HYD,K05,335.0,True,3.91,1.76,130,4426.14,36888.0,87.0,188.14,1696.0,8.334,8.611,0,0.0,CLEARS
C-S4-HYD,S4,HYD,K06,380.0,True,4.48,2.02,140,2314.12,21624.0,51.0,104.7,969.14,9.344,9.421,1,0.0,CLEARS
C-S4-HYD,S4,HYD,K10,350.0,True,1.45,1.0,110,1365.75,2544.0,6.0,51.48,60.57,1.863,8.083,0,0.0,CLEARS
C-S4-PUN,S4,PUN,K01,200.0,True,16.97,7.64,110,599.58,20352.0,48.0,12.12,363.43,33.944,26.7,0,0.0,THIN
C-S4-PUN,S4,PUN,K05,250.0,True,2.72,1.22,120,793.12,9328.0,22.0,28.85,242.29,11.761,12.309,0,0.0,THIN
C-S4-PUN,S4,PUN,K06,360.0,True,2.91,1.31,160,1600.53,16112.0,38.0,60.15,424.0,10.067,11.148,0,0.0,CLEARS
C-S4-PUN,S4,PUN,K10,340.0,True,2.09,1.0,130,653.2,848.0,2.0,24.48,121.14,1.298,11.939,0,0.0,THIN
C-S5-DEL,S5,DEL,K01,210.0,True,7.94,3.57,130,2663.06,21420.0,170.0,29.52,234.0,8.043,7.531,4,0.1,MISSES
C-S5-DEL,S5,DEL,K03,215.0,True,2.8,1.26,120,5808.03,10332.0,82.0,133.93,324.0,1.779,2.309,2,0.0,MISSES
C-S5-DEL,S5,DEL,K08,270.0,True,2.48,1.11,110,1025.6,6678.0,53.0,45.32,396.0,6.511,5.721,0,0.0,CLEARS
C-S5-MUM,S5,MUM,K01,220.0,True,11.22,5.05,320,971.87,7686.0,61.0,48.86,396.0,7.908,6.233,0,0.0,MISSES
C-S5-MUM,S5,MUM,K03,315.0,True,2.72,1.22,380,15884.78,23940.0,190.0,364.59,594.0,1.507,1.581,0,0.0,MISSES
C-S5-MUM,S5,MUM,K08,310.0,True,2.81,1.27,790,1288.86,7308.0,58.0,42.92,144.0,5.67,4.609,0,0.0,CLEARS
C-S5-BLR,S5,BLR,K01,210.0,True,9.91,4.46,180,1238.84,8190.0,65.0,20.68,162.0,6.611,5.51,4,0.0,THIN
C-S5-BLR,S5,BLR,K03,260.0,True,3.71,1.67,180,9040.27,15372.0,122.0,242.38,252.0,1.7,1.862,28,0.5,MISSES
C-S5-BLR,S5,BLR,K08,265.0,True,3.16,1.42,140,998.57,6300.0,50.0,39.63,324.0,6.309,5.089,0,0.0,CLEARS
C-S5-HYD,S5,HYD,K01,200.0,True,9.12,4.1,210,2310.52,22050.0,175.0,16.08,144.0,9.543,8.876,0,0.0,MISSES
C-S5-HYD,S5,HYD,K03,250.0,True,3.17,1.43,90,5114.81,8064.0,64.0,156.16,180.0,1.577,2.314,9,0.5,MISSES
C-S5-HYD,S5,HYD,K08,230.0,True,2.44,1.1,90,431.41,2898.0,23.0,15.92,108.0,6.718,5.407,0,0.0,THIN
C-S5-PUN,S5,PUN,K01,200.0,True,9.19,4.14,220,184.15,1008.0,8.0,6.19,18.0,5.474,2.922,0,0.0,THIN
C-S5-PUN,S5,PUN,K03,240.0,True,2.44,1.1,120,2404.37,4284.0,34.0,90.15,180.0,1.782,1.919,0,0.0,MISSES
C-S5-PUN,S5,PUN,K08,200.0,True,3.52,1.58,120,164.94,504.0,4.0,6.05,36.0,3.056,2.236,0,0.0,THIN
