seed,run,campaign_id,keyword_id,ktype,tier,step,bid,impr,orders,spend,ad_rev,slot1_share,mean_slot,offtake,pred_spend_wk,pred_rev_wk,pred_slots,b_spend,b_ad_rev,b_offtake,b_impr,d_spend,d_adrev,d_offtake,pred_d_spend
7,3,C-S3-DEL,K03,generic,A,-50,150.0,486.0,2.0,67.96,298.0,0.2325102880658436,7.658436213991769,2834224.0,0.0,0.0,–/–/–/–,6297.87,17880.0,2842866.0,24031.0,-6229.91,-17582.0,-8642.0,-15220.87
7,3,C-S3-DEL,K03,generic,A,-30,210.0,4687.0,20.0,907.91,2980.0,0.4320460849157243,5.107531470023469,2835565.0,283.43,404.95,–/–/–/13,6297.87,17880.0,2842866.0,24031.0,-5389.96,-14900.0,-7301.0,-14937.44
7,3,C-S3-DEL,K03,generic,A,-10,270.0,16729.0,79.0,4027.34,11771.0,0.6116324944706797,3.453703150218184,2839886.0,5866.07,13736.94,5/5/5/5,6297.87,17880.0,2842866.0,24031.0,-2270.5299999999997,-6109.0,-2980.0,-9354.800000000001
7,3,C-S3-DEL,K03,generic,A,0,300.0,24031.0,120.0,6297.87,17880.0,0.6710498938870626,2.951479339186883,2842866.0,15220.87,47464.9,1/1/1/1,6297.87,17880.0,2842866.0,24031.0,0.0,0.0,0.0,0.0
7,3,C-S3-DEL,K03,generic,A,10,330.0,35986.0,187.0,9928.59,27863.0,0.8289056855443784,2.0917579058522757,2847886.0,15220.87,47464.9,1/1/1/1,6297.87,17880.0,2842866.0,24031.0,3630.7200000000003,9983.0,5020.0,0.0
7,3,C-S3-DEL,K03,generic,A,30,390.0,42689.0,228.0,13088.350000000002,33972.0,0.8992949003256108,1.6000609056197146,2849353.0,15220.87,47464.9,1/1/1/1,6297.87,17880.0,2842866.0,24031.0,6790.480000000002,16092.0,6487.0,0.0
7,3,C-S3-DEL,K03,generic,A,50,450.0,43125.0,238.0,14178.239999999998,35462.0,0.9435130434782608,1.3191652173913044,2848608.0,15220.87,47464.9,1/1/1/1,6297.87,17880.0,2842866.0,24031.0,7880.369999999998,17582.0,5742.0,0.0
7,3,C-S5-MUM,K03,generic,A,-50,185.0,497.0,0.0,86.42999999999998,0.0,0.2253521126760563,7.277665995975855,2842021.0,0.0,0.0,–/–/–/–,6212.31,8442.0,2842866.0,20117.0,-6125.88,-8442.0,-845.0,-11646.53
7,3,C-S5-MUM,K03,generic,A,-30,259.0,3715.0,7.0,886.8600000000001,882.0,0.3986541049798116,4.982772543741588,2842399.0,708.0500000000001,459.9,13/13/13/13,6212.31,8442.0,2842866.0,20117.0,-5325.450000000001,-7560.0,-467.0,-10938.480000000001
7,3,C-S5-MUM,K03,generic,A,-10,333.0,10032.0,27.0,2981.43,3402.0,0.5237240829346093,3.717304625199362,2843659.0,6755.63,8701.91,5/5/5/1,6212.31,8442.0,2842866.0,20117.0,-3230.8800000000006,-5040.0,793.0,-4890.900000000001
7,3,C-S5-MUM,K03,generic,A,0,370.0,20117.0,67.0,6212.31,8442.0,0.8312869712183725,2.07351990853507,2842866.0,11646.53,16849.63,1/1/1/1,6212.31,8442.0,2842866.0,20117.0,0.0,0.0,0.0,0.0
7,3,C-S5-MUM,K03,generic,A,10,407.0,24720.0,83.0,8130.63,10458.0,0.8737459546925567,1.772168284789644,2842636.0,11646.53,16849.63,1/1/1/1,6212.31,8442.0,2842866.0,20117.0,1918.3199999999997,2016.0,-230.0,0.0
7,3,C-S5-MUM,K03,generic,A,30,481.0,24131.0,81.0,8713.25,10206.0,0.9312502590029422,1.39351871037255,2840905.0,11646.53,16849.63,1/1/1/1,6212.31,8442.0,2842866.0,20117.0,2500.9399999999996,1764.0,-1961.0,0.0
7,3,C-S5-MUM,K03,generic,A,50,555.0,22917.0,77.0,8780.999999999998,9702.0,0.9639568878998124,1.195837151459615,2842281.0,11646.53,16849.63,1/1/1/1,6212.31,8442.0,2842866.0,20117.0,2568.689999999998,1260.0,-585.0,0.0
7,3,C-S3-MUM,K03,generic,A,-50,172.5,282.0,0.0,46.45,0.0,0.1560283687943262,8.23404255319149,2839302.0,0.0,0.0,–/–/–/–,4017.599999999999,9238.0,2842866.0,13202.0,-3971.149999999999,-9238.0,-3564.0,-9937.06
7,3,C-S3-MUM,K03,generic,A,-30,241.5,2557.0,9.0,573.6500000000001,1341.0,0.3234258897145092,5.708642940946421,2840047.0,0.0,0.0,–/–/–/–,4017.599999999999,9238.0,2842866.0,13202.0,-3443.949999999999,-7897.0,-2819.0,-9937.06
7,3,C-S3-MUM,K03,generic,A,-10,310.5,7659.0,32.0,2157.25,4768.0,0.4484919702311006,4.290769029899464,2841835.0,1452.71,2024.89,9/9/9/9,4017.599999999999,9238.0,2842866.0,13202.0,-1860.349999999999,-4470.0,-1031.0,-8484.349999999999
7,3,C-S3-MUM,K03,generic,A,0,345.0,13202.0,62.0,4017.599999999999,9238.0,0.5764278139675807,3.335706711104378,2842866.0,9937.06,25961.18,1/1/1/1,4017.599999999999,9238.0,2842866.0,13202.0,0.0,0.0,0.0,0.0
7,3,C-S3-MUM,K03,generic,A,10,379.5,21729.0,117.0,6829.05,17433.0,0.8432509549450043,1.9870679736757328,2844437.0,9937.06,25961.18,1/1/1/1,4017.599999999999,9238.0,2842866.0,13202.0,2811.450000000001,8195.0,1571.0,0.0
7,3,C-S3-MUM,K03,generic,A,30,448.5,27326.0,154.0,9512.13,22946.0,0.9097562760740686,1.531654834223816,2845583.0,9937.06,25961.18,1/1/1/1,4017.599999999999,9238.0,2842866.0,13202.0,5494.530000000001,13708.0,2717.0,0.0
7,3,C-S3-MUM,K03,generic,A,50,517.5,28064.0,157.0,10463.929999999998,23393.0,0.9501496579247436,1.278648802736602,2844792.0,9937.06,25961.18,1/1/1/1,4017.599999999999,9238.0,2842866.0,13202.0,6446.33,14155.0,1926.0,0.0
7,3,C-S1-BLR,K03,generic,A,-50,170.0,509.0,2.0,81.02999999999999,344.0,0.2554027504911591,7.106090373280943,2836337.0,0.0,0.0,–/–/–/–,4528.12,16684.0,2842866.0,15884.0,-4447.09,-16340.0,-6529.0,-9918.93
7,3,C-S1-BLR,K03,generic,A,-30,238.0,4157.0,18.0,910.07,3096.0,0.4366129420254991,4.787346644214578,2837885.0,455.4899999999999,637.2800000000001,13/13/13/–,4528.12,16684.0,2842866.0,15884.0,-3618.0499999999997,-13588.0,-4981.0,-9463.44
7,3,C-S1-BLR,K03,generic,A,-10,306.0,14257.0,81.0,3767.9,13932.0,0.7641860138879147,2.5905169390474856,2841773.0,7683.550000000001,22794.1,5/1/1/5,4528.12,16684.0,2842866.0,15884.0,-760.2199999999998,-2752.0,-1093.0,-2235.379999999999
7,3,C-S1-BLR,K03,generic,A,0,340.0,15884.0,97.0,4528.12,16684.0,0.8235960715185092,2.133215814656258,2842866.0,9918.93,30535.890000000003,1/1/1/1,4528.12,16684.0,2842866.0,15884.0,0.0,0.0,0.0,0.0
7,3,C-S1-BLR,K03,generic,A,10,374.0,16594.0,103.0,5032.960000000002,17716.0,0.8677232734723394,1.8169217789562493,2841674.0,9918.93,30535.890000000003,1/1/1/1,4528.12,16684.0,2842866.0,15884.0,504.84000000000196,1032.0,-1192.0,0.0
7,3,C-S1-BLR,K03,generic,A,30,442.0,16992.0,109.0,5637.09,18748.0,0.92920197740113,1.4088983050847457,2841479.0,9918.93,30535.890000000003,1/1/1/1,4528.12,16684.0,2842866.0,15884.0,1108.9700000000003,2064.0,-1387.0,0.0
7,3,C-S1-BLR,K03,generic,A,50,510.0,16831.0,109.0,5908.77,18748.0,0.9638761808567524,1.1958291248291844,2842178.0,9918.93,30535.890000000003,1/1/1/1,4528.12,16684.0,2842866.0,15884.0,1380.6500000000005,2064.0,-688.0,0.0
7,3,C-S3-MUM,K09,competition,A,-50,280.0,397.0,0.0,102.38,0.0,0.327455919395466,5.806045340050378,2840620.0,0.0,0.0,–/–/–/–,4577.849999999999,3874.0,2842866.0,10332.0,-4475.469999999999,-3874.0,-2246.0,-6479.69
7,3,C-S3-MUM,K09,competition,A,-30,392.0,2424.0,4.0,864.2200000000001,596.0,0.4777227722772277,4.031353135313531,2841067.0,394.03,135.51999999999998,13/13/13/13,4577.849999999999,3874.0,2842866.0,10332.0,-3713.629999999999,-3278.0,-1799.0,-6085.66
7,3,C-S3-MUM,K09,competition,A,-10,504.0,5353.0,13.0,2340.08,1937.0,0.5755651036801793,3.1430973286007844,2842408.0,6479.69,4963.7,1/1/1/1,4577.849999999999,3874.0,2842866.0,10332.0,-2237.7699999999995,-1937.0,-458.0,0.0
7,3,C-S3-MUM,K09,competition,A,0,560.0,10332.0,26.0,4577.849999999999,3874.0,0.916182733255904,1.5102593883081687,2842866.0,6479.69,4963.7,1/1/1/1,4577.849999999999,3874.0,2842866.0,10332.0,0.0,0.0,0.0,0.0
7,3,C-S3-MUM,K09,competition,A,10,616.0,12024.0,28.0,5618.929999999999,4172.0,0.9414504324683964,1.3439787092481703,2842648.0,6479.69,4963.7,1/1/1/1,4577.849999999999,3874.0,2842866.0,10332.0,1041.08,298.0,-218.0,0.0
7,3,C-S3-MUM,K09,competition,A,30,728.0,14203.0,31.0,7143.91,4619.0,0.9726114201225092,1.150109131873548,2842923.0,6479.69,4963.7,1/1/1/1,4577.849999999999,3874.0,2842866.0,10332.0,2566.0600000000004,745.0,57.0,0.0
7,3,C-S3-MUM,K09,competition,A,50,840.0,15240.0,33.0,7986.35,4917.0,0.9882545931758532,1.058005249343832,2843221.0,6479.69,4963.7,1/1/1/1,4577.849999999999,3874.0,2842866.0,10332.0,3408.500000000001,1043.0,355.0,0.0
7,3,C-S1-MUM,K09,competition,A,-50,275.0,343.0,0.0,88.3,0.0,0.3119533527696793,5.921282798833819,2841318.0,0.0,0.0,–/–/–/–,2934.64,1548.0,2842866.0,6267.0,-2846.3399999999997,-1548.0,-1548.0,-6124.860000000001
7,3,C-S1-MUM,K09,competition,A,-30,385.0,2203.0,1.0,777.15,172.0,0.4516568315932819,4.197458011802088,2841490.0,372.4,114.52,13/13/13/13,2934.64,1548.0,2842866.0,6267.0,-2157.49,-1376.0,-1376.0,-5752.460000000001
7,3,C-S1-MUM,K09,competition,A,-10,495.0,5013.0,7.0,2169.59,1204.0,0.5495711151007381,3.284460402952324,2842522.0,2360.47,1213.87,5/5/5/5,2934.64,1548.0,2842866.0,6267.0,-765.0499999999997,-344.0,-344.0,-3764.390000000001
7,3,C-S1-MUM,K09,competition,A,0,550.0,6267.0,9.0,2934.64,1548.0,0.5833732248284665,3.010531354715175,2842866.0,6124.860000000001,4194.400000000001,1/1/1/1,2934.64,1548.0,2842866.0,6267.0,0.0,0.0,0.0,0.0
7,3,C-S1-MUM,K09,competition,A,10,605.0,11446.0,21.0,5297.99,3612.0,0.9375327625371308,1.3686877511794513,2843073.0,6124.860000000001,4194.400000000001,1/1/1/1,2934.64,1548.0,2842866.0,6267.0,2363.35,2064.0,207.0,0.0
7,3,C-S1-MUM,K09,competition,A,30,715.0,12079.0,23.0,6020.83,3956.0,0.97036178491597,1.1642520076165246,2841147.0,6124.860000000001,4194.400000000001,1/1/1/1,2934.64,1548.0,2842866.0,6267.0,3086.19,2408.0,-1719.0,0.0
7,3,C-S1-MUM,K09,competition,A,50,825.0,12185.0,24.0,6335.840000000001,4128.0,0.9875256462864176,1.0610586787033238,2840998.0,6124.860000000001,4194.400000000001,1/1/1/1,2934.64,1548.0,2842866.0,6267.0,3401.200000000001,2580.0,-1868.0,0.0
7,3,C-S3-DEL,K09,competition,A,-50,245.0,311.0,1.0,70.39,149.0,0.4565916398713826,5.115755627009646,2841869.0,0.0,0.0,–/–/–/–,3437.8599999999997,1788.0,2842866.0,8715.0,-3367.47,-1639.0,-997.0,-5289.34
7,3,C-S3-DEL,K09,competition,A,-30,343.0,2237.0,4.0,688.07,596.0,0.6428252123379526,3.272686633884667,2842167.0,321.58,131.46,13/13/13/13,3437.8599999999997,1788.0,2842866.0,8715.0,-2749.7899999999995,-1192.0,-699.0,-4967.76
7,3,C-S3-DEL,K09,competition,A,-10,441.0,6735.0,9.0,2473.76,1341.0,0.8634001484780994,1.8861172976985896,2842419.0,5289.34,4816.63,1/1/1/1,3437.8599999999997,1788.0,2842866.0,8715.0,-964.0999999999995,-447.0,-447.0,0.0
7,3,C-S3-DEL,K09,competition,A,0,490.0,8715.0,12.0,3437.8599999999997,1788.0,0.9006310958118187,1.6187033849684451,2842866.0,5289.34,4816.63,1/1/1/1,3437.8599999999997,1788.0,2842866.0,8715.0,0.0,0.0,0.0,0.0
7,3,C-S3-DEL,K09,competition,A,10,539.0,10410.0,15.0,4349.59,2235.0,0.9276657060518732,1.4353506243996157,2843485.0,5289.34,4816.63,1/1/1/1,3437.8599999999997,1788.0,2842866.0,8715.0,911.7300000000005,447.0,619.0,0.0
7,3,C-S3-DEL,K09,competition,A,30,637.0,12770.0,19.0,5792.5999999999985,2831.0,0.9638214565387628,1.2036021926389977,2844253.0,5289.34,4816.63,1/1/1/1,3437.8599999999997,1788.0,2842866.0,8715.0,2354.739999999999,1043.0,1387.0,0.0
7,3,C-S3-DEL,K09,competition,A,50,735.0,14008.0,20.0,6678.83,2980.0,0.9827241576242148,1.0919474585950886,2844402.0,5289.34,4816.63,1/1/1/1,3437.8599999999997,1788.0,2842866.0,8715.0,3240.9700000000003,1192.0,1536.0,0.0
7,3,C-S3-BLR,K09,competition,A,-50,262.5,372.0,0.0,90.8,0.0,0.4247311827956989,5.075268817204301,2841330.0,0.0,0.0,–/–/–/–,3223.85,1937.0,2842866.0,7762.0,-3133.0499999999997,-1937.0,-1536.0,-4511.92
7,3,C-S3-BLR,K09,competition,A,-30,367.5,2349.0,6.0,776.29,894.0,0.5925925925925926,3.441890166028097,2842224.0,274.40000000000003,93.17,13/13/13/13,3223.85,1937.0,2842866.0,7762.0,-2447.56,-1043.0,-642.0,-4237.52
7,3,C-S3-BLR,K09,competition,A,-10,472.5,6822.0,13.0,2648.32,1937.0,0.8784813837584287,1.7757255936675462,2843187.0,4511.92,3414.04,1/1/1/1,3223.85,1937.0,2842866.0,7762.0,-575.5299999999997,0.0,321.0,0.0
7,3,C-S3-BLR,K09,competition,A,0,525.0,7762.0,13.0,3223.85,1937.0,0.912780211285751,1.5343983509404793,2842866.0,4511.92,3414.04,1/1/1/1,3223.85,1937.0,2842866.0,7762.0,0.0,0.0,0.0,0.0
7,3,C-S3-BLR,K09,competition,A,10,577.5,8247.0,12.0,3614.08,1788.0,0.9384018430944586,1.365708742573057,2842098.0,4511.92,3414.04,1/1/1/1,3223.85,1937.0,2842866.0,7762.0,390.23,-149.0,-768.0,0.0
7,3,C-S3-BLR,K09,competition,A,30,682.5,8631.0,15.0,4082.56,2235.0,0.9704553354188392,1.1608156644652996,2841869.0,4511.92,3414.04,1/1/1/1,3223.85,1937.0,2842866.0,7762.0,858.71,298.0,-997.0,0.0
7,3,C-S3-BLR,K09,competition,A,50,787.5,8686.0,16.0,4293.149999999999,2384.0,0.9862997927699748,1.0686161639419756,2841055.0,4511.92,3414.04,1/1/1/1,3223.85,1937.0,2842866.0,7762.0,1069.2999999999988,447.0,-1811.0,0.0
7,3,C-S3-DEL,K01,brand,A,-50,132.5,259.0,2.0,32.68,298.0,0.1003861003861003,8.505791505791505,2844341.0,2412.48,29298.78,1/1/1/1,2091.79,25926.0,2842866.0,10911.0,-2059.11,-25628.0,1475.0,0.0
7,3,C-S3-DEL,K01,brand,A,-30,185.5,940.0,13.0,163.5,1937.0,0.1797872340425532,6.919148936170213,2844341.0,,,,2091.79,25926.0,2842866.0,10911.0,-1928.29,-23989.0,1475.0,
7,3,C-S3-DEL,K01,brand,A,-10,238.5,2189.0,26.0,478.5499999999999,3874.0,0.20831429876656,6.383280036546368,2844169.0,2412.48,29298.78,1/1/1/1,2091.79,25926.0,2842866.0,10911.0,-1613.24,-22052.0,1303.0,0.0
7,3,C-S3-DEL,K01,brand,A,0,265.0,10911.0,174.0,2091.79,25926.0,0.9590321693703602,1.234259004674182,2842866.0,2412.48,29298.78,1/1/1/1,2091.79,25926.0,2842866.0,10911.0,0.0,0.0,0.0,0.0
7,3,C-S3-DEL,K01,brand,A,10,291.5,11771.0,189.0,2340.13,28161.0,0.9740888624585846,1.140005097272959,2842866.0,2412.48,29298.78,1/1/1/1,2091.79,25926.0,2842866.0,10911.0,248.34000000000015,2235.0,0.0,0.0
7,3,C-S3-DEL,K01,brand,A,30,344.5,12644.0,205.0,2626.91,30545.0,0.9914583992407466,1.0395444479595064,2843313.0,2412.48,29298.78,1/1/1/1,2091.79,25926.0,2842866.0,10911.0,535.1199999999999,4619.0,447.0,0.0
7,3,C-S3-DEL,K01,brand,A,50,397.5,12965.0,208.0,2748.6900000000005,30992.0,0.997686077902044,1.0092556883918242,2843313.0,2412.48,29298.78,1/1/1/1,2091.79,25926.0,2842866.0,10911.0,656.9000000000005,5066.0,447.0,0.0
7,3,C-S2-DEL,K01,brand,A,-50,120.0,119.0,3.0,14.06,837.0,0.0504201680672268,9.470588235294118,2842357.0,350.91,4636.03,9/9/9/9,769.47,15624.0,2842866.0,3514.0,-755.4100000000001,-14787.0,-509.0,-2049.25
7,3,C-S2-DEL,K01,brand,A,-30,168.0,613.0,14.0,96.89,3906.0,0.1190864600326264,7.779771615008157,2843194.0,,,,769.47,15624.0,2842866.0,3514.0,-672.58,-11718.0,328.0,
7,3,C-S2-DEL,K01,brand,A,-10,216.0,1113.0,23.0,224.08,6417.0,0.1626235399820305,6.886792452830188,2843194.0,583.87,9862.93,5/9/9/5,769.47,15624.0,2842866.0,3514.0,-545.39,-9207.0,328.0,-1816.29
7,3,C-S2-DEL,K01,brand,A,0,240.0,3514.0,56.0,769.47,15624.0,0.2512805919180421,5.08651109846329,2842866.0,2400.16,59436.23,1/1/1/1,769.47,15624.0,2842866.0,3514.0,0.0,0.0,0.0,0.0
7,3,C-S2-DEL,K01,brand,A,10,264.0,5729.0,95.0,1334.62,26505.0,0.3466573573049398,3.790015709547914,2844135.0,2400.16,59436.23,1/1/1/1,769.47,15624.0,2842866.0,3514.0,565.1499999999999,10881.0,1269.0,0.0
7,3,C-S2-DEL,K01,brand,A,30,312.0,11732.0,179.0,2381.76,49941.0,0.9825264234572112,1.0903511762700306,2845458.0,2400.16,59436.23,1/1/1/1,769.47,15624.0,2842866.0,3514.0,1612.2900000000002,34317.0,2592.0,0.0
7,3,C-S2-DEL,K01,brand,A,50,360.0,12270.0,184.0,2569.32,51336.0,0.9939690301548492,1.0270578647106765,2845607.0,2400.16,59436.23,1/1/1/1,769.47,15624.0,2842866.0,3514.0,1799.8500000000001,35712.0,2741.0,0.0
7,3,C-S4-DEL,K01,brand,A,-50,120.0,130.0,2.0,15.049999999999995,848.0,0.0538461538461538,9.4,2840918.0,259.49,3946.32,9/9/13/9,440.88,10176.0,2842866.0,1978.0,-425.83,-9328.0,-1948.0,-1933.26
7,3,C-S4-DEL,K01,brand,A,-30,168.0,639.0,6.0,101.48,2544.0,0.1173708920187793,7.748043818466353,2840918.0,,,,440.88,10176.0,2842866.0,1978.0,-339.4,-7632.0,-1948.0,
7,3,C-S4-DEL,K01,brand,A,-10,216.0,1167.0,14.0,234.88,5936.0,0.1628106255355612,6.916023993144816,2842190.0,374.92,6449.94,5/9/9/9,440.88,10176.0,2842866.0,1978.0,-206.0,-4240.0,-676.0,-1817.83
7,3,C-S4-DEL,K01,brand,A,0,240.0,1978.0,24.0,440.88,10176.0,0.1577350859453994,6.96562184024267,2842866.0,2192.75,63890.61,1/1/1/1,440.88,10176.0,2842866.0,1978.0,0.0,0.0,0.0,0.0
7,3,C-S4-DEL,K01,brand,A,10,264.0,5945.0,89.0,1385.06,37736.0,0.3473507148864592,3.787552565180824,2844023.0,2192.75,63890.61,1/1/1/1,440.88,10176.0,2842866.0,1978.0,944.18,27560.0,1157.0,0.0
7,3,C-S4-DEL,K01,brand,A,30,312.0,11583.0,159.0,2349.52,67416.0,0.9829059829059827,1.087369420702754,2845669.0,2192.75,63890.61,1/1/1/1,440.88,10176.0,2842866.0,1978.0,1908.6399999999999,57240.0,2803.0,0.0
7,3,C-S4-DEL,K01,brand,A,50,360.0,11845.0,163.0,2476.1,69112.0,0.994005909666526,1.0266779231743353,2844691.0,2192.75,63890.61,1/1/1/1,440.88,10176.0,2842866.0,1978.0,2035.2199999999998,58936.0,1825.0,0.0
7,3,C-S5-DEL,K01,brand,A,-50,122.5,56.0,1.0,6.449999999999999,126.0,0.0,12.285714285714286,2844849.0,487.62,2843.26,9/9/9/5,719.4599999999999,4536.0,2842866.0,3278.0,-713.0099999999999,-4410.0,1983.0,-1633.8000000000002
7,3,C-S5-DEL,K01,brand,A,-30,171.5,306.0,1.0,50.06999999999999,126.0,0.0588235294117647,9.549019607843135,2844849.0,,,,719.4599999999999,4536.0,2842866.0,3278.0,-669.3899999999999,-4410.0,1983.0,
7,3,C-S5-DEL,K01,brand,A,-10,220.5,510.0,3.0,105.81,378.0,0.1098039215686274,8.576470588235294,2844975.0,1442.35,11729.06,1/5/5/1,719.4599999999999,4536.0,2842866.0,3278.0,-613.6499999999999,-4158.0,2109.0,-679.0700000000002
7,3,C-S5-DEL,K01,brand,A,0,245.0,3278.0,36.0,719.4599999999999,4536.0,0.3258084197681513,3.924954240390482,2842866.0,2121.42,18317.6,1/1/1/1,719.4599999999999,4536.0,2842866.0,3278.0,0.0,0.0,0.0,0.0
7,3,C-S5-DEL,K01,brand,A,10,269.5,5524.0,66.0,1058.85,8316.0,0.9641564083997104,1.1984069514844315,2842018.0,2121.42,18317.6,1/1/1/1,719.4599999999999,4536.0,2842866.0,3278.0,339.39,3780.0,-848.0,0.0
7,3,C-S5-DEL,K01,brand,A,30,318.5,5744.0,71.0,1161.13,8946.0,0.987291086350975,1.0598885793871866,2841590.0,2121.42,18317.6,1/1/1/1,719.4599999999999,4536.0,2842866.0,3278.0,441.6700000000002,4410.0,-1276.0,0.0
7,3,C-S5-DEL,K01,brand,A,50,367.5,5807.0,70.0,1205.6899999999998,8820.0,0.9960392629584984,1.0165317719993112,2841716.0,2121.42,18317.6,1/1/1/1,719.4599999999999,4536.0,2842866.0,3278.0,486.2299999999999,4284.0,-1150.0,0.0
