,7,11,23
warm_droas_brand,16.61,15.23,14.09
warm_droas_competition,1.12,1.26,1.34
warm_droas_generic,3.77,3.65,3.66
warm_ad_share_units,0.206,0.196,0.212
warm_runout_share,0.321,0.336,0.326
hold_increv,1587195.0,1659035.0,1559534.0
hold_spend,859490.0,929882.0,906927.0
hold_iroas,1.847,1.784,1.72
hold_droas,4.469,3.984,4.103
secs,7.3,7.2,6.5
iota_brand_K01,0.117,0.129,0.107
sibling_K01,0.442,0.464,0.496
iota_brand_K03,0.514,0.51,0.506
sibling_K03,0.199,0.205,0.193
iota_brand_K05,0.594,0.591,0.591
sibling_K05,0.087,0.09,0.094
iota_brand_K07,0.306,0.309,0.314
sibling_K07,0.0,0.0,0.0
iota_brand_K09,0.937,0.931,0.935
sibling_K09,0.063,0.069,0.065
droas_K07,5.15,6.77,7.23
