state,price_change,ad_spend,est,truth
0,-0.3,0.0,-7219.141108230521,-9742.10666666668
0,-0.3,1500.0,-3695.542791720892,-4408.8508082649205
0,-0.3,4000.0,2177.121069128486,-1669.2726228590195
0,-0.1,0.0,-2406.380369410173,353.35999999998967
0,-0.1,1500.0,1117.217947099451,8582.81585840175
0,-0.1,4000.0,6989.881807948834,13546.794043807646
0,0.0,0.0,0.0,0.0
0,0.0,1500.0,3523.5983165096272,8826.64484634474
0,0.0,4000.0,9396.262177359005,14251.057324085095
0,0.1,0.0,2406.380369410173,2341.666666666677
0,0.1,1500.0,5929.9786859198,11838.611513011418
0,0.1,4000.0,11802.642546769179,17778.890657418448
0,0.3,0.0,7219.141108230519,3128.2933333333212
0,0.3,1500.0,10742.739424740146,13321.60861608451
0,0.3,4000.0,16615.403285589524,19793.732844270064
1,-0.3,0.0,-12745.490543477468,-7677.079999999993
1,-0.3,1500.0,-11052.18216761503,-7356.064863046371
1,-0.3,4000.0,-8230.001541177644,-8463.756635375492
1,-0.1,0.0,-4248.49684782582,-181.2133333333286
1,-0.1,1500.0,-2555.188471963389,2290.9151369536294
1,-0.1,4000.0,266.9921544739964,2835.5433646245106
1,0.0,0.0,0.0,0.0
1,0.0,1500.0,1693.3083758624314,3022.6748902462414
1,0.0,4000.0,4515.489002299817,3991.631421965548
1,0.1,0.0,4248.496847825821,1797.0066666666667
1,0.1,1500.0,5941.805223688252,5335.634890246241
1,0.1,4000.0,8763.985850125639,6698.811421965547
1,0.3,0.0,12745.490543477461,2779.4000000000015
1,0.3,1500.0,14438.798919339892,6934.321392441316
1,0.3,4000.0,17260.979545777278,8772.096793526227
2,-0.3,0.0,-4059.8252432250347,-4892.746666666662
2,-0.3,1500.0,635.0904762846876,2332.5232465165473
2,-0.3,4000.0,8459.950008800533,6521.7780563241195
2,-0.1,0.0,-1353.2750810750124,2136.0866666666698
2,-0.1,1500.0,3341.640638434713,11376.063246516547
2,-0.1,4000.0,11166.50017095092,17116.364722990784
2,0.0,0.0,0.0,0.0
2,0.0,1500.0,4694.915719509725,9530.981469109905
2,0.0,4000.0,12519.775252025933,15491.849892871312
2,0.1,0.0,1353.2750810750124,1565.4533333333334
2,0.1,1500.0,6048.190800584739,11546.608135776572
2,0.1,4000.0,13873.050333100946,17851.849892871316
2,0.3,0.0,4059.825243225037,322.05333333333624
2,0.3,1500.0,8754.740962734762,10545.249173061045
2,0.3,4000.0,16579.60049525097,17040.74222834722
3,-0.3,0.0,-13422.726198607013,-6891.4866666666685
3,-0.3,1500.0,-12580.627343993763,-7713.32450232231
3,-0.3,4000.0,-11177.129252971932,-9700.314629117256
3,-0.1,0.0,-4474.242066202286,-2661.446666666669
3,-0.1,1500.0,-3632.143211589192,-2270.6045023223114
3,-0.1,4000.0,-2228.6451205673693,-3325.8212957839214
3,0.0,0.0,0.0,0.0
3,0.0,1500.0,842.0988546130937,1752.5098682954977
3,0.0,4000.0,2245.5969456349167,1743.0110396919827
3,0.1,0.0,4474.242066202286,3863.2866666666673
3,0.1,1500.0,5316.34092081538,6723.2965349621645
3,0.1,4000.0,6719.839011837203,7565.044373025316
3,0.3,0.0,13422.726198606857,7631.713333333336
3,0.3,1500.0,14264.82505321995,11971.888337596247
3,0.3,4000.0,15668.323144241775,13950.741485564808
4,-0.3,0.0,-2147.662227347559,-3823.479999999987
4,-0.3,1500.0,2844.897091190973,5902.496219125822
4,-0.3,4000.0,11165.829288755112,12013.069383399232
4,-0.1,0.0,-715.8874091158373,2325.6933333333445
4,-0.1,1500.0,4276.671909422646,13815.429552459154
4,-0.1,4000.0,12597.604106986786,21281.576050065894
4,0.0,0.0,0.0,0.0
4,0.0,1500.0,4992.559318538484,11624.179824393997
4,0.0,4000.0,13313.491516102624,19193.87027514488
4,0.1,0.0,715.8874091158373,970.3333333333339
4,0.1,1500.0,5708.446727654322,12874.546491060664
4,0.1,4000.0,14029.378925218462,20655.970275144882
4,0.3,0.0,2147.6622273475114,-1821.1599999999962
4,0.3,1500.0,7140.2215458859955,9813.828894572785
4,0.3,4000.0,15461.153743450135,17393.304202975312
