week,agent_type,strategy,price,brand_trust,profit,sales_volume,weekly_ad_spend
1,full_chimera,increase,130.0,0.6874039276603388,36540.0,463,500.0
2,full_chimera,increase,130.0,0.6860291198050181,34080.0,426,0.0
3,full_chimera,increase,150.0,0.6756146878304702,44400.0,454,1000.0
4,full_chimera,increase,150.0,0.6816709996673923,48700.0,507,2000.0
5,full_chimera,increase,150.0,0.6897387243645766,52000.0,550,3000.0
6,full_chimera,increase,150.0,0.699437961609457,52600.0,566,4000.0
7,full_chimera,increase,150.0,0.7105462671029342,53600.0,586,5000.0
8,full_chimera,increase,147.0,0.7218309920327435,59311.0,663,5000.0
9,full_chimera,increase,149.94,0.7332949382499443,58561.84,636,5000.0
10,full_chimera,increase,149.94,0.7449409521039208,64558.240000000005,696,5000.0
11,full_chimera,increase,149.94,0.7567719251490935,63958.59999999999,690,5000.0
12,full_chimera,increase,149.999976,0.768790794862855,61999.98392,670,5000.0
13,full_chimera,increase,149.999976,0.781000545374907,66799.982768,718,5000.0
14,full_chimera,increase,149.99999999999616,0.7934042082081818,69399.99999999715,744,5000.0
15,full_chimera,increase,89.9999999999977,0.8301850089224756,50839.999999996784,1396,5000.0
16,full_chimera,increase,134.99999999999653,0.82650241142555,63679.99999999719,808,5000.0
17,full_chimera,increase,149.84999999999616,0.8228361494733267,69088.69999999714,742,5000.0
18,full_chimera,increase,149.84999999999616,0.835904235309551,69887.49999999712,750,5000.0
19,full_chimera,increase,149.84999999999616,0.8491798653421895,71784.64999999704,769,5000.0
20,full_chimera,increase,134.86499999999654,0.8885463258104034,70954.1749999969,895,5000.0
21,full_chimera,increase,145.65419999999628,0.9026580048641061,66836.3041999972,751,5000.0
22,full_chimera,increase,149.99469515999618,0.9169938022107217,68796.08502807718,738,5000.0
23,full_chimera,increase,149.99469515999618,0.9315572772430785,72695.87813931704,777,5000.0
24,full_chimera,increase,149.99469515999618,0.9463520458834256,63596.36087975738,686,5000.0
25,full_chimera,increase,149.99469515999618,0.9596598285059794,70396.05319903717,744,4000.0
26,full_chimera,increase,149.99469515999618,0.9749009151069018,65596.2547829573,706,5000.0
27,full_chimera,increase,146.99480125679625,0.9903840569797827,66000.19451997486,732,5000.0
28,full_chimera,increase,149.9934952024349,1.0,72094.98480107731,771,5000.0
29,full_chimera,increase,149.9934952024349,1.0,64995.44664170443,700,5000.0
30,full_chimera,increase,149.9934952024349,1.0,62495.60926164356,675,5000.0
31,full_chimera,increase,149.9934952024349,1.0,62895.5832424533,679,5000.0
32,full_chimera,increase,149.9934952024349,1.0,60195.75887198755,652,5000.0
33,full_chimera,increase,149.9934952024349,1.0,57195.95401591451,622,5000.0
34,full_chimera,increase,149.9934952024349,1.0,58895.843434355906,639,5000.0
35,full_chimera,increase,149.9934952024349,1.0,63795.52469927521,688,5000.0
36,full_chimera,increase,149.9934952024349,1.0,59295.81741516564,643,5000.0
37,full_chimera,increase,149.9934952024349,1.0,57195.95401591451,622,5000.0
38,full_chimera,increase,149.9934952024349,1.0,56296.01255909259,613,5000.0
39,full_chimera,increase,149.9934952024349,1.0,57895.90848233155,629,5000.0
40,full_chimera,increase,149.9934952024349,1.0,57395.94100631938,624,5000.0
41,full_chimera,increase,149.9934952024349,1.0,53296.20770301955,583,5000.0
42,full_chimera,increase,148.49356025041055,1.0,57838.89143976194,638,5000.0
43,full_chimera,increase,149.97849585291465,1.0,57286.602916365824,623,5000.0
44,full_chimera,increase,149.97849585291465,1.0,63485.269659246536,685,5000.0
45,full_chimera,increase,149.99349370249993,1.0,58595.86199478996,636,5000.0
46,full_chimera,increase,149.99349370249993,1.0,64595.47161693995,696,5000.0
47,full_chimera,increase,149.99999999999997,1.0,58099.999999999985,631,5000.0
48,full_chimera,increase,149.99999999999997,1.0,64599.999999999985,696,5000.0
49,full_chimera,increase,149.99999999999997,1.0,62699.999999999985,677,5000.0
50,full_chimera,increase,142.49999999999997,1.0,62709.999999999985,732,5000.0
51,full_chimera,increase,149.62499999999997,1.0,71611.62499999997,769,5000.0
52,full_chimera,increase,149.62499999999997,1.0,66829.62499999999,721,5000.0
