seed,bias,agent,weeks,total_profit,weekly_sd,final_trust,trust_delta,final_price,loss_weeks,min_price,max_price
seed0,increase,llm_symbolic,52,2904341.6380036967,7960.138238925913,1.0,0.30000000000000004,150.0,0.0,90.0,150.0
seed2,increase,full_chimera,52,3168955.696214457,8225.44658064816,1.0,0.30000000000000004,149.62499999999997,0.0,89.9999999999977,150.0
seed2,decrease,full_chimera,52,3005282.132280078,8733.661788786636,1.0,0.30000000000000004,131.16780406193536,0.0,77.92574713155302,148.41
seed0,decrease,llm_symbolic,52,2157469.2993823295,17116.209668746164,1.0,0.30000000000000004,78.61612830882407,0.0,59.69877635765506,148.97249136000002
seed2,decrease,llm_symbolic,52,1555918.388303693,15172.663146589328,1.0,0.30000000000000004,60.53151875017387,0.0,59.45521544516354,137.052
seed0,decrease,full_chimera,52,2586130.1745376945,11640.60727080863,1.0,0.30000000000000004,126.2200791133551,0.0,66.10244678022227,149.06500534619695
seed0,increase,full_chimera,52,3215044.2099110414,8757.324137997073,1.0,0.30000000000000004,150.0,0.0,142.5,150.0
seed2,increase,llm_symbolic,52,2869323.9529013117,6757.116725525507,1.0,0.30000000000000004,149.94184245070252,0.0,125.0,150.0
seed2,decrease,llm_only,52,8611.5,11864.596755885554,1.0,0.30000000000000004,50.0,0.9230769230769231,50.0,150.0
seed1,decrease,llm_symbolic,52,2003656.4182712375,19351.930257257936,0.998,0.29800000000000004,60.46581066871085,0.0,59.63097699083911,142.56
seed0,increase,llm_only,52,2031198.0795437,10640.255759822765,0.6019291975699319,-0.09807080243006805,150.0,0.0,107.0,150.0
seed1,increase,llm_symbolic,52,2982802.382215969,10255.796278363421,0.998,0.29800000000000004,149.930620746578,0.0,100.0,150.0
seed2,increase,llm_only,52,1971820.0,5785.574424186235,0.6100630740175674,-0.08993692598243253,150.0,0.0,150.0,150.0
seed0,decrease,llm_only,52,386522.9665307199,18366.74022381462,1.0,0.30000000000000004,50.0,0.8461538461538461,50.0,150.0
seed1,increase,full_chimera,52,1725004.293187302,4526.47668769425,0.6765173467889894,-0.023482653211010507,149.99324775358068,0.0,130.0,149.99973065999998
seed1,decrease,llm_only,52,428746.05950000003,24312.042187933966,1.0,0.30000000000000004,50.0,0.8269230769230769,50.0,150.0
seed1,decrease,full_chimera,52,2570349.7186151105,11098.218535956612,1.0,0.30000000000000004,115.24606227211126,0.0,69.19891316927398,148.41
seed1,increase,llm_only,52,2418652.5,5396.095390495757,0.8463964699585432,0.14639646995854327,150.0,0.0,110.0,150.0
