campaign_id,keyword_id,bid_cpm_inr,active
C-S1-DEL,K01,225.0,True
C-S1-DEL,K02,200.0,True
C-S1-DEL,K03,305.0,True
C-S1-DEL,K04,295.0,True
C-S1-DEL,K07,275.0,True
C-S1-DEL,K09,425.0,True
C-S1-MUM,K01,260.0,True
C-S1-MUM,K02,250.0,True
C-S1-MUM,K03,335.0,True
C-S1-MUM,K04,370.0,True
C-S1-MUM,K07,280.0,True
C-S1-MUM,K09,550.0,True
C-S1-BLR,K01,265.0,True
C-S1-BLR,K02,250.0,True
C-S1-BLR,K03,340.0,True
C-S1-BLR,K04,320.0,True
C-S1-BLR,K07,290.0,True
C-S1-BLR,K09,465.0,True
C-S1-HYD,K01,240.0,True
C-S1-HYD,K02,200.0,True
C-S1-HYD,K03,325.0,True
C-S1-HYD,K04,275.0,True
C-S1-HYD,K07,235.0,True
C-S1-HYD,K09,555.0,True
C-S1-PUN,K01,215.0,True
C-S1-PUN,K02,200.0,True
C-S1-PUN,K03,285.0,True
C-S1-PUN,K04,275.0,True
C-S1-PUN,K07,235.0,True
C-S1-PUN,K09,465.0,True
C-S2-DEL,K01,240.0,True
C-S2-DEL,K05,405.0,True
C-S2-DEL,K06,355.0,True
C-S2-DEL,K10,470.0,True
C-S2-MUM,K01,245.0,True
C-S2-MUM,K05,400.0,True
C-S2-MUM,K06,375.0,True
C-S2-MUM,K10,490.0,True
C-S2-BLR,K01,265.0,True
C-S2-BLR,K05,415.0,True
C-S2-BLR,K06,350.0,True
C-S2-BLR,K10,450.0,True
C-S2-HYD,K01,225.0,True
C-S2-HYD,K05,265.0,True
C-S2-HYD,K06,330.0,True
C-S2-HYD,K10,420.0,True
C-S2-PUN,K01,215.0,True
C-S2-PUN,K05,300.0,True
C-S2-PUN,K06,320.0,True
C-S2-PUN,K10,395.0,True
C-S3-DEL,K01,265.0,True
C-S3-DEL,K02,240.0,True
C-S3-DEL,K03,315.0,True
C-S3-DEL,K04,310.0,True
C-S3-DEL,K09,490.0,True
C-S3-MUM,K01,225.0,True
C-S3-MUM,K02,280.0,True
C-S3-MUM,K03,345.0,True
C-S3-MUM,K04,375.0,True
C-S3-MUM,K09,590.0,True
C-S3-BLR,K01,240.0,True
C-S3-BLR,K02,280.0,True
C-S3-BLR,K03,330.0,True
C-S3-BLR,K04,350.0,True
C-S3-BLR,K09,525.0,True
C-S3-HYD,K01,200.0,True
C-S3-HYD,K02,235.0,True
C-S3-HYD,K03,250.0,True
C-S3-HYD,K04,225.0,True
C-S3-HYD,K09,440.0,True
C-S3-PUN,K01,200.0,True
C-S3-PUN,K02,220.0,True
C-S3-PUN,K03,355.0,True
C-S3-PUN,K04,240.0,True
C-S3-PUN,K09,410.0,True
C-S4-DEL,K01,240.0,True
C-S4-DEL,K05,345.0,True
C-S4-DEL,K06,370.0,True
C-S4-DEL,K10,495.0,True
C-S4-MUM,K01,270.0,True
C-S4-MUM,K05,355.0,True
C-S4-MUM,K06,420.0,True
C-S4-MUM,K10,520.0,True
C-S4-BLR,K01,245.0,True
C-S4-BLR,K05,340.0,True
C-S4-BLR,K06,440.0,True
C-S4-BLR,K10,500.0,True
C-S4-HYD,K01,210.0,True
C-S4-HYD,K05,305.0,True
C-S4-HYD,K06,345.0,True
C-S4-HYD,K10,350.0,True
C-S4-PUN,K01,205.0,True
C-S4-PUN,K05,250.0,True
C-S4-PUN,K06,360.0,True
C-S4-PUN,K10,340.0,True
C-S5-DEL,K01,245.0,True
C-S5-DEL,K03,300.0,True
C-S5-DEL,K08,270.0,True
C-S5-MUM,K01,220.0,True
C-S5-MUM,K03,410.0,True
C-S5-MUM,K08,325.0,True
C-S5-BLR,K01,240.0,True
C-S5-BLR,K03,335.0,True
C-S5-BLR,K08,265.0,True
C-S5-HYD,K01,235.0,True
C-S5-HYD,K03,280.0,True
C-S5-HYD,K08,230.0,True
C-S5-PUN,K01,200.0,True
C-S5-PUN,K03,270.0,True
C-S5-PUN,K08,200.0,True
