sku_id,city_id,keyword_id,plan_budget_inr_day,goal_droas,marginal_floor_droas,evidence_tier
S1,DEL,K01,230,8.66,3.9,high
S1,DEL,K02,160,7.57,3.4,medium
S1,DEL,K03,160,3.21,1.44,high
S1,DEL,K04,140,2.27,1.02,high
S1,DEL,K07,130,2.71,1.22,high
S1,DEL,K09,270,1.32,1.0,medium
S1,MUM,K01,260,8.54,3.84,low
S1,MUM,K02,310,10.82,4.87,medium
S1,MUM,K03,360,2.65,1.19,medium
S1,MUM,K04,220,3.09,1.39,medium
S1,MUM,K07,270,4.47,2.01,low
S1,MUM,K09,270,1.59,1.0,low
S1,BLR,K01,190,10.54,4.74,high
S1,BLR,K02,300,9.05,4.07,high
S1,BLR,K03,180,3.52,1.58,medium
S1,BLR,K04,280,4.06,1.83,high
S1,BLR,K07,270,3.66,1.65,medium
S1,BLR,K09,190,2.01,1.0,medium
S1,HYD,K01,290,6.59,2.97,high
S1,HYD,K02,390,11.2,5.04,low
S1,HYD,K03,130,2.4,1.08,high
S1,HYD,K04,220,2.48,1.12,medium
S1,HYD,K07,120,2.12,1.0,medium
S1,HYD,K09,210,1.62,1.0,low
S1,PUN,K01,60,7.26,3.27,medium
S1,PUN,K02,60,7.06,3.18,medium
S1,PUN,K03,110,3.15,1.42,low
S1,PUN,K04,70,2.71,1.22,low
S1,PUN,K07,80,3.36,1.51,high
S1,PUN,K09,180,1.74,1.0,medium
S2,DEL,K01,480,11.24,5.06,high
S2,DEL,K05,430,2.23,1.0,high
S2,DEL,K06,510,3.13,1.41,medium
S2,DEL,K10,490,2.14,1.0,high
S2,MUM,K01,60,7.57,3.41,high
S2,MUM,K05,100,2.7,1.21,high
S2,MUM,K06,80,3.24,1.46,high
S2,MUM,K10,120,2.12,1.0,high
S2,BLR,K01,400,8.88,4.0,high
S2,BLR,K05,420,3.67,1.65,high
S2,BLR,K06,320,3.64,1.64,high
S2,BLR,K10,380,1.16,1.0,high
S2,HYD,K01,290,6.46,2.91,medium
S2,HYD,K05,220,2.85,1.28,medium
S2,HYD,K06,190,1.66,1.0,medium
S2,HYD,K10,130,1.63,1.0,high
S2,PUN,K01,170,8.61,3.87,low
S2,PUN,K05,180,3.2,1.44,medium
S2,PUN,K06,70,2.9,1.31,low
S2,PUN,K10,150,2.04,1.0,medium
S3,DEL,K01,720,9.25,4.16,high
S3,DEL,K02,680,8.55,3.85,medium
S3,DEL,K03,660,3.68,1.65,medium
S3,DEL,K04,1090,2.73,1.23,medium
S3,DEL,K09,610,1.63,1.0,medium
S3,MUM,K01,710,8.85,3.98,low
S3,MUM,K02,510,8.5,3.83,medium
S3,MUM,K03,510,2.15,1.0,medium
S3,MUM,K04,430,3.99,1.8,high
S3,MUM,K09,860,1.13,1.0,high
S3,BLR,K01,200,10.46,4.71,medium
S3,BLR,K02,180,9.0,4.05,low
S3,BLR,K03,230,5.3,2.38,high
S3,BLR,K04,270,2.46,1.11,high
S3,BLR,K09,360,1.21,1.0,medium
S3,HYD,K01,150,11.79,5.31,low
S3,HYD,K02,170,10.34,4.65,high
S3,HYD,K03,60,2.76,1.24,medium
S3,HYD,K04,120,4.63,2.08,low
S3,HYD,K09,80,1.29,1.0,medium
S3,PUN,K01,190,8.55,3.85,high
S3,PUN,K02,170,8.35,3.76,medium
S3,PUN,K03,200,3.13,1.41,low
S3,PUN,K04,180,3.71,1.67,high
S3,PUN,K09,100,1.76,1.0,high
S4,DEL,K01,410,11.14,5.01,medium
S4,DEL,K05,300,2.09,1.0,high
S4,DEL,K06,660,3.75,1.69,high
S4,DEL,K10,240,1.32,1.0,low
S4,MUM,K01,200,8.61,3.87,medium
S4,MUM,K05,390,2.4,1.08,medium
S4,MUM,K06,240,4.2,1.89,high
S4,MUM,K10,250,1.55,1.0,low
S4,BLR,K01,240,6.5,2.93,low
S4,BLR,K05,390,3.05,1.37,high
S4,BLR,K06,290,2.07,1.0,low
S4,BLR,K10,320,1.76,1.0,medium
S4,HYD,K01,80,9.49,4.27,medium
S4,HYD,K05,130,3.91,1.76,low
S4,HYD,K06,140,4.48,2.02,high
S4,HYD,K10,110,1.45,1.0,high
S4,PUN,K01,110,16.97,7.64,low
S4,PUN,K05,120,2.72,1.22,medium
S4,PUN,K06,160,2.91,1.31,high
S4,PUN,K10,130,2.09,1.0,low
S5,DEL,K01,130,7.94,3.57,medium
S5,DEL,K03,120,2.8,1.26,medium
S5,DEL,K08,110,2.48,1.11,low
S5,MUM,K01,320,11.22,5.05,medium
S5,MUM,K03,380,2.72,1.22,low
S5,MUM,K08,790,2.81,1.27,low
S5,BLR,K01,180,9.91,4.46,medium
S5,BLR,K03,180,3.71,1.67,medium
S5,BLR,K08,140,3.16,1.42,medium
S5,HYD,K01,210,9.12,4.1,low
S5,HYD,K03,90,3.17,1.43,medium
S5,HYD,K08,90,2.44,1.1,high
S5,PUN,K01,220,9.19,4.14,medium
S5,PUN,K03,120,2.44,1.1,medium
S5,PUN,K08,120,3.52,1.58,high
