campaign_id,keyword_id,step_pct,bid,pred_spend,pred_rev,pred_droas,slots,chosen
C-S1-DEL,K01,-50,200.0,42.69,444.03,10.401,5/9/9/5,False
C-S1-DEL,K01,-5,215.0,111.37,1563.53,14.039,1/5/5/1,False
C-S1-DEL,K01,0,225.0,172.43,2607.77,15.124,1/1/1/1,True
C-S1-DEL,K01,5,235.0,172.43,2607.77,15.124,1/1/1/1,False
C-S1-DEL,K01,10,250.0,172.43,2607.77,15.124,1/1/1/1,False
C-S1-DEL,K01,20,270.0,172.43,2607.77,15.124,1/1/1/1,False
C-S1-DEL,K01,30,290.0,172.43,2607.77,15.124,1/1/1/1,False
C-S1-DEL,K01,40,315.0,172.43,2607.77,15.124,1/1/1/1,False
C-S1-DEL,K01,50,340.0,172.43,2607.77,15.124,1/1/1/1,False
C-S1-DEL,K02,-50,200.0,17.21,255.16,14.826,9/5/9/9,True
C-S1-DEL,K02,5,210.0,25.55,424.06,16.597,5/5/5/9,False
C-S1-DEL,K02,10,220.0,66.45,1474.22,22.185,1/1/1/5,False
C-S1-DEL,K02,20,240.0,79.32,1795.61,22.638,1/1/1/1,False
C-S1-DEL,K02,30,260.0,79.32,1795.61,22.638,1/1/1/1,False
C-S1-DEL,K02,40,280.0,79.32,1795.61,22.638,1/1/1/1,False
C-S1-DEL,K02,50,300.0,79.32,1795.61,22.638,1/1/1/1,False
C-S1-DEL,K03,-50,200.0,0.0,0.0,,–/–/–/–,False
C-S1-DEL,K03,-30,215.0,0.0,0.0,,–/–/–/–,False
C-S1-DEL,K03,-20,245.0,73.35,112.31,1.531,13/13/13/–,False
C-S1-DEL,K03,-10,275.0,439.37,1067.34,2.429,9/5/5/13,False
C-S1-DEL,K03,-5,290.0,1096.0,3612.55,3.296,5/1/1/13,False
C-S1-DEL,K03,0,305.0,1274.86,4220.53,3.311,1/1/1/9,False
C-S1-DEL,K03,5,320.0,1274.86,4220.53,3.311,1/1/1/9,False
C-S1-DEL,K03,10,335.0,1386.9,4506.12,3.249,1/1/1/5,False
C-S1-DEL,K03,20,365.0,1674.77,5466.03,3.264,1/1/1/1,True
C-S1-DEL,K03,30,395.0,1674.77,5466.03,3.264,1/1/1/1,False
C-S1-DEL,K03,40,425.0,1674.77,5466.03,3.264,1/1/1/1,False
C-S1-DEL,K03,50,460.0,1674.77,5466.03,3.264,1/1/1/1,False
C-S1-DEL,K04,-50,200.0,0.0,0.0,,–/–/–/–,False
C-S1-DEL,K04,-30,205.0,0.0,0.0,,–/–/–/–,False
C-S1-DEL,K04,-20,235.0,22.66,39.19,1.729,13/13/13/–,False
C-S1-DEL,K04,-10,265.0,135.46,374.68,2.766,9/5/5/13,False
C-S1-DEL,K04,-5,280.0,350.55,1293.19,3.689,5/1/1/9,False
C-S1-DEL,K04,0,295.0,389.69,1465.47,3.761,1/1/1/9,False
C-S1-DEL,K04,5,310.0,417.32,1546.85,3.707,1/1/1/5,False
C-S1-DEL,K04,10,325.0,488.29,1820.38,3.728,1/1/1/1,True
C-S1-DEL,K04,20,355.0,488.29,1820.38,3.728,1/1/1/1,False
C-S1-DEL,K04,30,385.0,488.29,1820.38,3.728,1/1/1/1,False
C-S1-DEL,K04,40,415.0,488.29,1820.38,3.728,1/1/1/1,False
C-S1-DEL,K04,50,440.0,488.29,1820.38,3.728,1/1/1/1,False
C-S1-DEL,K07,-50,200.0,7.46,18.52,2.483,–/13/13/–,False
C-S1-DEL,K07,-20,220.0,8.93,22.06,2.47,13/13/13/–,False
C-S1-DEL,K07,-10,250.0,53.35,212.09,3.975,9/5/5/13,False
C-S1-DEL,K07,-5,260.0,62.69,249.9,3.986,5/5/5/9,False
C-S1-DEL,K07,0,275.0,152.9,824.28,5.391,1/1/1/9,False
C-S1-DEL,K07,5,290.0,162.91,867.57,5.325,1/1/1/5,False
C-S1-DEL,K07,10,300.0,188.61,1013.07,5.371,1/1/1/1,True
C-S1-DEL,K07,20,330.0,188.61,1013.07,5.371,1/1/1/1,False
C-S1-DEL,K07,30,360.0,188.61,1013.07,5.371,1/1/1/1,False
C-S1-DEL,K07,40,385.0,188.61,1013.07,5.371,1/1/1/1,False
C-S1-DEL,K07,50,410.0,188.61,1013.07,5.371,1/1/1/1,False
C-S1-DEL,K09,-50,210.0,0.0,0.0,,–/–/–/–,False
C-S1-DEL,K09,-40,255.0,0.0,0.0,,–/–/–/–,False
C-S1-DEL,K09,-30,300.0,0.0,0.0,,–/–/–/–,False
C-S1-DEL,K09,-20,340.0,22.59,8.04,0.356,13/13/13/–,False
C-S1-DEL,K09,-10,380.0,65.24,26.5,0.406,9/9/9/13,False
C-S1-DEL,K09,-5,405.0,169.44,95.34,0.563,5/5/5/9,False
C-S1-DEL,K09,0,425.0,356.61,267.62,0.75,5/1/1/9,True
C-S1-DEL,K09,5,445.0,440.72,332.02,0.753,1/1/1/5,False
C-S1-DEL,K09,10,470.0,550.76,423.42,0.769,1/1/1/1,False
C-S1-DEL,K09,20,510.0,550.76,423.42,0.769,1/1/1/1,False
C-S1-DEL,K09,30,550.0,550.76,423.42,0.769,1/1/1/1,False
C-S1-DEL,K09,40,595.0,550.76,423.42,0.769,1/1/1/1,False
C-S1-DEL,K09,50,640.0,550.76,423.42,0.769,1/1/1/1,False
C-S1-MUM,K01,-50,200.0,40.32,349.59,8.67,9/9/9/9,False
C-S1-MUM,K01,-10,220.0,106.3,1297.13,12.203,5/5/5/5,False
C-S1-MUM,K01,-5,235.0,275.84,4481.96,16.248,1/1/1/1,True
C-S1-MUM,K01,0,245.0,275.84,4481.96,16.248,1/1/1/1,False
C-S1-MUM,K01,5,255.0,275.84,4481.96,16.248,1/1/1/1,False
C-S1-MUM,K01,10,270.0,275.84,4481.96,16.248,1/1/1/1,False
C-S1-MUM,K01,20,295.0,275.84,4481.96,16.248,1/1/1/1,False
C-S1-MUM,K01,30,320.0,275.84,4481.96,16.248,1/1/1/1,False
C-S1-MUM,K01,40,345.0,275.84,4481.96,16.248,1/1/1/1,False
C-S1-MUM,K01,50,370.0,275.84,4481.96,16.248,1/1/1/1,False
C-S1-MUM,K02,-50,200.0,5.23,51.0,9.751,13/13/13/13,False
C-S1-MUM,K02,-10,225.0,19.34,277.23,14.335,9/9/9/5,False
C-S1-MUM,K02,-5,240.0,50.51,982.68,19.455,5/5/5/1,False
C-S1-MUM,K02,0,250.0,85.98,1868.61,21.733,1/1/1/1,True
C-S1-MUM,K02,5,260.0,85.98,1868.61,21.733,1/1/1/1,False
C-S1-MUM,K02,10,275.0,85.98,1868.61,21.733,1/1/1/1,False
C-S1-MUM,K02,20,300.0,85.98,1868.61,21.733,1/1/1/1,False
C-S1-MUM,K02,30,325.0,85.98,1868.61,21.733,1/1/1/1,False
C-S1-MUM,K02,40,350.0,85.98,1868.61,21.733,1/1/1/1,False
C-S1-MUM,K02,50,375.0,85.98,1868.61,21.733,1/1/1/1,False
C-S1-MUM,K03,-50,200.0,0.0,0.0,,–/–/–/–,False
C-S1-MUM,K03,-30,235.0,0.0,0.0,,–/–/–/–,False
C-S1-MUM,K03,-20,270.0,78.2,101.7,1.301,13/13/13/13,False
C-S1-MUM,K03,-10,300.0,188.04,290.62,1.546,9/9/9/9,False
C-S1-MUM,K03,-5,320.0,456.35,980.1,2.148,9/5/5/5,False
C-S1-MUM,K03,0,335.0,495.7,1078.28,2.175,5/5/5/5,False
C-S1-MUM,K03,5,350.0,1286.21,3725.77,2.897,1/1/1/1,True
C-S1-MUM,K03,10,370.0,1286.21,3725.77,2.897,1/1/1/1,False
C-S1-MUM,K03,20,400.0,1286.21,3725.77,2.897,1/1/1/1,False
C-S1-MUM,K03,30,435.0,1286.21,3725.77,2.897,1/1/1/1,False
C-S1-MUM,K03,40,470.0,1286.21,3725.77,2.897,1/1/1/1,False
C-S1-MUM,K03,50,500.0,1286.21,3725.77,2.897,1/1/1/1,False
C-S1-MUM,K04,-50,200.0,0.0,0.0,,–/–/–/–,False
C-S1-MUM,K04,-40,210.0,0.0,0.0,,–/–/–/–,False
C-S1-MUM,K04,-30,245.0,0.0,0.0,,–/–/–/–,False
C-S1-MUM,K04,-20,280.0,28.79,44.43,1.543,13/13/13/13,False
C-S1-MUM,K04,-10,315.0,69.23,126.97,1.834,9/9/9/9,False
C-S1-MUM,K04,-5,330.0,182.5,471.13,2.582,5/5/5/5,False
C-S1-MUM,K04,0,350.0,473.53,1627.89,3.438,1/1/1/1,True
C-S1-MUM,K04,5,370.0,473.53,1627.89,3.438,1/1/1/1,False
C-S1-MUM,K04,10,385.0,473.53,1627.89,3.438,1/1/1/1,False
C-S1-MUM,K04,20,420.0,473.53,1627.89,3.438,1/1/1/1,False
C-S1-MUM,K04,30,455.0,473.53,1627.89,3.438,1/1/1/1,False
C-S1-MUM,K04,40,490.0,473.53,1627.89,3.438,1/1/1/1,False
C-S1-MUM,K04,50,525.0,473.53,1627.89,3.438,1/1/1/1,False
C-S1-MUM,K07,-50,200.0,0.0,0.0,,–/–/–/–,False
C-S1-MUM,K07,-20,225.0,2.39,4.77,1.996,–/–/–/13,False
C-S1-MUM,K07,-10,250.0,10.68,23.16,2.169,13/13/13/9,False
C-S1-MUM,K07,-5,265.0,17.6,40.83,2.32,9/9/9/9,False
C-S1-MUM,K07,0,280.0,27.01,77.8,2.88,9/9/9/5,True
C-S1-MUM,K07,5,295.0,70.57,275.75,3.907,5/5/5/1,False
C-S1-MUM,K07,10,310.0,120.37,523.44,4.349,1/1/1/1,False
C-S1-MUM,K07,20,335.0,120.37,523.44,4.349,1/1/1/1,False
C-S1-MUM,K07,30,365.0,120.37,523.44,4.349,1/1/1/1,False
C-S1-MUM,K07,40,390.0,120.37,523.44,4.349,1/1/1/1,False
C-S1-MUM,K07,50,420.0,120.37,523.44,4.349,1/1/1/1,False
C-S1-MUM,K09,-50,275.0,0.0,0.0,,–/–/–/–,False
C-S1-MUM,K09,-40,330.0,0.0,0.0,,–/–/–/–,False
C-S1-MUM,K09,-30,385.0,53.34,15.43,0.289,13/13/13/13,False
C-S1-MUM,K09,-20,440.0,128.25,44.08,0.344,9/9/9/9,False
C-S1-MUM,K09,-10,495.0,338.08,163.57,0.484,5/5/5/5,False
C-S1-MUM,K09,-5,520.0,877.23,565.11,0.644,1/1/1/1,False
C-S1-MUM,K09,0,550.0,877.23,565.11,0.644,1/1/1/1,True
C-S1-MUM,K09,5,580.0,877.23,565.11,0.644,1/1/1/1,False
C-S1-MUM,K09,10,605.0,877.23,565.11,0.644,1/1/1/1,False
C-S1-MUM,K09,20,660.0,877.23,565.11,0.644,1/1/1/1,False
C-S1-MUM,K09,30,715.0,877.23,565.11,0.644,1/1/1/1,False
C-S1-MUM,K09,40,770.0,877.23,565.11,0.644,1/1/1/1,False
C-S1-MUM,K09,50,825.0,877.23,565.11,0.644,1/1/1/1,False
C-S1-BLR,K01,-50,200.0,60.38,556.58,9.218,5/5/5/9,False
C-S1-BLR,K01,-10,215.0,184.91,2336.73,12.637,1/1/1/1,True
C-S1-BLR,K01,-5,230.0,184.91,2336.73,12.637,1/1/1/1,False
C-S1-BLR,K01,0,240.0,184.91,2336.73,12.637,1/1/1/1,False
C-S1-BLR,K01,5,250.0,184.91,2336.73,12.637,1/1/1/1,False
C-S1-BLR,K01,10,265.0,184.91,2336.73,12.637,1/1/1/1,False
C-S1-BLR,K01,20,290.0,184.91,2336.73,12.637,1/1/1/1,False
C-S1-BLR,K01,30,310.0,184.91,2336.73,12.637,1/1/1/1,False
C-S1-BLR,K01,40,335.0,184.91,2336.73,12.637,1/1/1/1,False
C-S1-BLR,K01,50,360.0,184.91,2336.73,12.637,1/1/1/1,False
C-S1-BLR,K02,-50,200.0,4.01,34.59,8.626,13/13/13/13,False
C-S1-BLR,K02,-10,225.0,25.38,366.83,14.454,5/5/5/5,False
C-S1-BLR,K02,-5,240.0,65.85,1267.48,19.248,1/1/1/1,False
C-S1-BLR,K02,0,250.0,65.85,1267.48,19.248,1/1/1/1,True
C-S1-BLR,K02,5,260.0,65.85,1267.48,19.248,1/1/1/1,False
C-S1-BLR,K02,10,275.0,65.85,1267.48,19.248,1/1/1/1,False
C-S1-BLR,K02,20,300.0,65.85,1267.48,19.248,1/1/1/1,False
C-S1-BLR,K02,30,325.0,65.85,1267.48,19.248,1/1/1/1,False
C-S1-BLR,K02,40,350.0,65.85,1267.48,19.248,1/1/1/1,False
C-S1-BLR,K02,50,375.0,65.85,1267.48,19.248,1/1/1/1,False
C-S1-BLR,K03,-50,200.0,0.0,0.0,,–/–/–/–,False
C-S1-BLR,K03,-40,205.0,0.0,0.0,,–/–/–/–,False
C-S1-BLR,K03,-30,240.0,85.4,118.95,1.393,13/13/13/13,False
C-S1-BLR,K03,-20,270.0,205.36,339.91,1.655,9/9/9/9,False
C-S1-BLR,K03,-10,305.0,1087.33,3239.72,2.98,5/1/1/5,False
C-S1-BLR,K03,-5,325.0,1404.63,4357.89,3.103,1/1/1/1,True
C-S1-BLR,K03,0,340.0,1404.63,4357.89,3.103,1/1/1/1,False
C-S1-BLR,K03,5,355.0,1404.63,4357.89,3.103,1/1/1/1,False
C-S1-BLR,K03,10,375.0,1404.63,4357.89,3.103,1/1/1/1,False
C-S1-BLR,K03,20,410.0,1404.63,4357.89,3.103,1/1/1/1,False
C-S1-BLR,K03,30,440.0,1404.63,4357.89,3.103,1/1/1/1,False
C-S1-BLR,K03,40,475.0,1404.63,4357.89,3.103,1/1/1/1,False
C-S1-BLR,K03,50,510.0,1404.63,4357.89,3.103,1/1/1/1,False
C-S1-BLR,K04,-50,200.0,0.0,0.0,,–/–/–/–,False
C-S1-BLR,K04,-30,225.0,0.0,0.0,,–/–/–/–,False
C-S1-BLR,K04,-20,255.0,15.85,26.18,1.652,13/13/13/13,False
C-S1-BLR,K04,-10,290.0,38.12,74.83,1.963,9/9/9/9,False
C-S1-BLR,K04,-5,305.0,100.48,277.65,2.763,5/5/5/5,False
C-S1-BLR,K04,0,320.0,243.83,888.56,3.644,5/1/1/1,True
C-S1-BLR,K04,5,335.0,260.72,959.34,3.68,1/1/1/1,False
C-S1-BLR,K04,10,350.0,260.72,959.34,3.68,1/1/1/1,False
C-S1-BLR,K04,20,385.0,260.72,959.34,3.68,1/1/1/1,False
C-S1-BLR,K04,30,415.0,260.72,959.34,3.68,1/1/1/1,False
C-S1-BLR,K04,40,450.0,260.72,959.34,3.68,1/1/1/1,False
C-S1-BLR,K04,50,480.0,260.72,959.34,3.68,1/1/1/1,False
C-S1-BLR,K07,-50,200.0,0.0,0.0,,–/–/–/–,False
C-S1-BLR,K07,-30,205.0,0.0,0.0,,–/–/–/–,False
C-S1-BLR,K07,-20,230.0,8.26,17.36,2.102,13/13/13/13,False
C-S1-BLR,K07,-10,260.0,19.87,49.64,2.498,9/9/9/9,False
C-S1-BLR,K07,-5,275.0,44.49,152.56,3.429,5/5/5/9,False
C-S1-BLR,K07,0,290.0,105.9,478.83,4.522,5/1/1/5,False
C-S1-BLR,K07,5,305.0,135.91,636.45,4.683,1/1/1/1,True
C-S1-BLR,K07,10,320.0,135.91,636.45,4.683,1/1/1/1,False
C-S1-BLR,K07,20,350.0,135.91,636.45,4.683,1/1/1/1,False
C-S1-BLR,K07,30,375.0,135.91,636.45,4.683,1/1/1/1,False
C-S1-BLR,K07,40,405.0,135.91,636.45,4.683,1/1/1/1,False
C-S1-BLR,K07,50,435.0,135.91,636.45,4.683,1/1/1/1,False
C-S1-BLR,K09,-50,230.0,0.0,0.0,,–/–/–/–,False
C-S1-BLR,K09,-40,280.0,0.0,0.0,,–/–/–/–,False
C-S1-BLR,K09,-30,325.0,0.0,0.0,,–/–/–/–,False
C-S1-BLR,K09,-20,370.0,32.96,8.65,0.262,13/13/13/13,False
C-S1-BLR,K09,-10,420.0,79.26,24.74,0.312,9/9/9/9,False
C-S1-BLR,K09,-5,440.0,208.93,91.81,0.439,5/5/5/5,False
C-S1-BLR,K09,0,465.0,542.08,317.2,0.585,1/1/1/1,True
C-S1-BLR,K09,5,490.0,542.08,317.2,0.585,1/1/1/1,False
C-S1-BLR,K09,10,510.0,542.08,317.2,0.585,1/1/1/1,False
C-S1-BLR,K09,20,560.0,542.08,317.2,0.585,1/1/1/1,False
C-S1-BLR,K09,30,605.0,542.08,317.2,0.585,1/1/1/1,False
C-S1-BLR,K09,40,650.0,542.08,317.2,0.585,1/1/1/1,False
C-S1-BLR,K09,50,700.0,542.08,317.2,0.585,1/1/1/1,False
C-S1-HYD,K01,-50,200.0,115.54,1977.31,17.114,1/1/1/1,True
C-S1-HYD,K01,5,210.0,115.54,1977.31,17.114,1/1/1/1,False
C-S1-HYD,K01,10,220.0,115.54,1977.31,17.114,1/1/1/1,False
C-S1-HYD,K01,20,240.0,115.54,1977.31,17.114,1/1/1/1,False
C-S1-HYD,K01,30,260.0,115.54,1977.31,17.114,1/1/1/1,False
C-S1-HYD,K01,40,280.0,115.54,1977.31,17.114,1/1/1/1,False
C-S1-HYD,K01,50,300.0,115.54,1977.31,17.114,1/1/1/1,False
C-S1-HYD,K02,-50,200.0,13.77,271.96,19.75,5/5/5/5,True
C-S1-HYD,K02,5,210.0,35.72,939.71,26.308,1/1/1/1,False
C-S1-HYD,K02,10,220.0,35.72,939.71,26.308,1/1/1/1,False
C-S1-HYD,K02,20,240.0,35.72,939.71,26.308,1/1/1/1,False
C-S1-HYD,K02,30,260.0,35.72,939.71,26.308,1/1/1/1,False
C-S1-HYD,K02,40,280.0,35.72,939.71,26.308,1/1/1/1,False
C-S1-HYD,K02,50,300.0,35.72,939.71,26.308,1/1/1/1,False
C-S1-HYD,K03,-50,200.0,0.0,0.0,,–/–/–/–,False
C-S1-HYD,K03,-30,205.0,0.0,0.0,,–/–/–/–,False
C-S1-HYD,K03,-20,230.0,48.74,75.74,1.554,13/13/13/13,False
C-S1-HYD,K03,-10,260.0,234.64,577.5,2.461,9/5/5/9,False
C-S1-HYD,K03,-5,275.0,610.71,2016.68,3.302,5/1/1/5,False
C-S1-HYD,K03,0,290.0,801.66,2774.95,3.462,1/1/1/1,True
C-S1-HYD,K03,5,305.0,801.66,2774.95,3.462,1/1/1/1,False
C-S1-HYD,K03,10,320.0,801.66,2774.95,3.462,1/1/1/1,False
C-S1-HYD,K03,20,350.0,801.66,2774.95,3.462,1/1/1/1,False
C-S1-HYD,K03,30,375.0,801.66,2774.95,3.462,1/1/1/1,False
C-S1-HYD,K03,40,405.0,801.66,2774.95,3.462,1/1/1/1,False
C-S1-HYD,K03,50,435.0,801.66,2774.95,3.462,1/1/1/1,False
C-S1-HYD,K04,-50,200.0,9.82,15.88,1.617,–/13/13/13,False
C-S1-HYD,K04,-20,220.0,10.95,17.63,1.61,13/13/13/13,False
C-S1-HYD,K04,-10,250.0,64.98,173.34,2.668,9/5/5/5,False
C-S1-HYD,K04,-5,260.0,133.22,453.72,3.406,5/1/5/1,False
C-S1-HYD,K04,0,275.0,180.13,645.77,3.585,1/1/1/1,True
C-S1-HYD,K04,5,290.0,180.13,645.77,3.585,1/1/1/1,False
C-S1-HYD,K04,10,300.0,180.13,645.77,3.585,1/1/1/1,False
C-S1-HYD,K04,20,330.0,180.13,645.77,3.585,1/1/1/1,False
C-S1-HYD,K04,30,360.0,180.13,645.77,3.585,1/1/1/1,False
C-S1-HYD,K04,40,385.0,180.13,645.77,3.585,1/1/1/1,False
C-S1-HYD,K04,50,410.0,180.13,645.77,3.585,1/1/1/1,False
C-S1-HYD,K07,-50,200.0,3.85,10.54,2.738,13/13/13/13,False
C-S1-HYD,K07,-10,210.0,3.85,10.54,2.738,13/13/13/13,False
C-S1-HYD,K07,-5,225.0,9.27,30.15,3.252,9/9/9/9,False
C-S1-HYD,K07,0,235.0,13.94,55.74,3.999,9/9/9/5,True
C-S1-HYD,K07,5,245.0,24.41,111.89,4.584,5/5/5/5,False
C-S1-HYD,K07,10,260.0,63.35,386.64,6.103,1/1/1/1,False
C-S1-HYD,K07,20,280.0,63.35,386.64,6.103,1/1/1/1,False
C-S1-HYD,K07,30,305.0,63.35,386.64,6.103,1/1/1/1,False
C-S1-HYD,K07,40,330.0,63.35,386.64,6.103,1/1/1/1,False
C-S1-HYD,K07,50,350.0,63.35,386.64,6.103,1/1/1/1,False
C-S1-HYD,K09,-50,280.0,0.0,0.0,,–/–/–/–,False
C-S1-HYD,K09,-40,335.0,25.3,11.14,0.44,13/13/13/13,False
C-S1-HYD,K09,-30,390.0,160.37,118.08,0.736,5/5/5/5,False
C-S1-HYD,K09,-20,445.0,416.12,407.97,0.98,1/1/1/1,False
C-S1-HYD,K09,-10,500.0,416.12,407.97,0.98,1/1/1/1,False
C-S1-HYD,K09,-5,525.0,416.12,407.97,0.98,1/1/1/1,False
C-S1-HYD,K09,0,555.0,416.12,407.97,0.98,1/1/1/1,True
C-S1-HYD,K09,5,585.0,416.12,407.97,0.98,1/1/1/1,False
C-S1-HYD,K09,10,610.0,416.12,407.97,0.98,1/1/1/1,False
C-S1-HYD,K09,20,665.0,416.12,407.97,0.98,1/1/1/1,False
C-S1-HYD,K09,30,720.0,416.12,407.97,0.98,1/1/1/1,False
C-S1-HYD,K09,40,775.0,416.12,407.97,0.98,1/1/1/1,False
C-S1-HYD,K09,50,830.0,416.12,407.97,0.98,1/1/1/1,False
C-S1-PUN,K01,-50,200.0,75.74,1474.71,19.471,1/1/1/1,True
C-S1-PUN,K01,5,210.0,75.74,1474.71,19.471,1/1/1/1,False
C-S1-PUN,K01,10,220.0,75.74,1474.71,19.471,1/1/1/1,False
C-S1-PUN,K01,20,240.0,75.74,1474.71,19.471,1/1/1/1,False
C-S1-PUN,K01,30,260.0,75.74,1474.71,19.471,1/1/1/1,False
C-S1-PUN,K01,40,280.0,75.74,1474.71,19.471,1/1/1/1,False
C-S1-PUN,K01,50,300.0,75.74,1474.71,19.471,1/1/1/1,False
C-S1-PUN,K02,-50,200.0,24.41,581.91,23.839,1/1/1/1,True
C-S1-PUN,K02,5,210.0,24.41,581.91,23.839,1/1/1/1,False
C-S1-PUN,K02,10,220.0,24.41,581.91,23.839,1/1/1/1,False
C-S1-PUN,K02,20,240.0,24.41,581.91,23.839,1/1/1/1,False
C-S1-PUN,K02,30,260.0,24.41,581.91,23.839,1/1/1/1,False
C-S1-PUN,K02,40,280.0,24.41,581.91,23.839,1/1/1/1,False
C-S1-PUN,K02,50,300.0,24.41,581.91,23.839,1/1/1/1,False
C-S1-PUN,K03,-50,200.0,0.0,0.0,,–/–/–/–,False
C-S1-PUN,K03,-20,230.0,31.77,37.84,1.191,13/13/13/13,False
C-S1-PUN,K03,-10,255.0,76.39,108.16,1.416,9/9/9/9,False
C-S1-PUN,K03,-5,270.0,187.57,369.59,1.97,9/5/5/5,False
C-S1-PUN,K03,0,285.0,487.03,1280.03,2.628,5/1/1/1,True
C-S1-PUN,K03,5,300.0,522.5,1386.63,2.654,1/1/1/1,False
C-S1-PUN,K03,10,315.0,522.5,1386.63,2.654,1/1/1/1,False
C-S1-PUN,K03,20,340.0,522.5,1386.63,2.654,1/1/1/1,False
C-S1-PUN,K03,30,370.0,522.5,1386.63,2.654,1/1/1/1,False
C-S1-PUN,K03,40,400.0,522.5,1386.63,2.654,1/1/1/1,False
C-S1-PUN,K03,50,430.0,522.5,1386.63,2.654,1/1/1/1,False
C-S1-PUN,K04,-50,200.0,6.72,16.79,2.499,–/13/13/13,False
C-S1-PUN,K04,-20,220.0,7.57,18.88,2.494,13/13/13/13,False
C-S1-PUN,K04,-10,250.0,47.98,200.24,4.173,5/5/5/5,False
C-S1-PUN,K04,-5,260.0,115.89,637.6,5.502,5/1/1/1,False
C-S1-PUN,K04,0,275.0,124.51,691.91,5.557,1/1/1/1,True
C-S1-PUN,K04,5,290.0,124.51,691.91,5.557,1/1/1/1,False
C-S1-PUN,K04,10,300.0,124.51,691.91,5.557,1/1/1/1,False
C-S1-PUN,K04,20,330.0,124.51,691.91,5.557,1/1/1/1,False
C-S1-PUN,K04,30,360.0,124.51,691.91,5.557,1/1/1/1,False
C-S1-PUN,K04,40,385.0,124.51,691.91,5.557,1/1/1/1,False
C-S1-PUN,K04,50,410.0,124.51,691.91,5.557,1/1/1/1,False
C-S1-PUN,K07,-50,200.0,3.26,7.93,2.433,13/13/13/13,False
C-S1-PUN,K07,-10,210.0,7.49,21.58,2.881,13/9/9/9,False
C-S1-PUN,K07,-5,225.0,7.84,22.66,2.89,9/9/9/9,False
C-S1-PUN,K07,0,235.0,20.63,84.07,4.075,5/5/5/5,True
C-S1-PUN,K07,5,245.0,51.09,275.35,5.39,5/1/1/1,False
C-S1-PUN,K07,10,260.0,53.56,290.49,5.424,1/1/1/1,False
C-S1-PUN,K07,20,280.0,53.56,290.49,5.424,1/1/1/1,False
C-S1-PUN,K07,30,305.0,53.56,290.49,5.424,1/1/1/1,False
C-S1-PUN,K07,40,330.0,53.56,290.49,5.424,1/1/1/1,False
C-S1-PUN,K07,50,350.0,53.56,290.49,5.424,1/1/1/1,False
C-S1-PUN,K09,-50,230.0,0.0,0.0,,–/–/–/–,False
C-S1-PUN,K09,-40,280.0,0.0,0.0,,–/–/–/–,False
C-S1-PUN,K09,-30,325.0,13.15,5.32,0.405,13/13/13/13,False
C-S1-PUN,K09,-20,370.0,83.38,56.37,0.676,5/5/5/5,False
C-S1-PUN,K09,-10,420.0,216.35,194.81,0.9,1/1/1/1,False
C-S1-PUN,K09,-5,440.0,216.35,194.81,0.9,1/1/1/1,False
C-S1-PUN,K09,0,465.0,216.35,194.81,0.9,1/1/1/1,True
C-S1-PUN,K09,5,490.0,216.35,194.81,0.9,1/1/1/1,False
C-S1-PUN,K09,10,510.0,216.35,194.81,0.9,1/1/1/1,False
C-S1-PUN,K09,20,560.0,216.35,194.81,0.9,1/1/1/1,False
C-S1-PUN,K09,30,605.0,216.35,194.81,0.9,1/1/1/1,False
C-S1-PUN,K09,40,650.0,216.35,194.81,0.9,1/1/1/1,False
C-S1-PUN,K09,50,700.0,216.35,194.81,0.9,1/1/1/1,False
C-S2-DEL,K01,-50,200.0,71.89,1170.95,16.288,9/9/9/5,False
C-S2-DEL,K01,-10,215.0,188.0,4160.44,22.13,5/5/5/1,False
C-S2-DEL,K01,-5,230.0,333.8,8247.97,24.709,1/1/1/1,True
C-S2-DEL,K01,0,240.0,333.8,8247.97,24.709,1/1/1/1,False
C-S2-DEL,K01,5,250.0,333.8,8247.97,24.709,1/1/1/1,False
C-S2-DEL,K01,10,265.0,333.8,8247.97,24.709,1/1/1/1,False
C-S2-DEL,K01,20,290.0,333.8,8247.97,24.709,1/1/1/1,False
C-S2-DEL,K01,30,310.0,333.8,8247.97,24.709,1/1/1/1,False
C-S2-DEL,K01,40,335.0,333.8,8247.97,24.709,1/1/1/1,False
C-S2-DEL,K01,50,360.0,333.8,8247.97,24.709,1/1/1/1,False
C-S2-DEL,K05,-50,200.0,0.0,0.0,,–/–/–/–,False
C-S2-DEL,K05,-40,220.0,0.0,0.0,,–/–/–/–,False
C-S2-DEL,K05,-30,255.0,32.73,93.79,2.866,–/13/13/–,False
C-S2-DEL,K05,-20,290.0,131.97,447.92,3.394,9/9/9/9,False
C-S2-DEL,K05,-10,330.0,347.91,1661.95,4.777,5/5/5/5,False
C-S2-DEL,K05,-5,345.0,902.72,5742.53,6.361,1/1/1/1,True
C-S2-DEL,K05,0,365.0,902.72,5742.53,6.361,1/1/1/1,False
C-S2-DEL,K05,5,385.0,902.72,5742.53,6.361,1/1/1/1,False
C-S2-DEL,K05,10,400.0,902.72,5742.53,6.361,1/1/1/1,False
C-S2-DEL,K05,20,440.0,902.72,5742.53,6.361,1/1/1/1,False
C-S2-DEL,K05,30,475.0,902.72,5742.53,6.361,1/1/1/1,False
C-S2-DEL,K05,40,510.0,902.72,5742.53,6.361,1/1/1/1,False
C-S2-DEL,K05,50,550.0,902.72,5742.53,6.361,1/1/1/1,False
C-S2-DEL,K06,-50,200.0,0.0,0.0,,–/–/–/–,False
C-S2-DEL,K06,-40,235.0,0.0,0.0,,–/–/–/–,False
C-S2-DEL,K06,-30,275.0,11.96,20.22,1.691,–/–/13/13,False
C-S2-DEL,K06,-20,310.0,35.83,69.4,1.937,13/13/9/9,False
C-S2-DEL,K06,-10,350.0,112.0,310.44,2.772,9/5/5/5,False
C-S2-DEL,K06,-5,370.0,290.82,1075.24,3.697,5/1/1/1,False
C-S2-DEL,K06,0,390.0,312.83,1166.15,3.728,1/1/1/1,True
C-S2-DEL,K06,5,410.0,312.83,1166.15,3.728,1/1/1/1,False
C-S2-DEL,K06,10,430.0,312.83,1166.15,3.728,1/1/1/1,False
C-S2-DEL,K06,20,470.0,312.83,1166.15,3.728,1/1/1/1,False
C-S2-DEL,K06,30,505.0,312.83,1166.15,3.728,1/1/1/1,False
C-S2-DEL,K06,40,545.0,312.83,1166.15,3.728,1/1/1/1,False
C-S2-DEL,K06,50,585.0,312.83,1166.15,3.728,1/1/1/1,False
C-S2-DEL,K10,-50,235.0,0.0,0.0,,–/–/–/–,False
C-S2-DEL,K10,-40,280.0,0.0,0.0,,–/–/–/–,False
C-S2-DEL,K10,-30,330.0,27.51,19.04,0.692,13/13/13/13,False
C-S2-DEL,K10,-20,375.0,66.14,54.41,0.823,9/9/9/9,False
C-S2-DEL,K10,-10,425.0,452.39,697.49,1.542,1/1/1/1,False
C-S2-DEL,K10,-5,445.0,452.39,697.49,1.542,1/1/1/1,False
C-S2-DEL,K10,0,470.0,452.39,697.49,1.542,1/1/1/1,True
C-S2-DEL,K10,5,495.0,452.39,697.49,1.542,1/1/1/1,False
C-S2-DEL,K10,10,515.0,452.39,697.49,1.542,1/1/1/1,False
C-S2-DEL,K10,20,565.0,452.39,697.49,1.542,1/1/1/1,False
C-S2-DEL,K10,30,610.0,452.39,697.49,1.542,1/1/1/1,False
C-S2-DEL,K10,40,660.0,452.39,697.49,1.542,1/1/1/1,False
C-S2-DEL,K10,50,705.0,452.39,697.49,1.542,1/1/1/1,False
C-S2-MUM,K01,-50,200.0,20.46,218.11,10.66,9/13/13/9,False
C-S2-MUM,K01,-10,220.0,51.96,740.21,14.246,5/9/9/5,False
C-S2-MUM,K01,-5,235.0,174.62,3571.65,20.454,1/1/5/1,False
C-S2-MUM,K01,0,245.0,221.7,4725.03,21.313,1/1/1/1,True
C-S2-MUM,K01,5,255.0,221.7,4725.03,21.313,1/1/1/1,False
C-S2-MUM,K01,10,270.0,221.7,4725.03,21.313,1/1/1/1,False
C-S2-MUM,K01,20,295.0,221.7,4725.03,21.313,1/1/1/1,False
C-S2-MUM,K01,30,320.0,221.7,4725.03,21.313,1/1/1/1,False
C-S2-MUM,K01,40,345.0,221.7,4725.03,21.313,1/1/1/1,False
C-S2-MUM,K01,50,370.0,221.7,4725.03,21.313,1/1/1/1,False
C-S2-MUM,K05,-50,200.0,0.0,0.0,,–/–/–/–,False
C-S2-MUM,K05,-40,240.0,0.0,0.0,,–/–/–/–,False
C-S2-MUM,K05,-30,280.0,20.34,52.18,2.565,–/13/13/–,False
C-S2-MUM,K05,-20,320.0,62.66,181.62,2.898,13/9/9/13,False
C-S2-MUM,K05,-10,360.0,277.03,1381.23,4.986,5/1/5/9,False
C-S2-MUM,K05,-5,380.0,433.04,2397.32,5.536,1/1/1/9,False
C-S2-MUM,K05,0,400.0,468.81,2559.04,5.459,1/1/1/5,False
C-S2-MUM,K05,5,420.0,560.71,3102.62,5.533,1/1/1/1,True
C-S2-MUM,K05,10,440.0,560.71,3102.62,5.533,1/1/1/1,False
C-S2-MUM,K05,20,480.0,560.71,3102.62,5.533,1/1/1/1,False
C-S2-MUM,K05,30,520.0,560.71,3102.62,5.533,1/1/1/1,False
C-S2-MUM,K05,40,560.0,560.71,3102.62,5.533,1/1/1/1,False
C-S2-MUM,K05,50,600.0,560.71,3102.62,5.533,1/1/1/1,False
C-S2-MUM,K06,-50,200.0,0.0,0.0,,–/–/–/–,False
C-S2-MUM,K06,-40,225.0,0.0,0.0,,–/–/–/–,False
C-S2-MUM,K06,-30,260.0,0.0,0.0,,–/–/–/–,False
C-S2-MUM,K06,-20,300.0,0.0,0.0,,–/–/–/–,False
C-S2-MUM,K06,-10,340.0,8.15,11.97,1.469,13/13/13/–,False
C-S2-MUM,K06,-5,355.0,12.76,18.28,1.433,13/13/13/13,False
C-S2-MUM,K06,0,375.0,24.22,40.54,1.674,9/9/9/13,True
C-S2-MUM,K06,5,395.0,30.68,52.25,1.703,9/9/9/9,False
C-S2-MUM,K06,10,415.0,62.79,145.02,2.31,5/5/5/9,False
C-S2-MUM,K06,20,450.0,163.4,505.65,3.095,1/1/1/5,False
C-S2-MUM,K06,30,490.0,209.96,669.85,3.19,1/1/1/1,False
C-S2-MUM,K06,40,525.0,209.96,669.85,3.19,1/1/1/1,False
C-S2-MUM,K06,50,560.0,209.96,669.85,3.19,1/1/1/1,False
C-S2-MUM,K10,-50,245.0,0.0,0.0,,–/–/–/–,False
C-S2-MUM,K10,-40,295.0,0.0,0.0,,–/–/–/–,False
C-S2-MUM,K10,-30,345.0,0.0,0.0,,–/–/–/–,False
C-S2-MUM,K10,-20,390.0,17.89,10.84,0.606,13/13/13/13,False
C-S2-MUM,K10,-10,440.0,98.37,97.57,0.992,5/5/5/9,False
C-S2-MUM,K10,-5,465.0,255.65,338.79,1.325,1/1/1/5,False
C-S2-MUM,K10,0,490.0,294.03,397.22,1.351,1/1/1/1,True
C-S2-MUM,K10,5,515.0,294.03,397.22,1.351,1/1/1/1,False
C-S2-MUM,K10,10,540.0,294.03,397.22,1.351,1/1/1/1,False
C-S2-MUM,K10,20,590.0,294.03,397.22,1.351,1/1/1/1,False
C-S2-MUM,K10,30,635.0,294.03,397.22,1.351,1/1/1/1,False
C-S2-MUM,K10,40,685.0,294.03,397.22,1.351,1/1/1/1,False
C-S2-MUM,K10,50,735.0,294.03,397.22,1.351,1/1/1/1,False
C-S2-BLR,K01,-50,200.0,25.01,248.18,9.923,9/13/13/9,False
C-S2-BLR,K01,-10,215.0,63.94,858.0,13.419,5/9/9/5,False
C-S2-BLR,K01,-5,230.0,166.75,3018.37,18.101,1/5/5/1,False
C-S2-BLR,K01,0,240.0,253.4,4937.36,19.484,1/1/1/1,True
C-S2-BLR,K01,5,250.0,253.4,4937.36,19.484,1/1/1/1,False
C-S2-BLR,K01,10,265.0,253.4,4937.36,19.484,1/1/1/1,False
C-S2-BLR,K01,20,290.0,253.4,4937.36,19.484,1/1/1/1,False
C-S2-BLR,K01,30,310.0,253.4,4937.36,19.484,1/1/1/1,False
C-S2-BLR,K01,40,335.0,253.4,4937.36,19.484,1/1/1/1,False
C-S2-BLR,K01,50,360.0,253.4,4937.36,19.484,1/1/1/1,False
C-S2-BLR,K05,-50,200.0,0.0,0.0,,–/–/–/–,False
C-S2-BLR,K05,-40,225.0,0.0,0.0,,–/–/–/–,False
C-S2-BLR,K05,-30,260.0,0.0,0.0,,–/–/–/–,False
C-S2-BLR,K05,-20,300.0,56.98,169.92,2.982,13/13/13/9,False
C-S2-BLR,K05,-10,340.0,228.66,1016.24,4.444,9/5/5/5,False
C-S2-BLR,K05,-5,355.0,499.16,2871.54,5.753,5/5/1/1,False
C-S2-BLR,K05,0,375.0,634.36,3790.85,5.976,1/1/1/1,True
C-S2-BLR,K05,5,395.0,634.36,3790.85,5.976,1/1/1/1,False
C-S2-BLR,K05,10,415.0,634.36,3790.85,5.976,1/1/1/1,False
C-S2-BLR,K05,20,450.0,634.36,3790.85,5.976,1/1/1/1,False
C-S2-BLR,K05,30,490.0,634.36,3790.85,5.976,1/1/1/1,False
C-S2-BLR,K05,40,525.0,634.36,3790.85,5.976,1/1/1/1,False
C-S2-BLR,K05,50,560.0,634.36,3790.85,5.976,1/1/1/1,False
C-S2-BLR,K06,-50,200.0,0.0,0.0,,–/–/–/–,False
C-S2-BLR,K06,-40,210.0,0.0,0.0,,–/–/–/–,False
C-S2-BLR,K06,-30,245.0,0.0,0.0,,–/–/–/–,False
C-S2-BLR,K06,-20,280.0,0.0,0.0,,–/–/–/–,False
C-S2-BLR,K06,-10,315.0,13.34,19.82,1.486,13/13/13/13,False
C-S2-BLR,K06,-5,330.0,13.34,19.82,1.486,13/13/13/13,False
C-S2-BLR,K06,0,350.0,30.02,52.77,1.758,13/9/9/9,True
C-S2-BLR,K06,5,370.0,50.95,113.18,2.221,9/9/9/5,False
C-S2-BLR,K06,10,385.0,127.32,384.14,3.017,9/5/5/1,False
C-S2-BLR,K06,20,420.0,219.39,725.94,3.309,1/1/1/1,False
C-S2-BLR,K06,30,455.0,219.39,725.94,3.309,1/1/1/1,False
C-S2-BLR,K06,40,490.0,219.39,725.94,3.309,1/1/1/1,False
C-S2-BLR,K06,50,525.0,219.39,725.94,3.309,1/1/1/1,False
C-S2-BLR,K10,-50,225.0,0.0,0.0,,–/–/–/–,False
C-S2-BLR,K10,-40,270.0,0.0,0.0,,–/–/–/–,False
C-S2-BLR,K10,-30,315.0,0.0,0.0,,–/–/–/–,False
C-S2-BLR,K10,-20,360.0,18.19,9.21,0.506,13/13/13/13,False
C-S2-BLR,K10,-10,405.0,69.13,51.94,0.751,9/9/9/5,False
C-S2-BLR,K10,-5,430.0,180.54,183.76,1.018,5/5/5/1,False
C-S2-BLR,K10,0,450.0,299.08,337.47,1.128,1/1/1/1,True
C-S2-BLR,K10,5,470.0,299.08,337.47,1.128,1/1/1/1,False
C-S2-BLR,K10,10,495.0,299.08,337.47,1.128,1/1/1/1,False
C-S2-BLR,K10,20,540.0,299.08,337.47,1.128,1/1/1/1,False
C-S2-BLR,K10,30,585.0,299.08,337.47,1.128,1/1/1/1,False
C-S2-BLR,K10,40,630.0,299.08,337.47,1.128,1/1/1/1,False
C-S2-BLR,K10,50,675.0,299.08,337.47,1.128,1/1/1/1,False
C-S2-HYD,K01,-50,200.0,59.39,1400.86,23.587,1/5/5/5,False
C-S2-HYD,K01,-5,205.0,106.27,2975.17,27.996,1/1/5/1,False
C-S2-HYD,K01,0,215.0,133.4,3876.12,29.056,1/1/1/1,True
C-S2-HYD,K01,5,225.0,133.4,3876.12,29.056,1/1/1/1,False
C-S2-HYD,K01,10,235.0,133.4,3876.12,29.056,1/1/1/1,False
C-S2-HYD,K01,20,260.0,133.4,3876.12,29.056,1/1/1/1,False
C-S2-HYD,K01,30,280.0,133.4,3876.12,29.056,1/1/1/1,False
C-S2-HYD,K01,40,300.0,133.4,3876.12,29.056,1/1/1/1,False
C-S2-HYD,K01,50,320.0,133.4,3876.12,29.056,1/1/1/1,False
C-S2-HYD,K05,-50,200.0,0.0,0.0,,–/–/–/–,False
C-S2-HYD,K05,-40,205.0,0.0,0.0,,–/–/–/–,False
C-S2-HYD,K05,-30,240.0,12.94,39.9,3.083,–/13/13/13,False
C-S2-HYD,K05,-20,275.0,32.89,119.14,3.622,13/9/9/9,False
C-S2-HYD,K05,-10,310.0,224.09,1516.07,6.765,5/1/1/1,False
C-S2-HYD,K05,-5,330.0,241.91,1649.65,6.819,1/1/1/1,True
C-S2-HYD,K05,0,345.0,241.91,1649.65,6.819,1/1/1/1,False
C-S2-HYD,K05,5,360.0,241.91,1649.65,6.819,1/1/1/1,False
C-S2-HYD,K05,10,380.0,241.91,1649.65,6.819,1/1/1/1,False
C-S2-HYD,K05,20,415.0,241.91,1649.65,6.819,1/1/1/1,False
C-S2-HYD,K05,30,450.0,241.91,1649.65,6.819,1/1/1/1,False
C-S2-HYD,K05,40,485.0,241.91,1649.65,6.819,1/1/1/1,False
C-S2-HYD,K05,50,520.0,241.91,1649.65,6.819,1/1/1/1,False
C-S2-HYD,K06,-50,200.0,0.0,0.0,,–/–/–/–,False
C-S2-HYD,K06,-40,220.0,0.0,0.0,,–/–/–/–,False
C-S2-HYD,K06,-30,255.0,0.0,0.0,,–/–/–/–,False
C-S2-HYD,K06,-20,290.0,9.92,16.31,1.644,13/13/13/13,False
C-S2-HYD,K06,-10,330.0,59.04,160.85,2.724,9/5/5/5,False
C-S2-HYD,K06,-5,345.0,125.73,440.95,3.507,5/5/1/1,False
C-S2-HYD,K06,0,365.0,163.24,597.86,3.662,1/1/1/1,True
C-S2-HYD,K06,5,385.0,163.24,597.86,3.662,1/1/1/1,False
C-S2-HYD,K06,10,400.0,163.24,597.86,3.662,1/1/1/1,False
C-S2-HYD,K06,20,440.0,163.24,597.86,3.662,1/1/1/1,False
C-S2-HYD,K06,30,475.0,163.24,597.86,3.662,1/1/1/1,False
C-S2-HYD,K06,40,510.0,163.24,597.86,3.662,1/1/1/1,False
C-S2-HYD,K06,50,550.0,163.24,597.86,3.662,1/1/1/1,False
C-S2-HYD,K10,-50,210.0,0.0,0.0,,–/–/–/–,False
C-S2-HYD,K10,-40,250.0,0.0,0.0,,–/–/–/–,False
C-S2-HYD,K10,-30,295.0,10.31,8.15,0.79,13/13/13/13,False
C-S2-HYD,K10,-20,335.0,24.77,23.3,0.941,9/9/9/9,False
C-S2-HYD,K10,-10,380.0,169.41,298.82,1.764,1/1/1/1,True
C-S2-HYD,K10,-5,400.0,169.41,298.82,1.764,1/1/1/1,False
C-S2-HYD,K10,0,420.0,169.41,298.82,1.764,1/1/1/1,False
C-S2-HYD,K10,5,440.0,169.41,298.82,1.764,1/1/1/1,False
C-S2-HYD,K10,10,460.0,169.41,298.82,1.764,1/1/1/1,False
C-S2-HYD,K10,20,505.0,169.41,298.82,1.764,1/1/1/1,False
C-S2-HYD,K10,30,545.0,169.41,298.82,1.764,1/1/1/1,False
C-S2-HYD,K10,40,590.0,169.41,298.82,1.764,1/1/1/1,False
C-S2-HYD,K10,50,630.0,169.41,298.82,1.764,1/1/1/1,False
C-S2-PUN,K01,-50,200.0,81.65,2011.19,24.632,1/1/1/1,True
C-S2-PUN,K01,5,210.0,81.65,2011.19,24.632,1/1/1/1,False
C-S2-PUN,K01,10,220.0,81.65,2011.19,24.632,1/1/1/1,False
C-S2-PUN,K01,20,240.0,81.65,2011.19,24.632,1/1/1/1,False
C-S2-PUN,K01,30,260.0,81.65,2011.19,24.632,1/1/1/1,False
C-S2-PUN,K01,40,280.0,81.65,2011.19,24.632,1/1/1/1,False
C-S2-PUN,K01,50,300.0,81.65,2011.19,24.632,1/1/1/1,False
C-S2-PUN,K05,-50,200.0,0.0,0.0,,–/–/–/–,False
C-S2-PUN,K05,-30,210.0,0.0,0.0,,–/–/–/–,False
C-S2-PUN,K05,-20,240.0,10.7,39.47,3.689,13/13/13/13,False
C-S2-PUN,K05,-10,270.0,25.73,112.82,4.385,9/9/9/9,False
C-S2-PUN,K05,-5,285.0,63.18,386.07,6.111,9/5/5/5,False
C-S2-PUN,K05,0,300.0,164.09,1337.03,8.148,5/1/1/1,False
C-S2-PUN,K05,5,315.0,176.05,1446.35,8.216,1/1/1/1,True
C-S2-PUN,K05,10,330.0,176.05,1446.35,8.216,1/1/1/1,False
C-S2-PUN,K05,20,360.0,176.05,1446.35,8.216,1/1/1/1,False
C-S2-PUN,K05,30,390.0,176.05,1446.35,8.216,1/1/1/1,False
C-S2-PUN,K05,40,420.0,176.05,1446.35,8.216,1/1/1/1,False
C-S2-PUN,K05,50,450.0,176.05,1446.35,8.216,1/1/1/1,False
C-S2-PUN,K06,-50,200.0,0.0,0.0,,–/–/–/–,False
C-S2-PUN,K06,-30,225.0,0.0,0.0,,–/–/–/–,False
C-S2-PUN,K06,-20,255.0,0.0,0.0,,–/–/–/–,False
C-S2-PUN,K06,-10,290.0,5.57,9.42,1.691,13/13/13/13,False
C-S2-PUN,K06,-5,305.0,13.42,26.92,2.006,9/9/9/9,False
C-S2-PUN,K06,0,320.0,13.42,26.92,2.006,9/9/9/9,True
C-S2-PUN,K06,5,335.0,35.37,99.92,2.825,5/5/5/5,False
C-S2-PUN,K06,10,350.0,87.22,325.68,3.734,5/1/1/1,False
C-S2-PUN,K06,20,385.0,91.8,345.22,3.761,1/1/1/1,False
C-S2-PUN,K06,30,415.0,91.8,345.22,3.761,1/1/1/1,False
C-S2-PUN,K06,40,450.0,91.8,345.22,3.761,1/1/1/1,False
C-S2-PUN,K06,50,480.0,91.8,345.22,3.761,1/1/1/1,False
C-S2-PUN,K10,-50,200.0,0.0,0.0,,–/–/–/–,False
C-S2-PUN,K10,-40,235.0,0.0,0.0,,–/–/–/–,False
C-S2-PUN,K10,-30,275.0,5.07,3.32,0.655,–/13/13/13,False
C-S2-PUN,K10,-20,315.0,13.4,10.39,0.775,9/9/9/9,False
C-S2-PUN,K10,-10,355.0,35.31,38.57,1.092,5/5/5/5,False
C-S2-PUN,K10,-5,375.0,91.61,133.26,1.455,1/1/1/1,False
C-S2-PUN,K10,0,395.0,91.61,133.26,1.455,1/1/1/1,True
C-S2-PUN,K10,5,415.0,91.61,133.26,1.455,1/1/1/1,False
C-S2-PUN,K10,10,435.0,91.61,133.26,1.455,1/1/1/1,False
C-S2-PUN,K10,20,475.0,91.61,133.26,1.455,1/1/1/1,False
C-S2-PUN,K10,30,515.0,91.61,133.26,1.455,1/1/1/1,False
C-S2-PUN,K10,40,555.0,91.61,133.26,1.455,1/1/1/1,False
C-S2-PUN,K10,50,590.0,91.61,133.26,1.455,1/1/1/1,False
C-S3-DEL,K01,-50,200.0,234.82,2635.83,11.225,1/1/5/1,False
C-S3-DEL,K01,5,210.0,294.18,3427.87,11.652,1/1/1/1,True
C-S3-DEL,K01,10,220.0,294.18,3427.87,11.652,1/1/1/1,False
C-S3-DEL,K01,20,240.0,294.18,3427.87,11.652,1/1/1/1,False
C-S3-DEL,K01,30,260.0,294.18,3427.87,11.652,1/1/1/1,False
C-S3-DEL,K01,40,280.0,294.18,3427.87,11.652,1/1/1/1,False
C-S3-DEL,K01,50,300.0,294.18,3427.87,11.652,1/1/1/1,False
C-S3-DEL,K02,-50,200.0,47.82,614.3,12.846,5/5/5/5,False
C-S3-DEL,K02,-5,205.0,95.37,1561.25,16.37,5/5/1/1,False
C-S3-DEL,K02,0,215.0,124.09,2122.55,17.105,1/1/1/1,True
C-S3-DEL,K02,5,225.0,124.09,2122.55,17.105,1/1/1/1,False
C-S3-DEL,K02,10,235.0,124.09,2122.55,17.105,1/1/1/1,False
C-S3-DEL,K02,20,260.0,124.09,2122.55,17.105,1/1/1/1,False
C-S3-DEL,K02,30,280.0,124.09,2122.55,17.105,1/1/1/1,False
C-S3-DEL,K02,40,300.0,124.09,2122.55,17.105,1/1/1/1,False
C-S3-DEL,K02,50,320.0,124.09,2122.55,17.105,1/1/1/1,False
C-S3-DEL,K03,-50,200.0,0.0,0.0,,–/–/–/–,False
C-S3-DEL,K03,-30,220.0,133.38,189.03,1.417,13/13/13/13,False
C-S3-DEL,K03,-20,250.0,320.73,540.19,1.684,9/9/9/9,False
C-S3-DEL,K03,-10,285.0,2041.4,6380.93,3.126,5/1/1/1,False
C-S3-DEL,K03,-5,300.0,2193.76,6925.56,3.157,1/1/1/1,True
C-S3-DEL,K03,0,315.0,2193.76,6925.56,3.157,1/1/1/1,False
C-S3-DEL,K03,5,330.0,2193.76,6925.56,3.157,1/1/1/1,False
C-S3-DEL,K03,10,345.0,2193.76,6925.56,3.157,1/1/1/1,False
C-S3-DEL,K03,20,380.0,2193.76,6925.56,3.157,1/1/1/1,False
C-S3-DEL,K03,30,410.0,2193.76,6925.56,3.157,1/1/1/1,False
C-S3-DEL,K03,40,440.0,2193.76,6925.56,3.157,1/1/1/1,False
C-S3-DEL,K03,50,470.0,2193.76,6925.56,3.157,1/1/1/1,False
C-S3-DEL,K04,-50,200.0,0.0,0.0,,–/–/–/–,False
C-S3-DEL,K04,-20,225.0,34.07,65.45,1.921,13/13/13/13,False
C-S3-DEL,K04,-10,250.0,81.91,187.06,2.284,9/9/9/9,False
C-S3-DEL,K04,-5,265.0,215.95,694.08,3.214,5/5/5/5,False
C-S3-DEL,K04,0,280.0,560.3,2398.22,4.28,1/1/1/1,True
C-S3-DEL,K04,5,295.0,560.3,2398.22,4.28,1/1/1/1,False
C-S3-DEL,K04,10,310.0,560.3,2398.22,4.28,1/1/1/1,False
C-S3-DEL,K04,20,335.0,560.3,2398.22,4.28,1/1/1/1,False
C-S3-DEL,K04,30,365.0,560.3,2398.22,4.28,1/1/1/1,False
C-S3-DEL,K04,40,390.0,560.3,2398.22,4.28,1/1/1/1,False
C-S3-DEL,K04,50,420.0,560.3,2398.22,4.28,1/1/1/1,False
C-S3-DEL,K09,-50,245.0,0.0,0.0,,–/–/–/–,False
C-S3-DEL,K09,-40,295.0,0.0,0.0,,–/–/–/–,False
C-S3-DEL,K09,-30,345.0,46.01,17.87,0.388,13/13/13/13,False
C-S3-DEL,K09,-20,390.0,270.76,173.79,0.642,9/5/5/5,False
C-S3-DEL,K09,-10,440.0,756.85,654.78,0.865,1/1/1/1,False
C-S3-DEL,K09,-5,465.0,756.85,654.78,0.865,1/1/1/1,True
C-S3-DEL,K09,0,490.0,756.85,654.78,0.865,1/1/1/1,False
C-S3-DEL,K09,5,515.0,756.85,654.78,0.865,1/1/1/1,False
C-S3-DEL,K09,10,540.0,756.85,654.78,0.865,1/1/1/1,False
C-S3-DEL,K09,20,590.0,756.85,654.78,0.865,1/1/1/1,False
C-S3-DEL,K09,30,635.0,756.85,654.78,0.865,1/1/1/1,False
C-S3-DEL,K09,40,685.0,756.85,654.78,0.865,1/1/1/1,False
C-S3-DEL,K09,50,735.0,756.85,654.78,0.865,1/1/1/1,False
C-S3-MUM,K01,-50,200.0,19.73,102.26,5.183,9/13/13/9,False
C-S3-MUM,K01,-5,215.0,28.88,157.1,5.44,9/9/9/9,False
C-S3-MUM,K01,0,225.0,76.13,582.93,7.657,5/5/5/5,True
C-S3-MUM,K01,5,235.0,160.71,1585.46,9.865,1/1/5/1,False
C-S3-MUM,K01,10,250.0,197.54,2014.21,10.196,1/1/1/1,False
C-S3-MUM,K01,20,270.0,197.54,2014.21,10.196,1/1/1/1,False
C-S3-MUM,K01,30,290.0,197.54,2014.21,10.196,1/1/1/1,False
C-S3-MUM,K01,40,315.0,197.54,2014.21,10.196,1/1/1/1,False
C-S3-MUM,K01,50,340.0,197.54,2014.21,10.196,1/1/1/1,False
C-S3-MUM,K02,-50,200.0,5.95,43.34,7.284,13/13/13/13,False
C-S3-MUM,K02,-10,225.0,29.12,337.82,11.601,9/9/5/5,False
C-S3-MUM,K02,-5,240.0,91.26,1467.1,16.076,5/1/1/1,False
C-S3-MUM,K02,0,250.0,97.79,1587.96,16.238,1/1/1/1,True
C-S3-MUM,K02,5,260.0,97.79,1587.96,16.238,1/1/1/1,False
C-S3-MUM,K02,10,275.0,97.79,1587.96,16.238,1/1/1/1,False
C-S3-MUM,K02,20,300.0,97.79,1587.96,16.238,1/1/1/1,False
C-S3-MUM,K02,30,325.0,97.79,1587.96,16.238,1/1/1/1,False
C-S3-MUM,K02,40,350.0,97.79,1587.96,16.238,1/1/1/1,False
C-S3-MUM,K02,50,375.0,97.79,1587.96,16.238,1/1/1/1,False
C-S3-MUM,K03,-50,200.0,0.0,0.0,,–/–/–/–,False
C-S3-MUM,K03,-40,205.0,0.0,0.0,,–/–/–/–,False
C-S3-MUM,K03,-30,240.0,0.0,0.0,,–/–/–/–,False
C-S3-MUM,K03,-20,275.0,89.91,107.28,1.193,13/13/13/13,False
C-S3-MUM,K03,-10,310.0,216.21,306.59,1.418,9/9/9/9,False
C-S3-MUM,K03,-5,330.0,569.96,1137.54,1.996,5/5/5/5,False
C-S3-MUM,K03,0,345.0,1478.86,3930.51,2.658,1/1/1/1,True
C-S3-MUM,K03,5,360.0,1478.86,3930.51,2.658,1/1/1/1,False
C-S3-MUM,K03,10,380.0,1478.86,3930.51,2.658,1/1/1/1,False
C-S3-MUM,K03,20,415.0,1478.86,3930.51,2.658,1/1/1/1,False
C-S3-MUM,K03,30,450.0,1478.86,3930.51,2.658,1/1/1/1,False
C-S3-MUM,K03,40,485.0,1478.86,3930.51,2.658,1/1/1/1,False
C-S3-MUM,K03,50,520.0,1478.86,3930.51,2.658,1/1/1/1,False
C-S3-MUM,K04,-50,200.0,0.0,0.0,,–/–/–/–,False
C-S3-MUM,K04,-40,225.0,0.0,0.0,,–/–/–/–,False
C-S3-MUM,K04,-30,260.0,28.41,36.55,1.287,13/13/13/13,False
C-S3-MUM,K04,-20,300.0,104.34,196.68,1.885,9/9/9/5,False
C-S3-MUM,K04,-10,340.0,467.25,1338.86,2.865,1/1/1/1,False
C-S3-MUM,K04,-5,355.0,467.25,1338.86,2.865,1/1/1/1,False
C-S3-MUM,K04,0,375.0,467.25,1338.86,2.865,1/1/1/1,True
C-S3-MUM,K04,5,395.0,467.25,1338.86,2.865,1/1/1/1,False
C-S3-MUM,K04,10,415.0,467.25,1338.86,2.865,1/1/1/1,False
C-S3-MUM,K04,20,450.0,467.25,1338.86,2.865,1/1/1/1,False
C-S3-MUM,K04,30,490.0,467.25,1338.86,2.865,1/1/1/1,False
C-S3-MUM,K04,40,525.0,467.25,1338.86,2.865,1/1/1/1,False
C-S3-MUM,K04,50,560.0,467.25,1338.86,2.865,1/1/1/1,False
C-S3-MUM,K09,-50,280.0,0.0,0.0,,–/–/–/–,False
C-S3-MUM,K09,-40,335.0,0.0,0.0,,–/–/–/–,False
C-S3-MUM,K09,-30,390.0,57.25,19.76,0.345,13/13/13/13,False
C-S3-MUM,K09,-20,450.0,362.82,209.51,0.577,5/5/5/5,False
C-S3-MUM,K09,-10,505.0,941.45,723.9,0.769,1/1/1/1,False
C-S3-MUM,K09,-5,530.0,941.45,723.9,0.769,1/1/1/1,False
C-S3-MUM,K09,0,560.0,941.45,723.9,0.769,1/1/1/1,True
C-S3-MUM,K09,5,590.0,941.45,723.9,0.769,1/1/1/1,False
C-S3-MUM,K09,10,615.0,941.45,723.9,0.769,1/1/1/1,False
C-S3-MUM,K09,20,670.0,941.45,723.9,0.769,1/1/1/1,False
C-S3-MUM,K09,30,730.0,941.45,723.9,0.769,1/1/1/1,False
C-S3-MUM,K09,40,785.0,941.45,723.9,0.769,1/1/1/1,False
C-S3-MUM,K09,50,840.0,941.45,723.9,0.769,1/1/1/1,False
C-S3-BLR,K01,-50,200.0,16.02,82.48,5.149,9/13/13/9,False
C-S3-BLR,K01,-10,215.0,40.8,282.47,6.923,5/9/9/5,False
C-S3-BLR,K01,-5,230.0,106.47,996.17,9.356,1/5/5/1,False
C-S3-BLR,K01,0,240.0,168.29,1715.28,10.192,1/1/1/1,True
C-S3-BLR,K01,5,250.0,168.29,1715.28,10.192,1/1/1/1,False
C-S3-BLR,K01,10,265.0,168.29,1715.28,10.192,1/1/1/1,False
C-S3-BLR,K01,20,290.0,168.29,1715.28,10.192,1/1/1/1,False
C-S3-BLR,K01,30,310.0,168.29,1715.28,10.192,1/1/1/1,False
C-S3-BLR,K01,40,335.0,168.29,1715.28,10.192,1/1/1/1,False
C-S3-BLR,K01,50,360.0,168.29,1715.28,10.192,1/1/1/1,False
C-S3-BLR,K02,-50,200.0,6.24,50.55,8.101,13/9/13/13,False
C-S3-BLR,K02,-10,225.0,28.1,347.35,12.361,5/5/5/5,False
C-S3-BLR,K02,-5,240.0,72.92,1200.18,16.459,1/1/1/1,True
C-S3-BLR,K02,0,250.0,72.92,1200.18,16.459,1/1/1/1,False
C-S3-BLR,K02,5,260.0,72.92,1200.18,16.459,1/1/1/1,False
C-S3-BLR,K02,10,275.0,72.92,1200.18,16.459,1/1/1/1,False
C-S3-BLR,K02,20,300.0,72.92,1200.18,16.459,1/1/1/1,False
C-S3-BLR,K02,30,325.0,72.92,1200.18,16.459,1/1/1/1,False
C-S3-BLR,K02,40,350.0,72.92,1200.18,16.459,1/1/1/1,False
C-S3-BLR,K02,50,375.0,72.92,1200.18,16.459,1/1/1/1,False
C-S3-BLR,K03,-50,200.0,0.0,0.0,,–/–/–/–,False
C-S3-BLR,K03,-30,220.0,0.0,0.0,,–/–/–/–,False
C-S3-BLR,K03,-20,250.0,79.35,90.84,1.145,13/13/13/13,False
C-S3-BLR,K03,-10,285.0,190.78,259.57,1.361,9/9/9/9,False
C-S3-BLR,K03,-5,300.0,295.1,496.29,1.682,9/9/5/9,False
C-S3-BLR,K03,0,315.0,502.91,963.11,1.915,5/5/5/5,True
C-S3-BLR,K03,5,330.0,1304.91,3327.84,2.55,1/1/1/1,False
C-S3-BLR,K03,10,345.0,1304.91,3327.84,2.55,1/1/1/1,False
C-S3-BLR,K03,20,380.0,1304.91,3327.84,2.55,1/1/1/1,False
C-S3-BLR,K03,30,410.0,1304.91,3327.84,2.55,1/1/1/1,False
C-S3-BLR,K03,40,440.0,1304.91,3327.84,2.55,1/1/1/1,False
C-S3-BLR,K03,50,470.0,1304.91,3327.84,2.55,1/1/1/1,False
C-S3-BLR,K04,-50,200.0,0.0,0.0,,–/–/–/–,False
C-S3-BLR,K04,-30,220.0,0.0,0.0,,–/–/–/–,False
C-S3-BLR,K04,-20,250.0,16.81,26.63,1.584,13/13/13/13,False
C-S3-BLR,K04,-10,285.0,40.41,76.11,1.883,9/9/9/9,False
C-S3-BLR,K04,-5,300.0,106.53,282.4,2.651,5/5/5/5,False
C-S3-BLR,K04,0,315.0,276.41,975.75,3.53,1/1/1/1,True
C-S3-BLR,K04,5,330.0,276.41,975.75,3.53,1/1/1/1,False
C-S3-BLR,K04,10,345.0,276.41,975.75,3.53,1/1/1/1,False
C-S3-BLR,K04,20,380.0,276.41,975.75,3.53,1/1/1/1,False
C-S3-BLR,K04,30,410.0,276.41,975.75,3.53,1/1/1/1,False
C-S3-BLR,K04,40,440.0,276.41,975.75,3.53,1/1/1/1,False
C-S3-BLR,K04,50,470.0,276.41,975.75,3.53,1/1/1/1,False
C-S3-BLR,K09,-50,260.0,0.0,0.0,,–/–/–/–,False
C-S3-BLR,K09,-40,315.0,0.0,0.0,,–/–/–/–,False
C-S3-BLR,K09,-30,370.0,38.54,11.47,0.298,13/13/13/13,False
C-S3-BLR,K09,-20,420.0,244.3,121.55,0.498,5/5/5/5,False
C-S3-BLR,K09,-10,470.0,633.91,419.98,0.663,1/1/1/1,False
C-S3-BLR,K09,-5,500.0,633.91,419.98,0.663,1/1/1/1,False
C-S3-BLR,K09,0,525.0,633.91,419.98,0.663,1/1/1/1,True
C-S3-BLR,K09,5,550.0,633.91,419.98,0.663,1/1/1/1,False
C-S3-BLR,K09,10,580.0,633.91,419.98,0.663,1/1/1/1,False
C-S3-BLR,K09,20,630.0,633.91,419.98,0.663,1/1/1/1,False
C-S3-BLR,K09,30,680.0,633.91,419.98,0.663,1/1/1/1,False
C-S3-BLR,K09,40,735.0,633.91,419.98,0.663,1/1/1/1,False
C-S3-BLR,K09,50,790.0,633.91,419.98,0.663,1/1/1/1,False
C-S3-HYD,K01,-50,200.0,46.13,533.04,11.555,1/1/1/1,True
C-S3-HYD,K01,5,210.0,46.13,533.04,11.555,1/1/1/1,False
C-S3-HYD,K01,10,220.0,46.13,533.04,11.555,1/1/1/1,False
C-S3-HYD,K01,20,240.0,46.13,533.04,11.555,1/1/1/1,False
C-S3-HYD,K01,30,260.0,46.13,533.04,11.555,1/1/1/1,False
C-S3-HYD,K01,40,280.0,46.13,533.04,11.555,1/1/1/1,False
C-S3-HYD,K01,50,300.0,46.13,533.04,11.555,1/1/1/1,False
C-S3-HYD,K02,-50,200.0,26.45,406.99,15.387,5/5/5/1,False
C-S3-HYD,K02,-10,210.0,47.08,819.71,17.411,1/1/1/1,False
C-S3-HYD,K02,-5,225.0,47.08,819.71,17.411,1/1/1/1,False
C-S3-HYD,K02,0,235.0,47.08,819.71,17.411,1/1/1/1,True
C-S3-HYD,K02,5,245.0,47.08,819.71,17.411,1/1/1/1,False
C-S3-HYD,K02,10,260.0,47.08,819.71,17.411,1/1/1/1,False
C-S3-HYD,K02,20,280.0,47.08,819.71,17.411,1/1/1/1,False
C-S3-HYD,K02,30,305.0,47.08,819.71,17.411,1/1/1/1,False
C-S3-HYD,K02,40,330.0,47.08,819.71,17.411,1/1/1/1,False
C-S3-HYD,K02,50,350.0,47.08,819.71,17.411,1/1/1/1,False
C-S3-HYD,K03,-50,200.0,0.0,0.0,,–/–/–/–,False
C-S3-HYD,K03,-10,225.0,30.05,40.64,1.352,13/13/13/13,False
C-S3-HYD,K03,-5,240.0,67.22,107.58,1.6,13/9/9/9,False
C-S3-HYD,K03,0,250.0,72.25,116.12,1.607,9/9/9/9,False
C-S3-HYD,K03,5,260.0,176.35,395.25,2.241,9/5/5/5,False
C-S3-HYD,K03,10,275.0,457.94,1369.05,2.99,5/1/1/1,False
C-S3-HYD,K03,20,300.0,494.19,1488.77,3.013,1/1/1/1,True
C-S3-HYD,K03,30,325.0,494.19,1488.77,3.013,1/1/1/1,False
C-S3-HYD,K03,40,350.0,494.19,1488.77,3.013,1/1/1/1,False
C-S3-HYD,K03,50,375.0,494.19,1488.77,3.013,1/1/1/1,False
C-S3-HYD,K04,-50,200.0,2.17,3.5,1.613,–/–/–/13,False
C-S3-HYD,K04,-5,215.0,7.06,11.23,1.591,13/13/13/13,False
C-S3-HYD,K04,0,225.0,7.06,11.23,1.591,13/13/13/13,True
C-S3-HYD,K04,5,235.0,15.99,30.09,1.882,13/9/9/9,False
C-S3-HYD,K04,10,250.0,25.53,59.22,2.32,9/9/9/5,False
C-S3-HYD,K04,20,270.0,109.02,383.27,3.516,5/1/1/1,False
C-S3-HYD,K04,30,290.0,116.24,411.5,3.54,1/1/1/1,False
C-S3-HYD,K04,40,315.0,116.24,411.5,3.54,1/1/1/1,False
C-S3-HYD,K04,50,340.0,116.24,411.5,3.54,1/1/1/1,False
C-S3-HYD,K09,-50,220.0,0.0,0.0,,–/–/–/–,False
C-S3-HYD,K09,-40,265.0,0.0,0.0,,–/–/–/–,False
C-S3-HYD,K09,-30,310.0,0.0,0.0,,–/–/–/–,False
C-S3-HYD,K09,-20,350.0,21.08,5.9,0.28,13/13/13/13,False
C-S3-HYD,K09,-10,395.0,50.71,16.87,0.333,9/9/9/9,False
C-S3-HYD,K09,-5,420.0,133.66,62.61,0.468,5/5/5/5,False
C-S3-HYD,K09,0,440.0,346.8,216.33,0.624,1/1/1/1,True
C-S3-HYD,K09,5,460.0,346.8,216.33,0.624,1/1/1/1,False
C-S3-HYD,K09,10,485.0,346.8,216.33,0.624,1/1/1/1,False
C-S3-HYD,K09,20,530.0,346.8,216.33,0.624,1/1/1/1,False
C-S3-HYD,K09,30,570.0,346.8,216.33,0.624,1/1/1/1,False
C-S3-HYD,K09,40,615.0,346.8,216.33,0.624,1/1/1/1,False
C-S3-HYD,K09,50,660.0,346.8,216.33,0.624,1/1/1/1,False
C-S3-PUN,K01,-50,200.0,65.34,1014.56,15.527,1/1/1/1,True
C-S3-PUN,K01,5,210.0,65.34,1014.56,15.527,1/1/1/1,False
C-S3-PUN,K01,10,220.0,65.34,1014.56,15.527,1/1/1/1,False
C-S3-PUN,K01,20,240.0,65.34,1014.56,15.527,1/1/1/1,False
C-S3-PUN,K01,30,260.0,65.34,1014.56,15.527,1/1/1/1,False
C-S3-PUN,K01,40,280.0,65.34,1014.56,15.527,1/1/1/1,False
C-S3-PUN,K01,50,300.0,65.34,1014.56,15.527,1/1/1/1,False
C-S3-PUN,K02,-50,200.0,32.33,619.62,19.165,1/1/1/1,False
C-S3-PUN,K02,-5,210.0,32.33,619.62,19.165,1/1/1/1,False
C-S3-PUN,K02,0,220.0,32.33,619.62,19.165,1/1/1/1,True
C-S3-PUN,K02,5,230.0,32.33,619.62,19.165,1/1/1/1,False
C-S3-PUN,K02,10,240.0,32.33,619.62,19.165,1/1/1/1,False
C-S3-PUN,K02,20,265.0,32.33,619.62,19.165,1/1/1/1,False
C-S3-PUN,K02,30,285.0,32.33,619.62,19.165,1/1/1/1,False
C-S3-PUN,K02,40,310.0,32.33,619.62,19.165,1/1/1/1,False
C-S3-PUN,K02,50,330.0,32.33,619.62,19.165,1/1/1/1,False
C-S3-PUN,K03,-50,200.0,0.0,0.0,,–/–/–/–,False
C-S3-PUN,K03,-40,215.0,0.0,0.0,,–/–/–/–,False
C-S3-PUN,K03,-30,250.0,93.34,133.22,1.427,9/9/9/9,False
C-S3-PUN,K03,-20,285.0,377.84,904.32,2.393,5/5/1/5,False
C-S3-PUN,K03,-10,320.0,638.47,1708.05,2.675,1/1/1/1,False
C-S3-PUN,K03,-5,335.0,638.47,1708.05,2.675,1/1/1/1,True
C-S3-PUN,K03,0,355.0,638.47,1708.05,2.675,1/1/1/1,False
C-S3-PUN,K03,5,375.0,638.47,1708.05,2.675,1/1/1/1,False
C-S3-PUN,K03,10,390.0,638.47,1708.05,2.675,1/1/1/1,False
C-S3-PUN,K03,20,425.0,638.47,1708.05,2.675,1/1/1/1,False
C-S3-PUN,K03,30,460.0,638.47,1708.05,2.675,1/1/1/1,False
C-S3-PUN,K03,40,495.0,638.47,1708.05,2.675,1/1/1/1,False
C-S3-PUN,K03,50,530.0,638.47,1708.05,2.675,1/1/1/1,False
C-S3-PUN,K04,-50,200.0,1.87,2.81,1.503,–/–/–/13,False
C-S3-PUN,K04,-10,215.0,6.24,9.29,1.489,13/13/13/13,False
C-S3-PUN,K04,-5,230.0,14.09,24.8,1.76,13/9/9/9,False
C-S3-PUN,K04,0,240.0,15.0,26.55,1.77,9/9/9/9,True
C-S3-PUN,K04,5,250.0,36.97,91.22,2.467,9/5/5/5,False
C-S3-PUN,K04,10,265.0,96.0,315.84,3.29,5/1/1/1,False
C-S3-PUN,K04,20,290.0,102.55,340.32,3.319,1/1/1/1,False
C-S3-PUN,K04,30,310.0,102.55,340.32,3.319,1/1/1/1,False
C-S3-PUN,K04,40,335.0,102.55,340.32,3.319,1/1/1/1,False
C-S3-PUN,K04,50,360.0,102.55,340.32,3.319,1/1/1/1,False
C-S3-PUN,K09,-50,205.0,0.0,0.0,,–/–/–/–,False
C-S3-PUN,K09,-40,245.0,0.0,0.0,,–/–/–/–,False
C-S3-PUN,K09,-30,285.0,0.0,0.0,,–/–/–/–,False
C-S3-PUN,K09,-20,330.0,11.43,5.46,0.478,13/13/13/13,False
C-S3-PUN,K09,-10,370.0,27.5,15.63,0.568,9/9/9/9,False
C-S3-PUN,K09,-5,390.0,72.44,57.98,0.8,5/5/5/5,False
C-S3-PUN,K09,0,410.0,187.97,200.35,1.066,1/1/1/1,True
C-S3-PUN,K09,5,430.0,187.97,200.35,1.066,1/1/1/1,False
C-S3-PUN,K09,10,450.0,187.97,200.35,1.066,1/1/1/1,False
C-S3-PUN,K09,20,490.0,187.97,200.35,1.066,1/1/1/1,False
C-S3-PUN,K09,30,535.0,187.97,200.35,1.066,1/1/1/1,False
C-S3-PUN,K09,40,575.0,187.97,200.35,1.066,1/1/1/1,False
C-S3-PUN,K09,50,615.0,187.97,200.35,1.066,1/1/1/1,False
C-S4-DEL,K01,-50,200.0,46.75,714.88,15.292,9/9/9/9,False
C-S4-DEL,K01,-10,215.0,79.13,1551.49,19.607,5/9/9/5,False
C-S4-DEL,K01,-5,230.0,255.75,7082.18,27.692,1/1/5/1,False
C-S4-DEL,K01,0,240.0,319.77,9165.16,28.662,1/1/1/1,True
C-S4-DEL,K01,5,250.0,319.77,9165.16,28.662,1/1/1/1,False
C-S4-DEL,K01,10,265.0,319.77,9165.16,28.662,1/1/1/1,False
C-S4-DEL,K01,20,290.0,319.77,9165.16,28.662,1/1/1/1,False
C-S4-DEL,K01,30,310.0,319.77,9165.16,28.662,1/1/1/1,False
C-S4-DEL,K01,40,335.0,319.77,9165.16,28.662,1/1/1/1,False
C-S4-DEL,K01,50,360.0,319.77,9165.16,28.662,1/1/1/1,False
C-S4-DEL,K05,-50,200.0,0.0,0.0,,–/–/–/–,False
C-S4-DEL,K05,-40,215.0,0.0,0.0,,–/–/–/–,False
C-S4-DEL,K05,-30,250.0,0.0,0.0,,–/–/–/–,False
C-S4-DEL,K05,-20,290.0,90.52,396.37,4.379,13/13/9/9,False
C-S4-DEL,K05,-10,325.0,305.28,1937.24,6.346,5/5/5/5,False
C-S4-DEL,K05,-5,340.0,734.62,6145.6,8.366,5/1/1/1,False
C-S4-DEL,K05,0,360.0,792.13,6693.71,8.45,1/1/1/1,True
C-S4-DEL,K05,5,380.0,792.13,6693.71,8.45,1/1/1/1,False
C-S4-DEL,K05,10,395.0,792.13,6693.71,8.45,1/1/1/1,False
C-S4-DEL,K05,20,430.0,792.13,6693.71,8.45,1/1/1/1,False
C-S4-DEL,K05,30,470.0,792.13,6693.71,8.45,1/1/1/1,False
C-S4-DEL,K05,40,505.0,792.13,6693.71,8.45,1/1/1/1,False
C-S4-DEL,K05,50,540.0,792.13,6693.71,8.45,1/1/1/1,False
C-S4-DEL,K06,-50,200.0,0.0,0.0,,–/–/–/–,False
C-S4-DEL,K06,-40,220.0,0.0,0.0,,–/–/–/–,False
C-S4-DEL,K06,-30,260.0,0.0,0.0,,–/–/–/–,False
C-S4-DEL,K06,-20,295.0,20.76,65.53,3.157,13/13/13/13,False
C-S4-DEL,K06,-10,335.0,122.35,639.31,5.225,9/5/5/5,False
C-S4-DEL,K06,-5,350.0,196.01,1226.05,6.255,5/5/5/1,False
C-S4-DEL,K06,0,370.0,341.66,2400.48,7.026,1/1/1/1,True
C-S4-DEL,K06,5,390.0,341.66,2400.48,7.026,1/1/1/1,False
C-S4-DEL,K06,10,405.0,341.66,2400.48,7.026,1/1/1/1,False
C-S4-DEL,K06,20,445.0,341.66,2400.48,7.026,1/1/1/1,False
C-S4-DEL,K06,30,480.0,341.66,2400.48,7.026,1/1/1/1,False
C-S4-DEL,K06,40,520.0,341.66,2400.48,7.026,1/1/1/1,False
C-S4-DEL,K06,50,555.0,341.66,2400.48,7.026,1/1/1/1,False
C-S4-DEL,K10,-50,220.0,0.0,0.0,,–/–/–/–,False
C-S4-DEL,K10,-40,265.0,0.0,0.0,,–/–/–/–,False
C-S4-DEL,K10,-30,310.0,20.46,17.75,0.868,13/–/13/13,False
C-S4-DEL,K10,-20,355.0,66.28,68.18,1.029,9/9/9/9,False
C-S4-DEL,K10,-10,400.0,174.7,252.96,1.448,5/5/5/5,False
C-S4-DEL,K10,-5,425.0,453.31,874.08,1.928,1/1/1/1,True
C-S4-DEL,K10,0,445.0,453.31,874.08,1.928,1/1/1/1,False
C-S4-DEL,K10,5,465.0,453.31,874.08,1.928,1/1/1/1,False
C-S4-DEL,K10,10,490.0,453.31,874.08,1.928,1/1/1/1,False
C-S4-DEL,K10,20,535.0,453.31,874.08,1.928,1/1/1/1,False
C-S4-DEL,K10,30,580.0,453.31,874.08,1.928,1/1/1/1,False
C-S4-DEL,K10,40,625.0,453.31,874.08,1.928,1/1/1/1,False
C-S4-DEL,K10,50,670.0,453.31,874.08,1.928,1/1/1/1,False
C-S4-MUM,K01,-50,200.0,36.81,546.25,14.84,9/9/9/9,False
C-S4-MUM,K01,-10,220.0,251.76,7003.24,27.817,1/1/1/1,True
C-S4-MUM,K01,-5,235.0,251.76,7003.24,27.817,1/1/1/1,False
C-S4-MUM,K01,0,245.0,251.76,7003.24,27.817,1/1/1/1,False
C-S4-MUM,K01,5,255.0,251.76,7003.24,27.817,1/1/1/1,False
C-S4-MUM,K01,10,270.0,251.76,7003.24,27.817,1/1/1/1,False
C-S4-MUM,K01,20,295.0,251.76,7003.24,27.817,1/1/1/1,False
C-S4-MUM,K01,30,320.0,251.76,7003.24,27.817,1/1/1/1,False
C-S4-MUM,K01,40,345.0,251.76,7003.24,27.817,1/1/1/1,False
C-S4-MUM,K01,50,370.0,251.76,7003.24,27.817,1/1/1/1,False
C-S4-MUM,K05,-50,200.0,0.0,0.0,,–/–/–/–,False
C-S4-MUM,K05,-40,235.0,0.0,0.0,,–/–/–/–,False
C-S4-MUM,K05,-30,275.0,9.17,28.13,3.068,–/–/–/13,False
C-S4-MUM,K05,-20,310.0,42.61,140.54,3.298,13/13/13/9,False
C-S4-MUM,K05,-10,350.0,173.68,853.52,4.914,9/5/5/5,False
C-S4-MUM,K05,-5,370.0,451.04,2956.91,6.556,5/1/1/1,False
C-S4-MUM,K05,0,390.0,489.03,3234.24,6.614,1/1/1/1,True
C-S4-MUM,K05,5,410.0,489.03,3234.24,6.614,1/1/1/1,False
C-S4-MUM,K05,10,430.0,489.03,3234.24,6.614,1/1/1/1,False
C-S4-MUM,K05,20,470.0,489.03,3234.24,6.614,1/1/1/1,False
C-S4-MUM,K05,30,505.0,489.03,3234.24,6.614,1/1/1/1,False
C-S4-MUM,K05,40,545.0,489.03,3234.24,6.614,1/1/1/1,False
C-S4-MUM,K05,50,585.0,489.03,3234.24,6.614,1/1/1/1,False
C-S4-MUM,K06,-50,210.0,0.0,0.0,,–/–/–/–,False
C-S4-MUM,K06,-40,250.0,0.0,0.0,,–/–/–/–,False
C-S4-MUM,K06,-30,295.0,0.0,0.0,,–/–/–/–,False
C-S4-MUM,K06,-20,335.0,15.48,47.19,3.048,13/13/13/13,False
C-S4-MUM,K06,-10,380.0,56.84,254.79,4.483,9/9/9/5,False
C-S4-MUM,K06,-5,400.0,148.5,903.49,6.084,5/5/5/1,False
C-S4-MUM,K06,0,420.0,235.41,1583.33,6.726,5/1/1/1,False
C-S4-MUM,K06,5,440.0,254.66,1728.58,6.788,1/1/1/1,True
C-S4-MUM,K06,10,460.0,254.66,1728.58,6.788,1/1/1/1,False
C-S4-MUM,K06,20,505.0,254.66,1728.58,6.788,1/1/1/1,False
C-S4-MUM,K06,30,545.0,254.66,1728.58,6.788,1/1/1/1,False
C-S4-MUM,K06,40,590.0,254.66,1728.58,6.788,1/1/1/1,False
C-S4-MUM,K06,50,630.0,254.66,1728.58,6.788,1/1/1/1,False
C-S4-MUM,K10,-50,235.0,0.0,0.0,,–/–/–/–,False
C-S4-MUM,K10,-40,280.0,0.0,0.0,,–/–/–/–,False
C-S4-MUM,K10,-30,330.0,0.0,0.0,,–/–/–/–,False
C-S4-MUM,K10,-20,375.0,19.86,14.82,0.746,13/13/13/13,False
C-S4-MUM,K10,-10,425.0,116.68,143.73,1.232,9/5/5/5,False
C-S4-MUM,K10,-5,445.0,189.57,281.75,1.486,5/5/5/1,False
C-S4-MUM,K10,0,470.0,326.7,542.84,1.662,1/1/1/1,True
C-S4-MUM,K10,5,495.0,326.7,542.84,1.662,1/1/1/1,False
C-S4-MUM,K10,10,515.0,326.7,542.84,1.662,1/1/1/1,False
C-S4-MUM,K10,20,565.0,326.7,542.84,1.662,1/1/1/1,False
C-S4-MUM,K10,30,610.0,326.7,542.84,1.662,1/1/1/1,False
C-S4-MUM,K10,40,660.0,326.7,542.84,1.662,1/1/1/1,False
C-S4-MUM,K10,50,705.0,326.7,542.84,1.662,1/1/1/1,False
C-S4-BLR,K01,-50,200.0,31.38,454.7,14.49,9/9/9/9,False
C-S4-BLR,K01,-10,220.0,182.42,4831.15,26.484,1/5/1/1,False
C-S4-BLR,K01,-5,235.0,214.64,5829.5,27.159,1/1/1/1,True
C-S4-BLR,K01,0,245.0,214.64,5829.5,27.159,1/1/1/1,False
C-S4-BLR,K01,5,255.0,214.64,5829.5,27.159,1/1/1/1,False
C-S4-BLR,K01,10,270.0,214.64,5829.5,27.159,1/1/1/1,False
C-S4-BLR,K01,20,295.0,214.64,5829.5,27.159,1/1/1/1,False
C-S4-BLR,K01,30,320.0,214.64,5829.5,27.159,1/1/1/1,False
C-S4-BLR,K01,40,345.0,214.64,5829.5,27.159,1/1/1/1,False
C-S4-BLR,K01,50,370.0,214.64,5829.5,27.159,1/1/1/1,False
C-S4-BLR,K05,-50,200.0,0.0,0.0,,–/–/–/–,False
C-S4-BLR,K05,-40,225.0,0.0,0.0,,–/–/–/–,False
C-S4-BLR,K05,-30,260.0,0.0,0.0,,–/–/–/–,False
C-S4-BLR,K05,-20,300.0,42.65,129.9,3.046,13/13/13/9,False
C-S4-BLR,K05,-10,340.0,170.17,772.38,4.539,9/5/5/5,False
C-S4-BLR,K05,-5,355.0,372.69,2191.37,5.88,5/5/1/1,False
C-S4-BLR,K05,0,375.0,472.28,2879.77,6.098,1/1/1/1,True
C-S4-BLR,K05,5,395.0,472.28,2879.77,6.098,1/1/1/1,False
C-S4-BLR,K05,10,415.0,472.28,2879.77,6.098,1/1/1/1,False
C-S4-BLR,K05,20,450.0,472.28,2879.77,6.098,1/1/1/1,False
C-S4-BLR,K05,30,490.0,472.28,2879.77,6.098,1/1/1/1,False
C-S4-BLR,K05,40,525.0,472.28,2879.77,6.098,1/1/1/1,False
C-S4-BLR,K05,50,560.0,472.28,2879.77,6.098,1/1/1/1,False
C-S4-BLR,K06,-50,210.0,0.0,0.0,,–/–/–/–,False
C-S4-BLR,K06,-40,250.0,0.0,0.0,,–/–/–/–,False
C-S4-BLR,K06,-30,295.0,6.99,26.59,3.804,–/–/–/13,False
C-S4-BLR,K06,-20,335.0,29.26,122.16,4.175,13/13/13/9,False
C-S4-BLR,K06,-10,380.0,123.27,771.53,6.259,5/5/5/5,False
C-S4-BLR,K06,-5,400.0,319.84,2665.87,8.335,1/1/1/1,True
C-S4-BLR,K06,0,420.0,319.84,2665.87,8.335,1/1/1/1,False
C-S4-BLR,K06,5,440.0,319.84,2665.87,8.335,1/1/1/1,False
C-S4-BLR,K06,10,460.0,319.84,2665.87,8.335,1/1/1/1,False
C-S4-BLR,K06,20,505.0,319.84,2665.87,8.335,1/1/1/1,False
C-S4-BLR,K06,30,545.0,319.84,2665.87,8.335,1/1/1/1,False
C-S4-BLR,K06,40,590.0,319.84,2665.87,8.335,1/1/1/1,False
C-S4-BLR,K06,50,630.0,319.84,2665.87,8.335,1/1/1/1,False
C-S4-BLR,K10,-50,225.0,0.0,0.0,,–/–/–/–,False
C-S4-BLR,K10,-40,270.0,0.0,0.0,,–/–/–/–,False
C-S4-BLR,K10,-30,315.0,0.0,0.0,,–/–/–/–,False
C-S4-BLR,K10,-20,360.0,17.87,15.57,0.871,13/13/13/13,False
C-S4-BLR,K10,-10,405.0,107.14,154.69,1.444,9/5/5/5,False
C-S4-BLR,K10,-5,430.0,278.13,535.51,1.925,5/1/1/1,False
C-S4-BLR,K10,0,450.0,294.0,570.26,1.94,1/1/1/1,True
C-S4-BLR,K10,5,470.0,294.0,570.26,1.94,1/1/1/1,False
C-S4-BLR,K10,10,495.0,294.0,570.26,1.94,1/1/1/1,False
C-S4-BLR,K10,20,540.0,294.0,570.26,1.94,1/1/1/1,False
C-S4-BLR,K10,30,585.0,294.0,570.26,1.94,1/1/1/1,False
C-S4-BLR,K10,40,630.0,294.0,570.26,1.94,1/1/1/1,False
C-S4-BLR,K10,50,675.0,294.0,570.26,1.94,1/1/1/1,False
C-S4-HYD,K01,-50,200.0,46.89,1117.8,23.839,1/5/5/5,False
C-S4-HYD,K01,0,210.0,104.35,3054.44,29.271,1/1/1/1,True
C-S4-HYD,K01,5,220.0,104.35,3054.44,29.271,1/1/1/1,False
C-S4-HYD,K01,10,230.0,104.35,3054.44,29.271,1/1/1/1,False
C-S4-HYD,K01,20,250.0,104.35,3054.44,29.271,1/1/1/1,False
C-S4-HYD,K01,30,275.0,104.35,3054.44,29.271,1/1/1/1,False
C-S4-HYD,K01,40,295.0,104.35,3054.44,29.271,1/1/1/1,False
C-S4-HYD,K01,50,315.0,104.35,3054.44,29.271,1/1/1/1,False
C-S4-HYD,K05,-50,200.0,0.0,0.0,,–/–/–/–,False
C-S4-HYD,K05,-30,215.0,0.0,0.0,,–/–/–/–,False
C-S4-HYD,K05,-20,245.0,16.95,62.85,3.708,13/13/13/13,False
C-S4-HYD,K05,-10,275.0,40.74,179.63,4.409,9/9/9/9,False
C-S4-HYD,K05,-5,290.0,99.53,611.66,6.145,9/5/5/5,False
C-S4-HYD,K05,0,305.0,258.45,2118.6,8.197,5/1/1/1,False
C-S4-HYD,K05,5,320.0,278.61,2302.95,8.266,1/1/1/1,True
C-S4-HYD,K05,10,335.0,278.61,2302.95,8.266,1/1/1/1,False
C-S4-HYD,K05,20,365.0,278.61,2302.95,8.266,1/1/1/1,False
C-S4-HYD,K05,30,395.0,278.61,2302.95,8.266,1/1/1/1,False
C-S4-HYD,K05,40,425.0,278.61,2302.95,8.266,1/1/1/1,False
C-S4-HYD,K05,50,460.0,278.61,2302.95,8.266,1/1/1/1,False
C-S4-HYD,K06,-50,200.0,0.0,0.0,,–/–/–/–,False
C-S4-HYD,K06,-40,205.0,0.0,0.0,,–/–/–/–,False
C-S4-HYD,K06,-30,240.0,0.0,0.0,,–/–/–/–,False
C-S4-HYD,K06,-20,275.0,10.04,37.4,3.725,13/13/13/13,False
C-S4-HYD,K06,-10,310.0,24.12,106.87,4.431,9/9/9/9,False
C-S4-HYD,K06,-5,330.0,63.61,396.53,6.234,5/5/5/5,False
C-S4-HYD,K06,0,345.0,154.98,1276.58,8.237,5/1/1/1,False
C-S4-HYD,K06,5,360.0,165.05,1370.09,8.301,1/1/1/1,True
C-S4-HYD,K06,10,380.0,165.05,1370.09,8.301,1/1/1/1,False
C-S4-HYD,K06,20,415.0,165.05,1370.09,8.301,1/1/1/1,False
C-S4-HYD,K06,30,450.0,165.05,1370.09,8.301,1/1/1/1,False
C-S4-HYD,K06,40,485.0,165.05,1370.09,8.301,1/1/1/1,False
C-S4-HYD,K06,50,520.0,165.05,1370.09,8.301,1/1/1/1,False
C-S4-HYD,K10,-50,200.0,0.0,0.0,,–/–/–/–,False
C-S4-HYD,K10,-40,210.0,0.0,0.0,,–/–/–/–,False
C-S4-HYD,K10,-30,245.0,0.0,0.0,,–/–/–/–,False
C-S4-HYD,K10,-20,280.0,0.0,0.0,,–/–/–/–,False
C-S4-HYD,K10,-10,315.0,8.02,8.12,1.012,13/13/13/13,False
C-S4-HYD,K10,-5,330.0,18.34,21.96,1.197,13/9/9/9,False
C-S4-HYD,K10,0,350.0,19.28,23.2,1.203,9/9/9/9,False
C-S4-HYD,K10,5,370.0,50.79,86.08,1.695,5/5/5/5,False
C-S4-HYD,K10,10,385.0,131.81,297.45,2.257,1/1/1/1,True
C-S4-HYD,K10,20,420.0,131.81,297.45,2.257,1/1/1/1,False
C-S4-HYD,K10,30,455.0,131.81,297.45,2.257,1/1/1/1,False
C-S4-HYD,K10,40,490.0,131.81,297.45,2.257,1/1/1/1,False
C-S4-HYD,K10,50,525.0,131.81,297.45,2.257,1/1/1/1,False
C-S4-PUN,K01,-50,200.0,63.56,2071.18,32.586,1/1/1/1,False
C-S4-PUN,K01,0,205.0,63.56,2071.18,32.586,1/1/1/1,True
C-S4-PUN,K01,5,215.0,63.56,2071.18,32.586,1/1/1/1,False
C-S4-PUN,K01,10,225.0,63.56,2071.18,32.586,1/1/1/1,False
C-S4-PUN,K01,20,245.0,63.56,2071.18,32.586,1/1/1/1,False
C-S4-PUN,K01,30,265.0,63.56,2071.18,32.586,1/1/1/1,False
C-S4-PUN,K01,40,285.0,63.56,2071.18,32.586,1/1/1/1,False
C-S4-PUN,K01,50,310.0,63.56,2071.18,32.586,1/1/1/1,False
C-S4-PUN,K05,-50,200.0,0.0,0.0,,–/–/–/–,False
C-S4-PUN,K05,-10,225.0,0.0,0.0,,–/–/–/–,False
C-S4-PUN,K05,-5,240.0,5.3,18.98,3.581,–/13/13/13,False
C-S4-PUN,K05,0,250.0,5.85,20.87,3.568,13/13/13/13,True
C-S4-PUN,K05,5,260.0,5.85,20.87,3.568,13/13/13/13,False
C-S4-PUN,K05,10,275.0,13.28,56.11,4.225,13/9/9/9,False
C-S4-PUN,K05,20,300.0,34.88,206.61,5.923,9/5/5/5,False
C-S4-PUN,K05,30,325.0,96.08,764.39,7.956,1/1/1/1,False
C-S4-PUN,K05,40,350.0,96.08,764.39,7.956,1/1/1/1,False
C-S4-PUN,K05,50,375.0,96.08,764.39,7.956,1/1/1/1,False
C-S4-PUN,K06,-50,200.0,0.0,0.0,,–/–/–/–,False
C-S4-PUN,K06,-40,215.0,0.0,0.0,,–/–/–/–,False
C-S4-PUN,K06,-30,250.0,0.0,0.0,,–/–/–/–,False
C-S4-PUN,K06,-20,290.0,10.49,44.28,4.221,13/13/9/9,False
C-S4-PUN,K06,-10,325.0,33.18,201.33,6.068,9/5/5/5,False
C-S4-PUN,K06,-5,340.0,86.14,696.89,8.09,5/1/1/1,False
C-S4-PUN,K06,0,360.0,90.87,740.35,8.147,1/1/1/1,True
C-S4-PUN,K06,5,380.0,90.87,740.35,8.147,1/1/1/1,False
C-S4-PUN,K06,10,395.0,90.87,740.35,8.147,1/1/1/1,False
C-S4-PUN,K06,20,430.0,90.87,740.35,8.147,1/1/1/1,False
C-S4-PUN,K06,30,470.0,90.87,740.35,8.147,1/1/1/1,False
C-S4-PUN,K06,40,505.0,90.87,740.35,8.147,1/1/1/1,False
C-S4-PUN,K06,50,540.0,90.87,740.35,8.147,1/1/1/1,False
C-S4-PUN,K10,-50,200.0,0.0,0.0,,–/–/–/–,False
C-S4-PUN,K10,-40,205.0,0.0,0.0,,–/–/–/–,False
C-S4-PUN,K10,-30,240.0,0.0,0.0,,–/–/–/–,False
C-S4-PUN,K10,-20,270.0,0.0,0.0,,–/–/–/–,False
C-S4-PUN,K10,-10,305.0,3.82,4.08,1.068,13/13/13/13,False
C-S4-PUN,K10,-5,325.0,9.21,11.69,1.269,9/9/9/9,False
C-S4-PUN,K10,0,340.0,9.21,11.69,1.269,9/9/9/9,True
C-S4-PUN,K10,5,355.0,24.27,43.4,1.788,5/5/5/5,False
C-S4-PUN,K10,10,375.0,62.99,149.92,2.38,1/1/1/1,False
C-S4-PUN,K10,20,410.0,62.99,149.92,2.38,1/1/1/1,False
C-S4-PUN,K10,30,440.0,62.99,149.92,2.38,1/1/1/1,False
C-S4-PUN,K10,40,475.0,62.99,149.92,2.38,1/1/1/1,False
C-S4-PUN,K10,50,510.0,62.99,149.92,2.38,1/1/1/1,False
C-S5-DEL,K01,-50,200.0,90.72,570.96,6.294,5/9/5/5,False
C-S5-DEL,K01,-10,220.0,289.71,2520.95,8.702,1/1/1/1,False
C-S5-DEL,K01,-5,235.0,289.71,2520.95,8.702,1/1/1/1,False
C-S5-DEL,K01,0,245.0,289.71,2520.95,8.702,1/1/1/1,True
C-S5-DEL,K01,5,255.0,289.71,2520.95,8.702,1/1/1/1,False
C-S5-DEL,K01,10,270.0,289.71,2520.95,8.702,1/1/1/1,False
C-S5-DEL,K01,20,295.0,289.71,2520.95,8.702,1/1/1/1,False
C-S5-DEL,K01,30,320.0,289.71,2520.95,8.702,1/1/1/1,False
C-S5-DEL,K01,40,345.0,289.71,2520.95,8.702,1/1/1/1,False
C-S5-DEL,K01,50,370.0,289.71,2520.95,8.702,1/1/1/1,False
C-S5-DEL,K03,-50,200.0,0.0,0.0,,–/–/–/–,False
C-S5-DEL,K03,-20,230.0,63.27,46.84,0.74,13/13/13/–,False
C-S5-DEL,K03,-10,255.0,99.61,82.99,0.833,13/9/13/–,False
C-S5-DEL,K03,-5,270.0,152.15,133.89,0.88,9/9/9/–,True
C-S5-DEL,K03,0,285.0,457.45,531.32,1.161,5/5/5/13,False
C-S5-DEL,K03,5,300.0,1097.04,1751.04,1.596,1/1/1/13,False
C-S5-DEL,K03,10,315.0,1176.25,1815.22,1.543,1/1/1/9,False
C-S5-DEL,K03,20,340.0,1398.12,2082.8,1.49,1/1/1/5,False
C-S5-DEL,K03,30,370.0,1968.18,2982.2,1.515,1/1/1/1,False
C-S5-DEL,K03,40,400.0,1968.18,2982.2,1.515,1/1/1/1,False
C-S5-DEL,K03,50,430.0,1968.18,2982.2,1.515,1/1/1/1,False
C-S5-DEL,K08,-50,200.0,1.46,3.61,2.473,13/13/–/–,False
C-S5-DEL,K08,-20,215.0,4.75,11.24,2.366,13/13/13/13,False
C-S5-DEL,K08,-10,245.0,15.41,51.66,3.352,9/5/9/9,False
C-S5-DEL,K08,-5,255.0,21.65,81.06,3.744,5/5/5/9,False
C-S5-DEL,K08,0,270.0,56.4,283.66,5.029,1/1/1/5,True
C-S5-DEL,K08,5,285.0,78.09,411.77,5.273,1/1/1/1,False
C-S5-DEL,K08,10,295.0,78.09,411.77,5.273,1/1/1/1,False
C-S5-DEL,K08,20,325.0,78.09,411.77,5.273,1/1/1/1,False
C-S5-DEL,K08,30,350.0,78.09,411.77,5.273,1/1/1/1,False
C-S5-DEL,K08,40,380.0,78.09,411.77,5.273,1/1/1/1,False
C-S5-DEL,K08,50,405.0,78.09,411.77,5.273,1/1/1/1,False
C-S5-MUM,K01,-50,200.0,13.22,61.9,4.682,9/13/13/9,False
C-S5-MUM,K01,-5,210.0,18.93,92.78,4.901,9/9/9/9,False
C-S5-MUM,K01,0,220.0,41.13,274.03,6.663,5/5/9/5,True
C-S5-MUM,K01,5,230.0,49.91,344.29,6.898,5/5/5/5,False
C-S5-MUM,K01,10,240.0,129.48,1189.63,9.188,1/1/1/1,False
C-S5-MUM,K01,20,265.0,129.48,1189.63,9.188,1/1/1/1,False
C-S5-MUM,K01,30,285.0,129.48,1189.63,9.188,1/1/1/1,False
C-S5-MUM,K01,40,310.0,129.48,1189.63,9.188,1/1/1/1,False
C-S5-MUM,K01,50,330.0,129.48,1189.63,9.188,1/1/1/1,False
C-S5-MUM,K03,-50,200.0,0.0,0.0,,–/–/–/–,False
C-S5-MUM,K03,-40,235.0,0.0,0.0,,–/–/–/–,False
C-S5-MUM,K03,-30,275.0,105.71,65.56,0.62,13/13/13/13,False
C-S5-MUM,K03,-20,310.0,254.19,187.36,0.737,9/9/9/9,False
C-S5-MUM,K03,-10,350.0,1738.59,2402.02,1.382,1/1/1/1,False
C-S5-MUM,K03,-5,370.0,1738.59,2402.02,1.382,1/1/1/1,True
C-S5-MUM,K03,0,390.0,1738.59,2402.02,1.382,1/1/1/1,False
C-S5-MUM,K03,5,410.0,1738.59,2402.02,1.382,1/1/1/1,False
C-S5-MUM,K03,10,430.0,1738.59,2402.02,1.382,1/1/1/1,False
C-S5-MUM,K03,20,470.0,1738.59,2402.02,1.382,1/1/1/1,False
C-S5-MUM,K03,30,505.0,1738.59,2402.02,1.382,1/1/1/1,False
C-S5-MUM,K03,40,545.0,1738.59,2402.02,1.382,1/1/1/1,False
C-S5-MUM,K03,50,585.0,1738.59,2402.02,1.382,1/1/1/1,False
C-S5-MUM,K08,-50,200.0,0.0,0.0,,–/–/–/–,False
C-S5-MUM,K08,-30,215.0,0.0,0.0,,–/–/–/–,False
C-S5-MUM,K08,-20,250.0,6.06,15.67,2.586,13/13/13/9,False
C-S5-MUM,K08,-10,280.0,26.24,102.56,3.909,5/5/5/5,False
C-S5-MUM,K08,-5,295.0,62.97,324.11,5.147,5/1/1/1,False
C-S5-MUM,K08,0,310.0,68.08,354.35,5.205,1/1/1/1,True
C-S5-MUM,K08,5,325.0,68.08,354.35,5.205,1/1/1/1,False
C-S5-MUM,K08,10,340.0,68.08,354.35,5.205,1/1/1/1,False
C-S5-MUM,K08,20,370.0,68.08,354.35,5.205,1/1/1/1,False
C-S5-MUM,K08,30,405.0,68.08,354.35,5.205,1/1/1/1,False
C-S5-MUM,K08,40,435.0,68.08,354.35,5.205,1/1/1/1,False
C-S5-MUM,K08,50,465.0,68.08,354.35,5.205,1/1/1/1,False
C-S5-BLR,K01,-50,200.0,15.52,60.63,3.907,9/9/9/9,False
C-S5-BLR,K01,-10,215.0,28.63,146.94,5.132,5/9/9/5,False
C-S5-BLR,K01,-5,230.0,88.79,633.83,7.139,1/1/5/1,False
C-S5-BLR,K01,0,240.0,106.16,777.33,7.322,1/1/1/1,True
C-S5-BLR,K01,5,250.0,106.16,777.33,7.322,1/1/1/1,False
C-S5-BLR,K01,10,265.0,106.16,777.33,7.322,1/1/1/1,False
C-S5-BLR,K01,20,290.0,106.16,777.33,7.322,1/1/1/1,False
C-S5-BLR,K01,30,310.0,106.16,777.33,7.322,1/1/1/1,False
C-S5-BLR,K01,40,335.0,106.16,777.33,7.322,1/1/1/1,False
C-S5-BLR,K01,50,360.0,106.16,777.33,7.322,1/1/1/1,False
C-S5-BLR,K03,-50,200.0,0.0,0.0,,–/–/–/–,False
C-S5-BLR,K03,-30,225.0,0.0,0.0,,–/–/–/–,False
C-S5-BLR,K03,-20,255.0,79.72,43.35,0.544,13/13/13/13,False
C-S5-BLR,K03,-10,290.0,191.69,123.87,0.646,9/9/9/9,False
C-S5-BLR,K03,-5,305.0,505.31,459.67,0.91,5/5/5/5,True
C-S5-BLR,K03,0,320.0,1100.24,1299.36,1.181,1/1/1/5,False
C-S5-BLR,K03,5,335.0,1311.12,1588.27,1.211,1/1/1/1,False
C-S5-BLR,K03,10,350.0,1311.12,1588.27,1.211,1/1/1/1,False
C-S5-BLR,K03,20,385.0,1311.12,1588.27,1.211,1/1/1/1,False
C-S5-BLR,K03,30,415.0,1311.12,1588.27,1.211,1/1/1/1,False
C-S5-BLR,K03,40,450.0,1311.12,1588.27,1.211,1/1/1/1,False
C-S5-BLR,K03,50,480.0,1311.12,1588.27,1.211,1/1/1/1,False
C-S5-BLR,K08,-50,200.0,0.0,0.0,,–/–/–/–,False
C-S5-BLR,K08,-20,210.0,1.77,3.86,2.181,–/13/13/–,False
C-S5-BLR,K08,-10,240.0,5.98,14.97,2.503,9/9/9/13,False
C-S5-BLR,K08,-5,250.0,7.23,18.44,2.55,9/9/9/9,False
C-S5-BLR,K08,0,265.0,15.55,54.0,3.473,5/5/5/9,True
C-S5-BLR,K08,5,280.0,40.44,187.9,4.646,1/1/1/5,False
C-S5-BLR,K08,10,290.0,49.49,236.42,4.777,1/1/1/1,False
C-S5-BLR,K08,20,320.0,49.49,236.42,4.777,1/1/1/1,False
C-S5-BLR,K08,30,345.0,49.49,236.42,4.777,1/1/1/1,False
C-S5-BLR,K08,40,370.0,49.49,236.42,4.777,1/1/1/1,False
C-S5-BLR,K08,50,400.0,49.49,236.42,4.777,1/1/1/1,False
C-S5-HYD,K01,-50,200.0,91.25,804.24,8.814,1/5/5/1,False
C-S5-HYD,K01,-10,210.0,144.14,1392.6,9.661,1/1/1/1,False
C-S5-HYD,K01,-5,225.0,144.14,1392.6,9.661,1/1/1/1,False
C-S5-HYD,K01,0,235.0,144.14,1392.6,9.661,1/1/1/1,True
C-S5-HYD,K01,5,245.0,144.14,1392.6,9.661,1/1/1/1,False
C-S5-HYD,K01,10,260.0,144.14,1392.6,9.661,1/1/1/1,False
C-S5-HYD,K01,20,280.0,144.14,1392.6,9.661,1/1/1/1,False
C-S5-HYD,K01,30,305.0,144.14,1392.6,9.661,1/1/1/1,False
C-S5-HYD,K01,40,330.0,144.14,1392.6,9.661,1/1/1/1,False
C-S5-HYD,K01,50,350.0,144.14,1392.6,9.661,1/1/1/1,False
C-S5-HYD,K03,-50,200.0,0.0,0.0,,–/–/–/–,False
C-S5-HYD,K03,-20,225.0,42.54,34.78,0.818,13/13/13/13,False
C-S5-HYD,K03,-10,250.0,102.29,99.38,0.972,9/9/9/9,False
C-S5-HYD,K03,-5,265.0,250.1,338.25,1.352,9/5/5/5,True
C-S5-HYD,K03,0,280.0,649.44,1171.62,1.804,5/1/1/1,False
C-S5-HYD,K03,5,295.0,699.68,1274.0,1.821,1/1/1/1,False
C-S5-HYD,K03,10,310.0,699.68,1274.0,1.821,1/1/1/1,False
C-S5-HYD,K03,20,335.0,699.68,1274.0,1.821,1/1/1/1,False
C-S5-HYD,K03,30,365.0,699.68,1274.0,1.821,1/1/1/1,False
C-S5-HYD,K03,40,390.0,699.68,1274.0,1.821,1/1/1/1,False
C-S5-HYD,K03,50,420.0,699.68,1274.0,1.821,1/1/1/1,False
C-S5-HYD,K08,-50,200.0,1.51,3.32,2.199,13/13/13/13,False
C-S5-HYD,K08,-10,205.0,1.51,3.32,2.199,13/13/13/13,False
C-S5-HYD,K08,-5,220.0,3.64,9.49,2.607,9/9/9/9,False
C-S5-HYD,K08,0,230.0,8.95,32.5,3.631,9/5/5/5,True
C-S5-HYD,K08,5,240.0,9.59,35.23,3.674,5/5/5/5,False
C-S5-HYD,K08,10,255.0,24.85,121.71,4.898,1/1/1/1,False
C-S5-HYD,K08,20,275.0,24.85,121.71,4.898,1/1/1/1,False
C-S5-HYD,K08,30,300.0,24.85,121.71,4.898,1/1/1/1,False
C-S5-HYD,K08,40,320.0,24.85,121.71,4.898,1/1/1/1,False
C-S5-HYD,K08,50,345.0,24.85,121.71,4.898,1/1/1/1,False
C-S5-PUN,K01,-50,200.0,35.69,372.52,10.438,1/1/1/1,True
C-S5-PUN,K01,5,210.0,35.69,372.52,10.438,1/1/1/1,False
C-S5-PUN,K01,10,220.0,35.69,372.52,10.438,1/1/1/1,False
C-S5-PUN,K01,20,240.0,35.69,372.52,10.438,1/1/1/1,False
C-S5-PUN,K01,30,260.0,35.69,372.52,10.438,1/1/1/1,False
C-S5-PUN,K01,40,280.0,35.69,372.52,10.438,1/1/1/1,False
C-S5-PUN,K01,50,300.0,35.69,372.52,10.438,1/1/1/1,False
C-S5-PUN,K03,-50,200.0,0.0,0.0,,–/–/–/–,False
C-S5-PUN,K03,-20,215.0,0.0,0.0,,–/–/–/–,False
C-S5-PUN,K03,-10,245.0,60.69,47.51,0.783,13/9/9/9,False
C-S5-PUN,K03,-5,255.0,64.87,51.08,0.787,9/9/9/9,True
C-S5-PUN,K03,0,270.0,159.3,174.62,1.096,9/5/5/5,False
C-S5-PUN,K03,5,285.0,413.61,604.78,1.462,5/1/1/1,False
C-S5-PUN,K03,10,295.0,443.7,654.77,1.476,1/1/1/1,False
C-S5-PUN,K03,20,325.0,443.7,654.77,1.476,1/1/1/1,False
C-S5-PUN,K03,30,350.0,443.7,654.77,1.476,1/1/1/1,False
C-S5-PUN,K03,40,380.0,443.7,654.77,1.476,1/1/1/1,False
C-S5-PUN,K03,50,405.0,443.7,654.77,1.476,1/1/1/1,False
C-S5-PUN,K08,-50,200.0,0.62,1.74,2.806,13/13/13/13,True
C-S5-PUN,K08,5,210.0,1.51,4.99,3.305,9/9/9/9,False
C-S5-PUN,K08,10,220.0,1.51,4.99,3.305,9/9/9/9,False
C-S5-PUN,K08,20,240.0,10.36,64.08,6.185,1/1/1/1,False
C-S5-PUN,K08,30,260.0,10.36,64.08,6.185,1/1/1/1,False
C-S5-PUN,K08,40,280.0,10.36,64.08,6.185,1/1/1/1,False
C-S5-PUN,K08,50,300.0,10.36,64.08,6.185,1/1/1/1,False
