campaign_id,keyword_id,verdict,tier,live_bid,chosen_bid,step_pct,pred_spend_live,pred_rev_live,pred_spend_new,pred_rev_new,slots_live,slots_new,reason,delta_spend,delta_rev,marginal_droas
C-S1-DEL,K01,CLEARS,A,225.0,225.0,0,294.64,4727.59,294.64,4727.59,1/1/1/1,1/1/1/1,clears goal; no better option on the grid,0.0,0.0,
C-S1-DEL,K02,THIN,A,200.0,200.0,0,31.4,544.63,31.4,544.63,9/5/5/5,9/5/5/5,thin evidence — hold,0.0,0.0,
C-S1-DEL,K03,CLEARS,A,290.0,290.0,0,2083.07,7088.96,2083.07,7088.96,1/1/1/1,1/1/1/1,clears goal; no better option on the grid,0.0,0.0,
C-S1-DEL,K04,CLEARS,A,295.0,280.0,-5,519.82,2035.93,519.82,2035.93,1/1/1/1,1/1/1/1,lower: same revenue for less spend,0.0,0.0,
C-S1-DEL,K07,CLEARS,A,275.0,275.0,0,206.98,1038.58,206.98,1038.58,1/1/1/1,1/1/1/1,clears goal; no better option on the grid,0.0,0.0,
C-S1-DEL,K09,CLEARS,A,425.0,425.0,0,569.89,465.73,569.89,465.73,1/1/1/1,1/1/1/1,clears goal; no better option on the grid,0.0,0.0,
C-S1-MUM,K01,CLEARS,A,225.0,215.0,-5,227.27,3394.16,227.27,3394.16,1/1/1/1,1/1/1/1,lower: same revenue for less spend,0.0,0.0,
C-S1-MUM,K02,CLEARS,A,240.0,240.0,0,92.16,2137.39,92.16,2137.39,1/1/1/1,1/1/1/1,clears goal; no better option on the grid,0.0,0.0,
C-S1-MUM,K03,CLEARS,A,350.0,350.0,0,1228.96,3436.19,1228.96,3436.19,1/1/1/1,1/1/1/1,clears goal; no better option on the grid,0.0,0.0,
C-S1-MUM,K04,CLEARS,A,350.0,350.0,0,434.29,1518.34,434.29,1518.34,1/1/1/1,1/1/1/1,clears goal; no better option on the grid,0.0,0.0,
C-S1-MUM,K07,CLEARS,A,280.0,310.0,10,35.09,131.35,118.47,620.24,9/9/5/5,1/1/1/1,"raise: more revenue, still ≥ goal and ≥ marginal floor",83.38,488.89,5.863
C-S1-MUM,K09,CLEARS,A,550.0,550.0,0,877.87,585.79,877.87,585.79,1/1/1/1,1/1/1/1,clears goal; no better option on the grid,0.0,0.0,
C-S1-BLR,K01,CLEARS,A,225.0,225.0,0,167.81,2470.73,167.81,2470.73,1/1/1/1,1/1/1/1,clears goal; no better option on the grid,0.0,0.0,
C-S1-BLR,K02,CLEARS,A,240.0,230.0,-5,81.98,1550.44,81.98,1550.44,1/1/1/1,1/1/1/1,lower: same revenue for less spend,0.0,0.0,
C-S1-BLR,K03,MISSES,A,310.0,295.0,-5,1508.77,4680.28,1412.94,4347.55,1/1/1/1,5/1/1/1,cut: misses goal 3d → ladder allows 10% of spend,-95.83,-332.73,3.472
C-S1-BLR,K04,CLEARS,A,320.0,320.0,0,253.98,1052.83,253.98,1052.83,1/1/1/1,1/1/1/1,clears goal; no better option on the grid,0.0,0.0,
C-S1-BLR,K07,CLEARS,A,290.0,290.0,0,161.5,716.7,161.5,716.7,1/1/1/1,1/1/1/1,clears goal; no better option on the grid,0.0,0.0,
C-S1-BLR,K09,CLEARS,A,465.0,465.0,0,624.64,421.2,624.64,421.2,1/1/1/1,1/1/1/1,clears goal; no better option on the grid,0.0,0.0,
C-S1-HYD,K01,THIN,A,200.0,200.0,0,100.3,1841.9,100.3,1841.9,1/1/1/1,1/1/1/1,thin evidence — hold,0.0,0.0,
C-S1-HYD,K02,THIN,A,200.0,200.0,0,14.34,265.66,14.34,265.66,5/5/5/5,5/5/5/5,thin evidence — hold,0.0,0.0,
C-S1-HYD,K03,CLEARS,A,290.0,290.0,0,712.57,2197.8,712.57,2197.8,1/1/1/1,1/1/1/1,clears goal; no better option on the grid,0.0,0.0,
C-S1-HYD,K04,CLEARS,A,275.0,275.0,0,178.0,743.09,178.0,743.09,1/1/1/1,1/1/1/1,clears goal; no better option on the grid,0.0,0.0,
C-S1-HYD,K07,THIN,B,235.0,235.0,0,14.24,46.43,14.24,46.43,9/9/9/5,9/9/9/5,thin evidence — hold,0.0,0.0,
C-S1-HYD,K09,CLEARS,A,555.0,555.0,0,418.44,350.74,418.44,350.74,1/1/1/1,1/1/1/1,clears goal; no better option on the grid,0.0,0.0,
C-S1-PUN,K01,CLEARS,A,200.0,200.0,0,73.73,1319.21,73.73,1319.21,1/1/1/1,1/1/1/1,clears goal; no better option on the grid,0.0,0.0,
C-S1-PUN,K02,THIN,A,200.0,200.0,0,24.46,582.82,24.46,582.82,1/1/1/1,1/1/1/1,thin evidence — hold,0.0,0.0,
C-S1-PUN,K03,CLEARS,A,270.0,270.0,0,190.35,415.07,190.35,415.07,5/5/5/5,5/5/5/5,clears goal; no better option on the grid,0.0,0.0,
C-S1-PUN,K04,CLEARS,A,275.0,275.0,0,125.39,463.36,125.39,463.36,1/1/1/1,1/1/1/1,clears goal; no better option on the grid,0.0,0.0,
C-S1-PUN,K07,THIN,A,235.0,235.0,0,20.41,105.64,20.41,105.64,5/5/5/5,5/5/5/5,thin evidence — hold,0.0,0.0,
C-S1-PUN,K09,CLEARS,A,465.0,465.0,0,215.02,197.49,215.02,197.49,1/1/1/1,1/1/1/1,clears goal; no better option on the grid,0.0,0.0,
C-S2-DEL,K01,CLEARS,A,230.0,220.0,-5,317.76,7669.17,317.76,7669.17,1/1/1/1,1/1/1/1,lower: same revenue for less spend,0.0,0.0,
C-S2-DEL,K05,CLEARS,A,345.0,345.0,0,765.6,4805.39,765.6,4805.39,1/1/1/1,1/1/1/1,clears goal; no better option on the grid,0.0,0.0,
C-S2-DEL,K06,CLEARS,A,370.0,390.0,5,328.88,1290.8,353.83,1401.1,5/1/1/1,1/1/1/1,"raise: more revenue, still ≥ goal and ≥ marginal floor",24.95,110.3,4.421
C-S2-DEL,K10,CLEARS,A,470.0,470.0,0,420.44,769.63,420.44,769.63,1/1/1/1,1/1/1/1,clears goal; no better option on the grid,0.0,0.0,
C-S2-MUM,K01,CLEARS,A,225.0,225.0,0,232.26,5185.98,232.26,5185.98,1/1/1/1,1/1/1/1,clears goal; no better option on the grid,0.0,0.0,
C-S2-MUM,K05,CLEARS,A,380.0,380.0,0,526.23,3076.53,526.23,3076.53,1/1/1/1,1/1/1/1,clears goal; no better option on the grid,0.0,0.0,
C-S2-MUM,K06,CLEARS,B,375.0,375.0,0,24.54,38.45,24.54,38.45,13/9/9/9,13/9/9/9,clears goal; no better option on the grid,0.0,0.0,
C-S2-MUM,K10,CLEARS,A,490.0,490.0,0,327.21,430.82,327.21,430.82,1/1/1/1,1/1/1/1,clears goal; no better option on the grid,0.0,0.0,
C-S2-BLR,K01,CLEARS,A,220.0,220.0,0,204.15,3976.69,204.15,3976.69,1/1/1/1,1/1/1/1,clears goal; no better option on the grid,0.0,0.0,
C-S2-BLR,K05,CLEARS,A,375.0,355.0,-5,579.62,3482.42,579.62,3482.42,1/1/1/1,1/1/1/1,lower: same revenue for less spend,0.0,0.0,
C-S2-BLR,K06,CLEARS,A,350.0,420.0,20,29.1,59.26,212.13,812.9,13/9/9/9,1/1/1/1,"raise: more revenue, still ≥ goal and ≥ marginal floor",183.03,753.64,4.118
C-S2-BLR,K10,CLEARS,A,430.0,430.0,0,279.67,443.94,279.67,443.94,1/1/1/1,1/1/1/1,clears goal; no better option on the grid,0.0,0.0,
C-S2-HYD,K01,THIN,A,205.0,205.0,0,109.16,3089.38,109.16,3089.38,1/1/1/1,1/1/1/1,thin evidence — hold,0.0,0.0,
C-S2-HYD,K05,CLEARS,A,330.0,330.0,0,293.7,2224.11,293.7,2224.11,1/1/1/1,1/1/1/1,clears goal; no better option on the grid,0.0,0.0,
C-S2-HYD,K06,CLEARS,A,365.0,365.0,0,160.26,603.26,160.26,603.26,1/1/1/1,1/1/1/1,clears goal; no better option on the grid,0.0,0.0,
C-S2-HYD,K10,CLEARS,B,380.0,380.0,0,135.12,211.59,135.12,211.59,1/1/1/1,1/1/1/1,clears goal; no better option on the grid,0.0,0.0,
C-S2-PUN,K01,CLEARS,A,200.0,200.0,0,76.25,1847.99,76.25,1847.99,1/1/1/1,1/1/1/1,clears goal; no better option on the grid,0.0,0.0,
C-S2-PUN,K05,CLEARS,A,300.0,315.0,5,164.07,1226.26,176.35,1329.06,5/1/1/1,1/1/1/1,"raise: more revenue, still ≥ goal and ≥ marginal floor",12.28,102.8,8.371
C-S2-PUN,K06,THIN,B,320.0,320.0,0,12.95,29.01,12.95,29.01,9/9/9/9,9/9/9/9,thin evidence — hold,0.0,0.0,
C-S2-PUN,K10,CLEARS,C,395.0,395.0,0,92.59,121.06,92.59,121.06,1/1/1/1,1/1/1/1,clears goal but tier C (unproven) — hold,0.0,0.0,
C-S3-DEL,K01,THIN,A,210.0,210.0,0,72.51,787.21,72.51,787.21,1/5/5/5,1/5/5/5,thin evidence — hold,0.0,0.0,
C-S3-DEL,K02,CLEARS,A,215.0,215.0,0,116.56,2150.26,116.56,2150.26,1/1/1/1,1/1/1/1,clears goal; no better option on the grid,0.0,0.0,
C-S3-DEL,K03,MISSES,A,270.0,270.0,0,747.19,1738.47,747.19,1738.47,5/5/5/5,5/5/5/5,misses goal; streak 0d < 3 — patience ladder says wait,0.0,0.0,
C-S3-DEL,K04,CLEARS,A,295.0,295.0,0,512.84,1806.41,512.84,1806.41,1/1/1/1,1/1/1/1,clears goal; no better option on the grid,0.0,0.0,
C-S3-DEL,K09,MISSES,A,420.0,420.0,0,654.54,445.47,654.54,445.47,1/1/1/1,1/1/1/1,misses goal; streak 2d < 3 — patience ladder says wait,0.0,0.0,
C-S3-MUM,K01,MISSES,A,225.0,225.0,0,75.79,620.86,75.79,620.86,5/5/5/5,5/5/5/5,misses goal; streak 1d < 3 — patience ladder says wait,0.0,0.0,
C-S3-MUM,K02,CLEARS,A,250.0,250.0,0,85.25,1335.51,85.25,1335.51,1/1/1/1,1/1/1/1,clears goal; no better option on the grid,0.0,0.0,
C-S3-MUM,K03,CLEARS,A,345.0,345.0,0,1362.13,3290.17,1362.13,3290.17,1/1/1/1,1/1/1/1,clears goal; no better option on the grid,0.0,0.0,
C-S3-MUM,K04,MISSES,A,375.0,375.0,0,458.91,1624.79,458.91,1624.79,1/1/1/1,1/1/1/1,misses goal; streak 1d < 3 — patience ladder says wait,0.0,0.0,
C-S3-MUM,K09,MISSES,A,560.0,530.0,-5,909.47,602.64,909.47,602.64,1/1/1/1,1/1/1/1,cut: misses goal 8d; smallest bid step down,0.0,0.0,
C-S3-BLR,K01,MISSES,A,230.0,230.0,0,173.51,2006.37,173.51,2006.37,1/1/1/1,1/1/1/1,misses goal; streak 0d < 3 — patience ladder says wait,0.0,0.0,
C-S3-BLR,K02,THIN,A,240.0,240.0,0,61.87,957.14,61.87,957.14,1/1/1/1,1/1/1/1,thin evidence — hold,0.0,0.0,
C-S3-BLR,K03,MISSES,A,285.0,285.0,0,426.47,1047.88,426.47,1047.88,9/5/5/5,9/5/5/5,misses goal; streak 1d < 3 — patience ladder says wait,0.0,0.0,
C-S3-BLR,K04,CLEARS,A,330.0,330.0,0,256.6,775.47,256.6,775.47,1/1/1/1,1/1/1/1,clears goal; no better option on the grid,0.0,0.0,
C-S3-BLR,K09,CLEARS,A,525.0,525.0,0,638.47,436.44,638.47,436.44,1/1/1/1,1/1/1/1,clears goal; no better option on the grid,0.0,0.0,
C-S3-HYD,K01,THIN,B,200.0,200.0,0,60.79,887.25,60.79,887.25,1/1/1/1,1/1/1/1,thin evidence — hold,0.0,0.0,
C-S3-HYD,K02,THIN,A,235.0,235.0,0,48.33,960.14,48.33,960.14,1/1/1/1,1/1/1/1,thin evidence — hold,0.0,0.0,
C-S3-HYD,K03,CLEARS,A,300.0,285.0,-5,517.0,1493.75,517.0,1493.75,1/1/1/1,1/1/1/1,lower: same revenue for less spend,0.0,0.0,
C-S3-HYD,K04,THIN,B,225.0,225.0,0,6.9,10.42,6.9,10.42,13/13/13/13,13/13/13/13,thin evidence — hold,0.0,0.0,
C-S3-HYD,K09,CLEARS,B,440.0,440.0,0,338.1,264.36,338.1,264.36,1/1/1/1,1/1/1/1,clears goal; no better option on the grid,0.0,0.0,
C-S3-PUN,K01,THIN,A,200.0,200.0,0,71.91,1023.53,71.91,1023.53,1/1/1/1,1/1/1/1,thin evidence — hold,0.0,0.0,
C-S3-PUN,K02,THIN,A,220.0,220.0,0,32.35,572.49,32.35,572.49,1/1/1/1,1/1/1/1,thin evidence — hold,0.0,0.0,
C-S3-PUN,K03,MISSES,A,335.0,335.0,0,613.49,1834.03,613.49,1834.03,1/1/1/1,1/1/1/1,misses goal; streak 0d < 3 — patience ladder says wait,0.0,0.0,
C-S3-PUN,K04,CLEARS,A,240.0,240.0,0,14.95,28.45,14.95,28.45,9/9/9/9,9/9/9/9,clears goal; no better option on the grid,0.0,0.0,
C-S3-PUN,K09,CLEARS,B,410.0,410.0,0,185.46,154.61,185.46,154.61,1/1/1/1,1/1/1/1,clears goal; no better option on the grid,0.0,0.0,
C-S4-DEL,K01,CLEARS,A,230.0,220.0,-5,349.21,10620.86,349.21,10620.86,1/1/1/1,1/1/1/1,lower: same revenue for less spend,0.0,0.0,
C-S4-DEL,K05,CLEARS,A,340.0,340.0,0,817.53,6105.02,817.53,6105.02,1/1/1/1,1/1/1/1,clears goal; no better option on the grid,0.0,0.0,
C-S4-DEL,K06,CLEARS,A,390.0,390.0,0,358.67,3075.43,358.67,3075.43,1/1/1/1,1/1/1/1,clears goal; no better option on the grid,0.0,0.0,
C-S4-DEL,K10,CLEARS,A,425.0,425.0,0,439.92,892.43,439.92,892.43,1/1/1/1,1/1/1/1,clears goal; no better option on the grid,0.0,0.0,
C-S4-MUM,K01,CLEARS,A,230.0,230.0,0,204.25,5105.8,204.25,5105.8,1/1/1/1,1/1/1/1,clears goal; no better option on the grid,0.0,0.0,
C-S4-MUM,K05,CLEARS,A,390.0,390.0,0,515.77,3602.27,515.77,3602.27,1/1/1/1,1/1/1/1,clears goal; no better option on the grid,0.0,0.0,
C-S4-MUM,K06,CLEARS,A,420.0,440.0,5,220.9,1927.19,237.86,2092.81,5/1/1/1,1/1/1/1,"raise: more revenue, still ≥ goal and ≥ marginal floor",16.96,165.62,9.765
C-S4-MUM,K10,CLEARS,B,470.0,470.0,0,312.27,454.47,312.27,454.47,1/1/1/1,1/1/1/1,clears goal; no better option on the grid,0.0,0.0,
C-S4-BLR,K01,CLEARS,A,225.0,225.0,0,170.69,4525.38,170.69,4525.38,1/1/1/1,1/1/1/1,clears goal; no better option on the grid,0.0,0.0,
C-S4-BLR,K05,CLEARS,A,375.0,375.0,0,556.24,3564.96,556.24,3564.96,1/1/1/1,1/1/1/1,clears goal; no better option on the grid,0.0,0.0,
C-S4-BLR,K06,CLEARS,A,400.0,400.0,0,282.76,2837.38,282.76,2837.38,1/1/1/1,1/1/1/1,clears goal; no better option on the grid,0.0,0.0,
C-S4-BLR,K10,CLEARS,B,450.0,450.0,0,277.75,441.35,277.75,441.35,1/1/1/1,1/1/1/1,clears goal; no better option on the grid,0.0,0.0,
C-S4-HYD,K01,THIN,A,200.0,200.0,0,104.67,3536.97,104.67,3536.97,1/1/1/1,1/1/1/1,thin evidence — hold,0.0,0.0,
C-S4-HYD,K05,CLEARS,A,335.0,335.0,0,303.71,2499.75,303.71,2499.75,1/1/1/1,1/1/1/1,clears goal; no better option on the grid,0.0,0.0,
C-S4-HYD,K06,CLEARS,A,360.0,380.0,5,158.28,1384.06,168.64,1488.02,5/1/1/1,1/1/1/1,"raise: more revenue, still ≥ goal and ≥ marginal floor",10.36,103.96,10.035
C-S4-HYD,K10,CLEARS,C,350.0,350.0,0,18.65,17.95,18.65,17.95,9/9/9/9,9/9/9/9,clears goal but tier C (unproven) — hold,0.0,0.0,
C-S4-PUN,K01,THIN,A,200.0,200.0,0,57.03,1842.28,57.03,1842.28,1/1/1/1,1/1/1/1,thin evidence — hold,0.0,0.0,
C-S4-PUN,K05,THIN,B,250.0,250.0,0,5.92,23.09,5.92,23.09,13/13/13/13,13/13/13/13,thin evidence — hold,0.0,0.0,
C-S4-PUN,K06,CLEARS,A,360.0,360.0,0,89.31,877.91,89.31,877.91,1/1/1/1,1/1/1/1,clears goal; no better option on the grid,0.0,0.0,
C-S4-PUN,K10,THIN,C,340.0,340.0,0,9.07,8.72,9.07,8.72,9/9/9/9,9/9/9/9,thin evidence — hold,0.0,0.0,
C-S5-DEL,K01,MISSES,A,220.0,210.0,-5,249.17,2035.07,209.8,1684.8,1/1/1/1,1/1/1/5,cut: misses goal 4d; smallest bid step down,-39.37,-350.27,8.897
C-S5-DEL,K03,MISSES,A,240.0,215.0,-10,115.86,93.65,37.43,26.65,13/9/9/13,–/13/13/–,cut: misses goal 10d → ladder allows 50% of spend,-78.43,-67.0,0.854
C-S5-DEL,K08,CLEARS,A,270.0,270.0,0,64.5,343.02,64.5,343.02,1/1/1/1,1/1/1/1,clears goal; no better option on the grid,0.0,0.0,
C-S5-MUM,K01,THIN,A,220.0,220.0,0,51.4,319.01,51.4,319.01,5/5/5/5,5/5/5/5,thin evidence — hold,0.0,0.0,
C-S5-MUM,K03,MISSES,A,330.0,315.0,-5,1208.73,1794.12,546.12,623.69,1/5/1/1,5/5/5/5,cut: misses goal 28d; smallest bid step down,-662.61,-1170.43,1.766
C-S5-MUM,K08,CLEARS,A,310.0,310.0,0,64.2,347.62,64.2,347.62,1/1/1/1,1/1/1/1,clears goal; no better option on the grid,0.0,0.0,
C-S5-BLR,K01,MISSES,A,220.0,210.0,-5,59.72,358.02,39.28,214.67,5/5/5/5,5/9/9/5,cut: misses goal 4d; smallest bid step down,-20.44,-143.35,7.013
C-S5-BLR,K03,MISSES,A,275.0,260.0,-5,166.03,150.01,155.63,140.0,9/9/9/9,13/9/9/9,cut: misses goal 28d → ladder allows 50% of spend,-10.4,-10.01,0.962
C-S5-BLR,K08,THIN,A,265.0,265.0,0,20.95,78.21,20.95,78.21,5/5/5/5,5/5/5/5,thin evidence — hold,0.0,0.0,
C-S5-HYD,K01,CLEARS,A,225.0,200.0,-50,126.24,1183.91,126.24,1183.91,1/1/1/1,1/1/1/1,lower: same revenue for less spend,0.0,0.0,
C-S5-HYD,K03,MISSES,A,250.0,250.0,0,128.02,138.74,128.02,138.74,9/9/9/5,9/9/9/5,misses goal; streak 2d < 3 — patience ladder says wait,0.0,0.0,
C-S5-HYD,K08,THIN,B,230.0,230.0,0,8.64,34.44,8.64,34.44,9/5/5/5,9/5/5/5,thin evidence — hold,0.0,0.0,
C-S5-PUN,K01,THIN,B,200.0,200.0,0,38.18,331.74,38.18,331.74,1/1/1/1,1/1/1/1,thin evidence — hold,0.0,0.0,
C-S5-PUN,K03,MISSES,A,240.0,240.0,0,51.79,40.72,51.79,40.72,13/9/9/9,13/9/9/9,misses goal; streak 1d < 3 — patience ladder says wait,0.0,0.0,
C-S5-PUN,K08,THIN,C,200.0,200.0,0,0.61,1.48,0.61,1.48,13/13/13/13,13/13/13/13,thin evidence — hold,0.0,0.0,
