seed,run,campaign_id,keyword_id,action_type,method,current,new,pred_dspend,pred_drev,true_dspend,true_drev,true_dofftake,true_dorders
7,1,C-S4-DEL,K05,increase_cpm,M_Reprice,345.0,360.0,55.59,531.92,322.5500000000029,1696.0,848.0,4.0
7,1,C-S4-MUM,K05,increase_cpm,M_Reprice,355.0,390.0,209.21,1577.54,555.6000000000058,3816.0,2120.0,9.0
7,1,C-S3-MUM,K09,reduce_cpm,M_Base,590.0,560.0,0.0,0.0,-453.1800000000221,23.0,23.0,0.0
7,1,C-S3-BLR,K03,reduce_cpm,M_Base,330.0,315.0,-828.96,-2357.19,197.04000000000815,-344.0,-871.0,-2.0
7,1,C-S5-DEL,K03,reduce_cpm,M_Base,300.0,285.0,-407.85,-853.59,-35.30999999999767,26.0,-27.0,5.0
7,1,C-S5-MUM,K03,reduce_cpm,M_Base,410.0,390.0,0.0,0.0,-837.3699999999953,-538.0,-355.0,-5.0
7,1,C-S5-BLR,K03,reduce_cpm,M_Base,335.0,320.0,-322.69,-486.29,-53.50000000001455,229.0,126.0,2.0
7,2,C-S4-BLR,K05,increase_cpm,M_Reprice,340.0,375.0,288.16,1952.44,483.35999999998603,3392.0,2544.0,8.0
7,2,C-S3-DEL,K03,reduce_cpm,M_Base,315.0,300.0,0.0,0.0,-2127.5899999999965,-6315.0,-2888.0,-43.0
7,2,C-S3-BLR,K03,reduce_cpm,M_Base,315.0,300.0,-208.29,-460.07,286.85999999998603,424.0,-149.0,3.0
7,2,C-S3-PUN,K03,reduce_cpm,M_Base,355.0,335.0,0.0,0.0,-361.55000000001746,-1536.0,-470.0,-10.0
7,2,C-S5-DEL,K03,reduce_cpm,M_Base,285.0,270.0,-248.3,-361.26,-0.35000000000582077,1386.0,252.0,11.0
7,2,C-S5-MUM,K03,reduce_cpm,M_Base,390.0,370.0,0.0,0.0,-826.6200000000244,-274.0,-114.0,-4.0
7,2,C-S5-BLR,K03,reduce_cpm,M_Base,320.0,305.0,-594.93,-838.67,-20.779999999998836,928.0,378.0,7.0
7,2,C-S5-HYD,K03,reduce_cpm,M_Base,280.0,265.0,-405.15,-856.64,-342.2600000000093,-756.0,-378.0,-6.0
7,2,C-S5-PUN,K03,reduce_cpm,M_Base,270.0,255.0,-94.43,-123.54,-170.96000000002095,-504.0,-126.0,-4.0
7,3,C-S4-HYD,K05,increase_cpm,M_Reprice,305.0,320.0,20.77,199.67,176.9199999999837,1272.0,1272.0,3.0
7,3,C-S2-MUM,,increase_budget,M_Budget,400.0,600.0,200.0,1876.48,1225.1399999999849,6384.0,3616.0,24.0
7,3,C-S1-BLR,K04,reduce_cpm,M_Base,320.0,305.0,-117.99,-440.93,1.0199999999895226,0.0,0.0,0.0
7,3,C-S1-PUN,K03,reduce_cpm,M_Base,285.0,270.0,-293.34,-875.61,-103.81000000001222,424.0,126.0,3.0
7,3,C-S3-DEL,K03,reduce_cpm,M_Base,300.0,285.0,-150.69,-531.47,-1167.8999999999942,-3702.0,-1639.0,-25.0
7,3,C-S3-BLR,K03,reduce_cpm,M_Base,300.0,285.0,-269.79,-661.03,396.25999999999476,630.0,57.0,5.0
7,3,C-S5-DEL,K01,reduce_cpm,M_Base,245.0,235.0,0.0,0.0,668.609999999986,15339.0,1685.0,32.0
7,3,C-S5-DEL,K03,reduce_cpm,M_Base,270.0,255.0,-153.54,-179.09,-43.470000000001164,756.0,252.0,6.0
7,3,C-S5-MUM,K03,reduce_cpm,M_Base,370.0,350.0,0.0,0.0,-810.7000000000116,-400.0,-710.0,-5.0
7,3,C-S5-BLR,K03,reduce_cpm,M_Base,305.0,290.0,-228.92,-276.97,-360.31999999999243,447.0,722.0,3.0
7,3,C-S5-PUN,K03,reduce_cpm,M_Base,255.0,240.0,-36.82,-29.04,-162.51999999998952,-126.0,0.0,-1.0
7,4,C-S2-MUM,,increase_budget,M_Budget,600.0,900.0,257.1,2594.51,0.0,0.0,0.0,0.0
7,4,C-S3-DEL,K03,reduce_cpm,M_Base,285.0,270.0,-1136.32,-3930.05,-1033.0100000000239,-3278.0,-1490.0,-22.0
7,4,C-S3-BLR,K03,reduce_cpm,M_Base,285.0,270.0,-11.96,-20.84,233.8700000000099,34.0,-218.0,1.0
7,4,C-S5-DEL,K01,reduce_cpm,M_Base,235.0,225.0,-58.47,-596.3,-148.0400000000227,12.0,-298.0,-1.0
7,4,C-S5-DEL,K03,reduce_cpm,M_Base,255.0,230.0,-80.72,-77.32,-749.5500000000029,-882.0,-378.0,-7.0
7,4,C-S5-MUM,K03,reduce_cpm,M_Base,350.0,330.0,-656.46,-1140.81,-834.2300000000105,599.0,460.0,-2.0
7,4,C-S5-BLR,K03,reduce_cpm,M_Base,290.0,275.0,-275.37,-370.31,-422.4499999999971,-103.0,-126.0,-1.0
7,4,C-S5-HYD,K01,reduce_cpm,M_Base,235.0,225.0,0.0,0.0,-27.369999999995343,2845.0,432.0,2.0
7,4,C-S5-HYD,K03,reduce_cpm,M_Base,265.0,250.0,-141.73,-231.83,-283.3399999999965,-57.0,46.0,-1.0
7,5,C-S4-MUM,K06,increase_cpm,M_Reprice,420.0,440.0,16.96,167.17,97.44999999998254,424.0,424.0,1.0
7,5,C-S1-DEL,,increase_budget,M_Budget,900.0,1350.0,450.0,2103.84,2880.789999999979,8934.0,4209.0,49.0
7,5,C-S5-DEL,K03,reduce_cpm,M_Base,230.0,205.0,-47.88,-34.77,-724.1999999999971,-1260.0,-882.0,-10.0
7,5,C-S5-MUM,K03,reduce_cpm,M_Base,330.0,315.0,-661.67,-1172.61,-569.1900000000023,-378.0,-126.0,-3.0
7,5,C-S5-BLR,K03,reduce_cpm,M_Base,275.0,260.0,-107.48,-148.71,-802.2700000000186,-905.0,-378.0,-7.0
7,5,C-S5-HYD,K01,reduce_cpm,M_Base,225.0,215.0,0.0,0.0,-18.64000000001397,46.0,0.0,-2.0
7,6,C-S4-MUM,K05,increase_cpm,M_Reprice,390.0,410.0,36.66,289.4,218.81999999997788,1428.0,714.0,2.0
7,6,C-S3-BLR,,increase_budget,M_Budget,1050.0,1575.0,447.72,2173.42,776.3299999999872,1937.0,596.0,13.0
7,6,C-S1-DEL,,increase_budget,M_Budget,1350.0,2025.0,675.0,2939.62,4075.5500000000175,13922.0,6399.0,78.0
7,6,C-S1-BLR,,increase_budget,M_Budget,1100.0,1650.0,550.0,2264.26,2856.779999999999,10463.0,4136.0,67.0
7,6,C-S1-PUN,K03,increase_cpm,M_Reprice,270.0,285.0,253.74,966.66,240.10000000000582,1032.0,344.0,6.0
7,6,C-S1-DEL,K04,increase_cpm,M_Reprice,295.0,325.0,96.47,361.54,-623.3299999999872,-3094.0,-286.0,-22.0
7,6,C-S1-DEL,K03,increase_cpm,M_Reprice,305.0,320.0,265.56,919.05,56.23000000001048,-1387.0,-791.0,-9.0
7,6,C-S1-HYD,,increase_budget,M_Budget,1150.0,1725.0,328.32,986.07,700.25,2752.0,688.0,16.0
7,6,C-S1-PUN,,increase_budget,M_Budget,500.0,750.0,149.39,413.58,424.9900000000198,2408.0,688.0,14.0
7,6,C-S3-HYD,,increase_budget,M_Budget,400.0,600.0,85.8,250.69,106.54000000000815,298.0,149.0,2.0
7,6,C-S1-BLR,K03,reduce_cpm,M_Base,340.0,325.0,0.0,0.0,-389.3999999999942,34.0,-459.0,1.0
7,6,C-S3-MUM,K04,reduce_cpm,M_Base,375.0,355.0,0.0,0.0,-460.0699999999779,-1099.0,230.0,-10.0
7,6,C-S3-BLR,K03,reduce_cpm,M_Base,270.0,255.0,-10.25,-18.86,-625.5199999999895,-1937.0,-1043.0,-13.0
7,6,C-S5-MUM,K03,reduce_cpm,M_Base,315.0,300.0,-213.65,-286.64,-510.1499999999942,-378.0,-126.0,-3.0
7,6,C-S5-BLR,K03,reduce_cpm,M_Base,260.0,245.0,-51.92,-50.87,-515.9100000000035,-538.0,-458.0,-5.0
7,6,C-S5-HYD,K01,reduce_cpm,M_Base,215.0,205.0,-78.46,-787.98,-17.789999999979045,1708.0,298.0,-3.0
7,6,C-S5-HYD,K03,reduce_cpm,M_Base,250.0,240.0,-6.06,-5.31,-202.73000000001048,-378.0,-126.0,-3.0
11,1,C-S4-HYD,K06,increase_cpm,M_Reprice,335.0,370.0,87.05,934.59,148.39999999999418,1272.0,1272.0,3.0
11,1,C-S4-BLR,K06,increase_cpm,M_Reprice,375.0,450.0,157.44,1566.74,-36.070000000006985,-2865.0,-982.0,-4.0
11,1,C-S1-DEL,K09,reduce_cpm,M_Base,540.0,515.0,0.0,0.0,27.619999999995343,-288.0,-907.0,1.0
11,1,C-S1-MUM,K03,reduce_cpm,M_Base,390.0,370.0,0.0,0.0,345.2400000000198,1295.0,424.0,9.0
11,1,C-S1-MUM,K09,reduce_cpm,M_Base,615.0,585.0,0.0,0.0,3.3100000000267755,344.0,172.0,2.0
11,1,C-S1-HYD,K09,reduce_cpm,M_Base,520.0,495.0,0.0,0.0,-134.1600000000035,-344.0,-344.0,-2.0
11,1,C-S2-BLR,K01,reduce_cpm,M_Base,240.0,230.0,-69.56,-1289.32,-56.44999999998254,-107.0,0.0,4.0
11,1,C-S3-DEL,K09,reduce_cpm,M_Base,560.0,530.0,0.0,0.0,-529.8800000000047,-894.0,-447.0,-6.0
11,1,C-S3-MUM,K03,reduce_cpm,M_Base,370.0,350.0,-1094.93,-3034.47,-878.429999999993,-3875.0,-1926.0,-24.0
11,1,C-S3-MUM,K09,reduce_cpm,M_Base,675.0,640.0,0.0,0.0,-458.4999999999709,-1307.0,-791.0,-8.0
11,1,C-S3-BLR,K03,reduce_cpm,M_Base,370.0,350.0,0.0,0.0,-2781.9800000000105,-8390.0,-3909.0,-58.0
11,1,C-S5-DEL,K03,reduce_cpm,M_Base,280.0,265.0,-686.77,-1149.13,-382.9100000000035,-378.0,-126.0,-3.0
11,1,C-S5-MUM,K01,reduce_cpm,M_Base,270.0,255.0,0.0,0.0,-100.00999999998021,0.0,0.0,0.0
11,1,C-S5-MUM,K03,reduce_cpm,M_Base,385.0,365.0,0.0,0.0,-2374.889999999985,-3940.0,-1912.0,-32.0
11,1,C-S5-BLR,K01,reduce_cpm,M_Base,260.0,245.0,0.0,0.0,22.95999999999185,879.0,0.0,4.0
11,1,C-S5-BLR,K03,reduce_cpm,M_Base,380.0,360.0,0.0,0.0,-6.649999999994179,-150.0,80.0,3.0
11,1,C-S5-HYD,K03,reduce_cpm,M_Base,285.0,270.0,-423.01,-816.6,-347.13000000000466,0.0,0.0,0.0
11,2,C-S4-DEL,K05,increase_cpm,M_Reprice,305.0,335.0,207.67,1731.48,592.0299999999988,3392.0,2120.0,8.0
11,2,C-S4-HYD,K05,increase_cpm,M_Reprice,315.0,330.0,17.43,140.28,149.42999999999302,859.0,1138.0,1.0
11,2,C-S1-DEL,K04,reduce_cpm,M_Base,255.0,240.0,-24.53,-53.97,-241.07000000000698,-516.0,-344.0,-3.0
11,2,C-S1-DEL,K09,reduce_cpm,M_Base,515.0,490.0,0.0,0.0,-437.5,-688.0,-688.0,-4.0
11,2,C-S1-MUM,K03,reduce_cpm,M_Base,370.0,350.0,0.0,0.0,192.22000000000116,3072.0,1020.0,20.0
11,2,C-S1-MUM,K09,reduce_cpm,M_Base,585.0,555.0,0.0,0.0,-52.60999999998603,1548.0,344.0,9.0
11,2,C-S2-BLR,K01,reduce_cpm,M_Base,230.0,220.0,-26.27,-416.81,-31.79000000000815,-837.0,0.0,-3.0
11,2,C-S3-DEL,K01,reduce_cpm,M_Base,205.0,200.0,-183.96,-2200.92,-187.22000000000116,589.0,0.0,-2.0
11,2,C-S3-MUM,K03,reduce_cpm,M_Base,350.0,330.0,-411.61,-937.62,-854.3699999999953,-2637.0,-1433.0,-16.0
11,2,C-S3-MUM,K09,reduce_cpm,M_Base,640.0,610.0,0.0,0.0,-482.29999999998836,-126.0,46.0,-1.0
11,2,C-S3-BLR,K03,reduce_cpm,M_Base,350.0,330.0,-777.1,-2326.73,-1200.7799999999988,-3852.0,-1502.0,-24.0
11,2,C-S3-BLR,K09,reduce_cpm,M_Base,545.0,520.0,0.0,0.0,-488.9100000000035,-275.0,-275.0,-2.0
11,2,C-S3-HYD,K03,reduce_cpm,M_Base,290.0,275.0,-347.06,-1181.53,-427.88999999998487,-1937.0,-894.0,-13.0
11,2,C-S3-PUN,K03,reduce_cpm,M_Base,280.0,265.0,-294.67,-887.34,-232.28999999997905,-172.0,-298.0,-1.0
11,2,C-S5-MUM,K03,reduce_cpm,M_Base,365.0,345.0,-1114.66,-1743.45,-1413.1199999999953,463.0,587.0,-6.0
11,2,C-S5-BLR,K01,reduce_cpm,M_Base,245.0,235.0,-79.52,-656.31,-123.09000000002561,-427.0,-126.0,-4.0
11,2,C-S5-BLR,K03,reduce_cpm,M_Base,360.0,340.0,0.0,0.0,-377.6699999999837,970.0,585.0,10.0
11,2,C-S5-HYD,K03,reduce_cpm,M_Base,270.0,255.0,-151.04,-218.32,-348.79999999998836,-504.0,-252.0,-4.0
11,2,C-S5-PUN,K03,reduce_cpm,M_Base,280.0,265.0,-179.23,-298.01,-212.89000000001397,161.0,69.0,0.0
11,3,C-S4-MUM,K06,increase_cpm,M_Reprice,405.0,485.0,263.71,2064.4,-3.2599999999947613,-1261.0,714.0,-4.0
11,3,C-S1-DEL,K04,reduce_cpm,M_Base,240.0,215.0,-13.12,-27.18,-319.3199999999779,-860.0,-172.0,-5.0
11,3,C-S1-DEL,K09,reduce_cpm,M_Base,490.0,465.0,0.0,0.0,-451.6399999999994,-344.0,-172.0,-2.0
11,3,C-S1-MUM,K09,reduce_cpm,M_Base,555.0,525.0,-350.57,-299.71,-187.14999999999418,688.0,0.0,4.0
11,3,C-S3-DEL,K09,reduce_cpm,M_Base,530.0,505.0,0.0,0.0,-533.9499999999971,-401.0,-80.0,-3.0
11,3,C-S3-MUM,K09,reduce_cpm,M_Base,610.0,580.0,0.0,0.0,-464.47000000000116,-917.0,-596.0,-6.0
11,3,C-S3-BLR,K03,reduce_cpm,M_Base,330.0,315.0,-653.15,-1738.5,-675.6600000000035,-2522.0,-1261.0,-16.0
11,3,C-S3-BLR,K09,reduce_cpm,M_Base,520.0,495.0,0.0,0.0,-501.1600000000035,-321.0,-321.0,-2.0
11,3,C-S3-HYD,K03,reduce_cpm,M_Base,275.0,260.0,-454.06,-1509.6,-386.820000000007,-894.0,-298.0,-6.0
11,3,C-S5-DEL,K03,reduce_cpm,M_Base,265.0,250.0,-238.11,-321.64,-647.8800000000047,-1008.0,-252.0,-8.0
11,3,C-S5-MUM,K03,reduce_cpm,M_Base,345.0,330.0,-909.32,-1472.92,-600.25,-423.0,12.0,-5.0
11,3,C-S5-BLR,K03,reduce_cpm,M_Base,340.0,325.0,0.0,0.0,-634.5999999999913,344.0,195.0,2.0
11,3,C-S5-HYD,K03,reduce_cpm,M_Base,255.0,240.0,-6.77,-5.98,-301.9799999999959,-378.0,-252.0,-3.0
11,3,C-S5-PUN,K03,reduce_cpm,M_Base,265.0,250.0,-90.88,-112.94,-184.9199999999837,-126.0,0.0,-1.0
11,4,C-S2-DEL,K01,increase_cpm,M_Reprice,200.0,210.0,149.28,3250.71,-29.830000000001746,-145.0,-149.0,-2.0
11,4,C-S4-DEL,K05,increase_cpm,M_Reprice,335.0,350.0,36.82,312.8,299.2899999999936,424.0,424.0,1.0
11,4,C-S2-MUM,,increase_budget,M_Budget,400.0,600.0,200.0,1313.91,614.6199999999808,3906.0,2232.0,14.0
11,4,C-S4-MUM,,increase_budget,M_Budget,500.0,750.0,250.0,2300.28,994.2900000000081,9752.0,2968.0,23.0
11,4,C-S1-DEL,K04,reduce_cpm,M_Base,215.0,205.0,-18.64,-31.27,-94.6299999999901,-516.0,-344.0,-3.0
11,4,C-S1-DEL,K09,reduce_cpm,M_Base,465.0,440.0,-668.44,-739.64,-535.3399999999965,-344.0,-172.0,-2.0
11,4,C-S1-MUM,K03,reduce_cpm,M_Base,350.0,330.0,0.0,0.0,-722.570000000007,-1193.0,-264.0,-6.0
11,4,C-S1-MUM,K09,reduce_cpm,M_Base,525.0,500.0,-546.58,-489.27,-367.54999999998836,-172.0,0.0,-1.0
11,4,C-S1-BLR,K04,reduce_cpm,M_Base,325.0,310.0,-33.17,-87.3,0.4899999999906868,172.0,172.0,1.0
11,4,C-S3-DEL,K09,reduce_cpm,M_Base,505.0,480.0,0.0,0.0,-648.8600000000006,688.0,516.0,4.0
11,4,C-S3-MUM,K03,reduce_cpm,M_Base,330.0,315.0,-349.08,-765.76,-615.679999999993,-1066.0,-470.0,-7.0
11,4,C-S3-MUM,K09,reduce_cpm,M_Base,580.0,550.0,0.0,0.0,-505.38000000000466,-252.0,-103.0,-2.0
11,4,C-S3-BLR,K03,reduce_cpm,M_Base,315.0,300.0,-552.81,-1496.42,-658.4400000000023,-2190.0,-1307.0,-13.0
11,4,C-S5-MUM,K01,reduce_cpm,M_Base,255.0,240.0,-86.87,-633.32,-26.370000000009895,3208.0,333.0,7.0
11,4,C-S5-MUM,K03,reduce_cpm,M_Base,330.0,315.0,-244.99,-286.51,-573.3399999999965,81.0,12.0,-1.0
11,4,C-S5-BLR,K01,reduce_cpm,M_Base,235.0,225.0,-44.73,-375.23,-38.94000000000233,558.0,0.0,2.0
11,4,C-S5-BLR,K03,reduce_cpm,M_Base,325.0,310.0,-669.01,-1027.48,-706.570000000007,-527.0,-126.0,-4.0
11,4,C-S5-HYD,K03,reduce_cpm,M_Base,240.0,215.0,-49.59,-44.04,-388.179999999993,-378.0,0.0,-3.0
11,5,C-S2-DEL,,increase_budget,M_Budget,650.0,975.0,325.0,2858.6,1636.1000000000058,8211.0,5015.0,28.0
11,5,C-S2-HYD,K05,increase_cpm,M_Reprice,315.0,330.0,50.51,408.9,144.4100000000035,101.0,-301.0,4.0
11,5,C-S4-MUM,K05,increase_cpm,M_Reprice,395.0,415.0,84.4,629.23,302.38000000000466,1696.0,848.0,4.0
11,5,C-S2-MUM,K05,increase_cpm,M_Reprice,390.0,430.0,79.34,385.91,604.109999999986,1663.0,971.0,7.0
11,5,C-S1-MUM,K04,increase_cpm,M_Reprice,325.0,360.0,256.75,1077.65,487.4199999999837,1032.0,688.0,6.0
11,5,C-S1-BLR,,increase_budget,M_Budget,850.0,1275.0,425.0,1881.16,2413.2599999999948,6713.0,3104.0,40.0
11,5,C-S1-MUM,K03,reduce_cpm,M_Base,330.0,315.0,-124.59,-433.45,-811.0400000000081,-1640.0,-734.0,-9.0
11,5,C-S1-MUM,K09,reduce_cpm,M_Base,500.0,475.0,-511.58,-457.76,-376.2699999999895,-516.0,-344.0,-3.0
11,5,C-S1-BLR,K04,reduce_cpm,M_Base,310.0,295.0,-58.18,-139.88,-0.08000000000174623,172.0,0.0,1.0
11,5,C-S2-BLR,K01,reduce_cpm,M_Base,220.0,210.0,-60.71,-1136.88,-30.130000000004657,-279.0,0.0,-1.0
11,5,C-S3-DEL,K09,reduce_cpm,M_Base,480.0,455.0,0.0,0.0,-629.3299999999872,-573.0,-573.0,-4.0
11,5,C-S3-MUM,K09,reduce_cpm,M_Base,550.0,520.0,0.0,0.0,-502.2699999999895,367.0,367.0,2.0
11,5,C-S3-BLR,K03,reduce_cpm,M_Base,300.0,285.0,-129.97,-295.11,-710.2000000000116,-3542.0,-1708.0,-23.0
11,5,C-S5-MUM,K01,reduce_cpm,M_Base,240.0,215.0,-56.4,-352.63,-39.98999999999069,356.0,0.0,1.0
11,5,C-S5-MUM,K03,reduce_cpm,M_Base,315.0,300.0,-275.36,-358.78,-624.5299999999988,-1008.0,-378.0,-8.0
11,5,C-S5-BLR,K03,reduce_cpm,M_Base,310.0,295.0,-571.02,-929.8,-608.1199999999953,-481.0,-103.0,-4.0
11,5,C-S5-HYD,K03,reduce_cpm,M_Base,215.0,205.0,0.0,0.0,-130.6600000000035,-252.0,-126.0,-2.0
11,6,C-S2-DEL,,increase_budget,M_Budget,975.0,1462.5,278.36,2706.07,338.15000000000873,1674.0,279.0,6.0
11,6,C-S2-MUM,,increase_budget,M_Budget,600.0,900.0,171.3,1233.42,8.810000000012224,0.0,0.0,0.0
11,6,C-S4-BLR,K05,increase_cpm,M_Reprice,345.0,415.0,432.65,2680.65,-428.59999999999127,-8168.0,-3611.0,-16.0
11,6,C-S4-BLR,,increase_budget,M_Budget,400.0,600.0,200.0,1285.75,1127.5100000000239,6752.0,1302.0,8.0
11,6,C-S1-BLR,,increase_budget,M_Budget,1275.0,1912.5,637.5,2358.99,3691.730000000025,13573.0,5504.0,79.0
11,6,C-S1-DEL,K09,reduce_cpm,M_Base,440.0,420.0,-384.59,-462.0,-448.0399999999936,-769.0,-723.0,-3.0
11,6,C-S2-MUM,K01,reduce_cpm,M_Base,245.0,235.0,-144.76,-2395.07,-83.65999999997439,-4155.0,-795.0,-7.0
11,6,C-S2-BLR,K01,reduce_cpm,M_Base,210.0,200.0,-40.33,-892.78,-25.579999999987194,-279.0,-279.0,-1.0
11,6,C-S3-DEL,K09,reduce_cpm,M_Base,455.0,430.0,0.0,0.0,-680.6899999999878,-894.0,-894.0,-6.0
11,6,C-S3-MUM,K03,reduce_cpm,M_Base,315.0,300.0,-512.52,-1434.17,-687.1199999999808,-1341.0,-894.0,-9.0
11,6,C-S3-MUM,K09,reduce_cpm,M_Base,520.0,495.0,0.0,0.0,-457.179999999993,0.0,0.0,0.0
11,6,C-S3-BLR,K03,reduce_cpm,M_Base,285.0,270.0,-120.8,-284.68,-568.8999999999651,-1559.0,-768.0,-10.0
11,6,C-S3-BLR,K09,reduce_cpm,M_Base,495.0,470.0,0.0,0.0,-477.63999999998487,-470.0,-321.0,-3.0
11,6,C-S3-HYD,K03,reduce_cpm,M_Base,260.0,245.0,-141.12,-380.52,-408.7799999999843,-1043.0,-447.0,-7.0
11,6,C-S3-PUN,K03,reduce_cpm,M_Base,265.0,250.0,-201.82,-696.92,-242.47999999998137,-321.0,-321.0,-2.0
11,6,C-S5-DEL,K03,reduce_cpm,M_Base,250.0,240.0,-209.82,-324.6,-429.85999999998603,-1008.0,-630.0,-8.0
11,6,C-S5-BLR,K03,reduce_cpm,M_Base,295.0,280.0,-493.19,-708.01,-632.7399999999907,-607.0,-378.0,-5.0
11,6,C-S5-HYD,K03,reduce_cpm,M_Base,205.0,200.0,-21.84,-13.06,-59.399999999965075,-126.0,-126.0,-1.0
23,1,C-S4-DEL,,increase_budget,M_Budget,500.0,750.0,107.25,1379.2,93.16000000000349,424.0,424.0,1.0
23,1,C-S4-PUN,K05,increase_cpm,M_Reprice,280.0,335.0,131.87,1087.42,405.7299999999814,3559.0,2555.0,6.0
23,1,C-S1-MUM,K09,reduce_cpm,M_Base,555.0,525.0,0.0,0.0,-260.6700000000128,172.0,172.0,1.0
23,1,C-S3-DEL,K03,reduce_cpm,M_Base,315.0,300.0,0.0,0.0,-1387.6900000000023,-2693.0,-1650.0,-19.0
23,1,C-S3-DEL,K09,reduce_cpm,M_Base,555.0,525.0,0.0,0.0,-412.5,470.0,321.0,3.0
23,1,C-S3-MUM,K03,reduce_cpm,M_Base,425.0,405.0,0.0,0.0,-419.2399999999907,-195.0,-470.0,-1.0
23,1,C-S3-MUM,K09,reduce_cpm,M_Base,600.0,570.0,0.0,0.0,-263.320000000007,619.0,0.0,4.0
23,1,C-S3-BLR,K03,reduce_cpm,M_Base,335.0,320.0,-586.14,-1943.71,-556.929999999993,-1364.0,-745.0,-9.0
23,1,C-S5-DEL,K03,reduce_cpm,M_Base,330.0,295.0,-127.96,-107.29,104.44000000000233,-260.0,2013.0,13.0
23,1,C-S5-MUM,K01,reduce_cpm,M_Base,255.0,240.0,0.0,0.0,-75.45000000001164,2332.0,1002.0,-9.0
23,1,C-S5-MUM,K03,reduce_cpm,M_Base,410.0,390.0,-1741.83,-2775.08,-1098.0,-547.0,-319.0,-10.0
23,1,C-S5-BLR,K01,reduce_cpm,M_Base,250.0,240.0,0.0,0.0,-15.89999999999418,153.0,0.0,0.0
23,1,C-S5-BLR,K03,reduce_cpm,M_Base,305.0,290.0,-239.7,-316.16,-359.47000000000116,-504.0,-252.0,-4.0
23,1,C-S5-HYD,K03,reduce_cpm,M_Base,260.0,245.0,-195.96,-331.92,-307.19999999998254,-756.0,-504.0,-6.0
23,1,C-S5-PUN,K03,reduce_cpm,M_Base,250.0,240.0,-80.99,-130.21,-145.55000000001746,-252.0,-252.0,-2.0
23,2,C-S1-PUN,,increase_budget,M_Budget,400.0,600.0,57.2,461.41,31.429999999993015,172.0,0.0,1.0
23,2,C-S3-DEL,K02,increase_cpm,M_Reprice,210.0,220.0,43.67,733.34,42.10999999998603,447.0,149.0,3.0
23,2,C-S1-MUM,K04,reduce_cpm,M_Base,295.0,280.0,-59.67,-172.28,-160.27999999999884,-860.0,-688.0,-5.0
23,2,C-S1-MUM,K09,reduce_cpm,M_Base,525.0,500.0,-511.32,-369.56,-268.6700000000128,172.0,0.0,1.0
23,2,C-S3-DEL,K03,reduce_cpm,M_Base,300.0,285.0,-512.25,-1967.15,-1177.5400000000081,-3530.0,-1788.0,-24.0
23,2,C-S3-DEL,K09,reduce_cpm,M_Base,525.0,500.0,0.0,0.0,-454.79000000000815,0.0,0.0,0.0
23,2,C-S3-MUM,K02,reduce_cpm,M_Base,295.0,280.0,0.0,0.0,-33.74000000001979,0.0,0.0,0.0
23,2,C-S3-MUM,K03,reduce_cpm,M_Base,405.0,385.0,-209.18,-547.64,-783.429999999993,-1880.0,-963.0,-12.0
23,2,C-S3-MUM,K09,reduce_cpm,M_Base,570.0,540.0,0.0,0.0,-400.0,344.0,344.0,2.0
23,2,C-S3-BLR,K03,reduce_cpm,M_Base,320.0,305.0,-617.69,-1937.75,-547.9499999999825,-1639.0,-894.0,-11.0
23,2,C-S5-DEL,K03,reduce_cpm,M_Base,295.0,280.0,-551.48,-1020.34,363.8399999999965,2241.0,909.0,21.0
23,2,C-S5-MUM,K01,reduce_cpm,M_Base,240.0,230.0,-145.87,-1422.86,-9.580000000016298,0.0,0.0,0.0
23,2,C-S5-MUM,K03,reduce_cpm,M_Base,390.0,370.0,-666.77,-754.97,-755.4599999999919,3566.0,1869.0,21.0
23,2,C-S5-BLR,K03,reduce_cpm,M_Base,290.0,275.0,-10.63,-8.98,-408.0100000000093,-378.0,-378.0,-3.0
23,3,C-S3-DEL,K02,increase_cpm,M_Reprice,220.0,230.0,6.06,102.77,40.84000000001106,447.0,0.0,3.0
23,3,C-S2-PUN,K05,increase_cpm,M_Reprice,300.0,315.0,19.86,142.12,128.65000000002328,558.0,279.0,2.0
23,3,C-S2-MUM,K05,increase_cpm,M_Reprice,355.0,390.0,359.53,2276.72,522.2200000000157,1674.0,1116.0,6.0
23,3,C-S4-MUM,K06,increase_cpm,M_Reprice,430.0,450.0,63.41,514.77,113.1200000000099,424.0,0.0,1.0
23,3,C-S1-MUM,K04,reduce_cpm,M_Base,280.0,265.0,-2.74,-4.9,-157.94000000001688,-688.0,-344.0,-4.0
23,3,C-S1-BLR,K04,reduce_cpm,M_Base,290.0,275.0,-31.74,-98.46,-178.1699999999837,-688.0,-172.0,-4.0
23,3,C-S1-HYD,K04,reduce_cpm,M_Base,305.0,290.0,0.0,0.0,-36.48999999999069,-676.0,-126.0,-3.0
23,3,C-S3-DEL,K03,reduce_cpm,M_Base,285.0,270.0,-849.48,-3521.94,-1027.0599999999977,-1849.0,-1532.0,-20.0
23,3,C-S3-DEL,K09,reduce_cpm,M_Base,500.0,475.0,0.0,0.0,-487.7299999999959,-447.0,-447.0,-3.0
23,3,C-S3-MUM,K02,reduce_cpm,M_Base,280.0,265.0,0.0,0.0,-38.91000000000349,-298.0,0.0,-2.0
23,3,C-S3-MUM,K09,reduce_cpm,M_Base,540.0,515.0,0.0,0.0,-356.77999999999884,23.0,23.0,0.0
23,3,C-S3-BLR,K03,reduce_cpm,M_Base,305.0,290.0,-330.31,-849.64,-526.7799999999988,-1490.0,-745.0,-10.0
23,3,C-S5-DEL,K03,reduce_cpm,M_Base,280.0,265.0,-259.2,-370.4,215.96000000002095,518.0,951.0,14.0
23,3,C-S5-MUM,K03,reduce_cpm,M_Base,370.0,350.0,-637.16,-702.5,-759.7799999999988,-504.0,-252.0,-4.0
23,3,C-S5-BLR,K03,reduce_cpm,M_Base,275.0,250.0,-78.04,-66.62,-604.0599999999977,-756.0,-252.0,-6.0
23,3,C-S5-PUN,K03,reduce_cpm,M_Base,240.0,230.0,-4.07,-3.8,-127.11999999998079,-378.0,-252.0,-3.0
23,4,C-S4-DEL,K06,increase_cpm,M_Reprice,325.0,390.0,166.07,1388.2,523.4200000000128,4686.0,2555.0,9.0
23,4,C-S3-HYD,,increase_budget,M_Budget,400.0,600.0,200.0,921.33,1334.429999999993,5559.0,2407.0,37.0
23,4,C-S3-DEL,K04,increase_cpm,M_Reprice,280.0,295.0,22.51,89.09,246.42999999999302,894.0,149.0,6.0
23,4,C-S4-DEL,K10,increase_cpm,M_Reprice,390.0,430.0,211.97,570.53,287.25,1272.0,848.0,3.0
23,4,C-S1-HYD,K04,reduce_cpm,M_Base,290.0,275.0,-22.99,-98.92,-20.580000000001746,-229.0,172.0,0.0
23,4,C-S3-DEL,K03,reduce_cpm,M_Base,270.0,255.0,-659.59,-2465.96,-938.679999999993,-3129.0,-1490.0,-21.0
23,4,C-S3-DEL,K09,reduce_cpm,M_Base,475.0,450.0,0.0,0.0,-511.8099999999977,-298.0,195.0,-2.0
23,4,C-S3-MUM,K02,reduce_cpm,M_Base,265.0,250.0,-65.24,-785.76,-38.45999999999185,-447.0,0.0,-3.0
23,4,C-S3-MUM,K03,reduce_cpm,M_Base,385.0,365.0,-1583.3,-4182.79,-886.1399999999994,-1364.0,-768.0,-9.0
23,4,C-S3-MUM,K09,reduce_cpm,M_Base,515.0,490.0,0.0,0.0,-437.6999999999971,585.0,734.0,3.0
23,4,C-S3-BLR,K03,reduce_cpm,M_Base,290.0,275.0,-122.31,-300.13,-474.0599999999977,-871.0,-424.0,-6.0
23,4,C-S5-DEL,K03,reduce_cpm,M_Base,265.0,250.0,-217.01,-297.05,-100.10999999998603,-5079.0,-73.0,-17.0
23,4,C-S5-MUM,K03,reduce_cpm,M_Base,350.0,330.0,0.0,0.0,-730.640000000014,-882.0,-504.0,-7.0
23,4,C-S5-BLR,K03,reduce_cpm,M_Base,250.0,240.0,-6.35,-3.77,-202.27999999999884,-252.0,-126.0,-2.0
23,4,C-S5-HYD,K03,reduce_cpm,M_Base,245.0,235.0,-38.89,-69.36,-152.23000000001048,-252.0,-126.0,-2.0
23,5,C-S2-PUN,K05,increase_cpm,M_Reprice,315.0,330.0,18.8,128.91,133.55999999999767,837.0,279.0,3.0
23,5,C-S2-MUM,K05,increase_cpm,M_Reprice,390.0,410.0,42.54,240.25,221.45000000001164,1395.0,558.0,5.0
23,5,C-S3-HYD,,increase_budget,M_Budget,600.0,900.0,257.1,1062.16,1262.8500000000058,5066.0,2384.0,34.0
23,5,C-S3-PUN,,increase_budget,M_Budget,400.0,600.0,200.0,817.5,1086.1900000000023,4229.0,1765.0,29.0
23,5,C-S1-MUM,K04,reduce_cpm,M_Base,265.0,250.0,-17.09,-32.5,-51.0399999999936,-516.0,-344.0,-3.0
23,5,C-S1-HYD,K04,reduce_cpm,M_Base,275.0,260.0,-91.16,-413.41,23.270000000004075,1697.0,516.0,10.0
23,5,C-S1-PUN,K03,reduce_cpm,M_Base,250.0,240.0,-59.69,-168.89,-184.39999999999418,-172.0,-172.0,-1.0
23,5,C-S3-DEL,K03,reduce_cpm,M_Base,255.0,240.0,-224.01,-738.76,-1008.6399999999849,-4378.0,-2464.0,-30.0
23,5,C-S3-DEL,K09,reduce_cpm,M_Base,450.0,430.0,0.0,0.0,-711.3899999999849,-558.0,-940.0,-4.0
23,5,C-S3-MUM,K02,reduce_cpm,M_Base,250.0,240.0,-22.01,-204.2,-25.769999999989523,-149.0,0.0,-1.0
23,5,C-S3-MUM,K09,reduce_cpm,M_Base,490.0,465.0,-50.41,-41.0,-340.2700000000186,-149.0,-149.0,-1.0
23,5,C-S3-BLR,K03,reduce_cpm,M_Base,275.0,260.0,-34.82,-61.04,-468.60999999998603,-2235.0,-1341.0,-15.0
23,5,C-S5-DEL,K03,reduce_cpm,M_Base,250.0,240.0,-15.51,-15.39,-36.139999999984866,-2860.0,1027.0,-2.0
23,5,C-S5-MUM,K03,reduce_cpm,M_Base,330.0,315.0,-23.04,-16.73,-607.9200000000128,-630.0,-378.0,-5.0
23,5,C-S5-BLR,K01,reduce_cpm,M_Base,240.0,230.0,0.0,0.0,-8.410000000003492,2738.0,279.0,4.0
23,5,C-S5-BLR,K03,reduce_cpm,M_Base,240.0,230.0,0.0,0.0,-194.29999999998836,0.0,0.0,0.0
23,5,C-S5-HYD,K03,reduce_cpm,M_Base,235.0,225.0,-24.48,-25.75,-156.55999999998312,-378.0,-126.0,-3.0
23,6,C-S1-DEL,,increase_budget,M_Budget,1000.0,1500.0,500.0,2695.6,2821.300000000003,11101.0,6582.0,68.0
23,6,C-S1-MUM,,increase_budget,M_Budget,2950.0,4425.0,1053.15,4975.48,702.7099999999919,2236.0,1204.0,13.0
23,6,C-S3-PUN,,increase_budget,M_Budget,600.0,900.0,85.8,339.01,65.35000000000582,596.0,298.0,4.0
23,6,C-S1-DEL,K03,increase_cpm,M_Reprice,300.0,360.0,930.26,2858.58,185.45000000001164,-3070.0,-367.0,-23.0
23,6,C-S1-HYD,,increase_budget,M_Budget,550.0,825.0,275.0,765.5,1206.0800000000017,6441.0,2534.0,41.0
23,6,C-S1-MUM,K04,reduce_cpm,M_Base,250.0,240.0,-1.48,-2.13,-87.70999999999185,-516.0,-344.0,-3.0
23,6,C-S3-DEL,K03,reduce_cpm,M_Base,240.0,230.0,-127.77,-438.35,-460.4200000000128,-1639.0,-1043.0,-11.0
23,6,C-S3-MUM,K09,reduce_cpm,M_Base,465.0,440.0,-343.92,-311.8,-334.45999999999185,0.0,0.0,0.0
23,6,C-S3-BLR,K03,reduce_cpm,M_Base,260.0,245.0,-81.14,-152.51,-402.54000000000815,-1490.0,-745.0,-10.0
23,6,C-S5-DEL,K03,reduce_cpm,M_Base,240.0,230.0,-46.22,-49.21,35.470000000001164,1661.0,1386.0,13.0
23,6,C-S5-MUM,K03,reduce_cpm,M_Base,315.0,285.0,-173.34,-130.27,-1050.6000000000058,-882.0,-504.0,-7.0
23,6,C-S5-BLR,K01,reduce_cpm,M_Base,230.0,220.0,-106.74,-1053.57,-9.430000000022119,276.0,172.0,0.0
23,6,C-S5-BLR,K03,reduce_cpm,M_Base,230.0,220.0,-23.03,-14.09,-169.04000000000815,-378.0,-252.0,-3.0
23,6,C-S5-HYD,K03,reduce_cpm,M_Base,225.0,215.0,-14.69,-12.66,-142.44999999998254,0.0,0.0,0.0
42,1,C-S2-DEL,K01,increase_cpm,M_Reprice,210.0,230.0,148.15,3777.59,70.08999999998196,1204.0,-126.0,-1.0
42,1,C-S4-BLR,K06,increase_cpm,M_Reprice,390.0,430.0,94.08,926.82,545.7999999999884,7766.0,4095.0,19.0
42,1,C-S4-MUM,K06,increase_cpm,M_Reprice,425.0,445.0,23.61,210.5,154.18999999998778,424.0,424.0,1.0
42,1,C-S1-BLR,K03,reduce_cpm,M_Base,370.0,350.0,0.0,0.0,-662.4900000000198,-1078.0,-711.0,-6.0
42,1,C-S3-DEL,K03,reduce_cpm,M_Base,310.0,295.0,-100.28,-332.28,-487.5400000000227,-1215.0,-768.0,-8.0
42,1,C-S3-MUM,K09,reduce_cpm,M_Base,590.0,560.0,0.0,0.0,-379.30000000001746,-447.0,-447.0,-3.0
42,1,C-S3-BLR,K01,reduce_cpm,M_Base,240.0,230.0,0.0,0.0,-143.30000000001746,3205.0,531.0,-7.0
42,1,C-S3-BLR,K03,reduce_cpm,M_Base,340.0,325.0,-96.99,-166.1,-363.80000000001746,-745.0,-447.0,-5.0
42,1,C-S3-HYD,K09,reduce_cpm,M_Base,515.0,490.0,0.0,0.0,1.0200000000040745,470.0,172.0,3.0
42,1,C-S5-DEL,K01,reduce_cpm,M_Base,220.0,210.0,-94.71,-921.54,-32.69000000003143,-126.0,0.0,-1.0
42,1,C-S5-DEL,K03,reduce_cpm,M_Base,280.0,265.0,-280.32,-445.55,-467.96000000002095,-1134.0,-756.0,-9.0
42,1,C-S5-MUM,K03,reduce_cpm,M_Base,330.0,315.0,-248.86,-314.34,-347.7000000000262,0.0,0.0,0.0
42,1,C-S5-BLR,K03,reduce_cpm,M_Base,420.0,400.0,0.0,0.0,-585.6700000000128,1273.0,459.0,7.0
42,2,C-S2-DEL,,increase_budget,M_Budget,800.0,1200.0,285.6,2882.78,326.79999999998836,2511.0,1395.0,9.0
42,2,C-S3-DEL,K03,reduce_cpm,M_Base,295.0,280.0,-479.37,-1662.46,-592.5100000000093,-1536.0,-940.0,-10.0
42,2,C-S3-MUM,K01,reduce_cpm,M_Base,240.0,230.0,-187.54,-2523.37,-39.229999999995925,1936.0,1100.0,-9.0
42,2,C-S3-MUM,K02,reduce_cpm,M_Base,280.0,265.0,0.0,0.0,-48.29000000000815,264.0,0.0,1.0
42,2,C-S3-MUM,K03,reduce_cpm,M_Base,380.0,360.0,0.0,0.0,-797.5099999999948,-1639.0,-894.0,-11.0
42,2,C-S3-MUM,K04,reduce_cpm,M_Base,350.0,330.0,-99.43,-327.27,-253.72000000000116,-596.0,-149.0,-4.0
42,2,C-S3-MUM,K09,reduce_cpm,M_Base,560.0,530.0,0.0,0.0,-403.99000000000524,0.0,0.0,0.0
42,2,C-S3-BLR,K01,reduce_cpm,M_Base,230.0,220.0,-108.33,-1347.79,-16.510000000023865,-160.0,172.0,-2.0
42,2,C-S3-BLR,K03,reduce_cpm,M_Base,325.0,310.0,-234.89,-420.58,-390.570000000007,-745.0,-298.0,-5.0
42,2,C-S3-HYD,K09,reduce_cpm,M_Base,490.0,465.0,0.0,0.0,-1.4600000000064028,3.0,0.0,-3.0
42,2,C-S5-DEL,K01,reduce_cpm,M_Base,210.0,200.0,-80.09,-543.37,-30.780000000013388,-126.0,0.0,-1.0
42,2,C-S5-MUM,K03,reduce_cpm,M_Base,315.0,300.0,-10.67,-8.96,-376.4800000000105,0.0,0.0,0.0
42,2,C-S5-BLR,K03,reduce_cpm,M_Base,400.0,380.0,0.0,0.0,-837.5100000000093,-721.0,-641.0,-7.0
42,2,C-S5-HYD,K03,reduce_cpm,M_Base,240.0,230.0,-8.52,-8.81,-174.6200000000099,-504.0,-252.0,-4.0
42,3,C-S1-BLR,K03,reduce_cpm,M_Base,350.0,330.0,-817.34,-2612.07,-694.5500000000029,-1961.0,-1250.0,-11.0
42,3,C-S1-BLR,K04,reduce_cpm,M_Base,330.0,315.0,0.0,0.0,-185.24000000000524,-1032.0,-860.0,-6.0
42,3,C-S3-DEL,K03,reduce_cpm,M_Base,280.0,265.0,-444.32,-1442.17,-646.7099999999919,-1112.0,-768.0,-7.0
42,3,C-S3-MUM,K01,reduce_cpm,M_Base,230.0,220.0,-62.04,-659.53,-32.529999999998836,-46.0,0.0,0.0
42,3,C-S3-MUM,K03,reduce_cpm,M_Base,360.0,340.0,-927.46,-2809.86,-835.4400000000023,-1490.0,-1043.0,-10.0
42,3,C-S3-MUM,K04,reduce_cpm,M_Base,330.0,315.0,-232.23,-713.72,-193.3000000000029,-596.0,0.0,-4.0
42,3,C-S3-MUM,K09,reduce_cpm,M_Base,530.0,505.0,0.0,0.0,-360.5,-309.0,-332.0,-3.0
42,3,C-S3-BLR,K03,reduce_cpm,M_Base,310.0,295.0,-9.57,-12.26,-379.8000000000029,-894.0,-447.0,-6.0
42,3,C-S3-HYD,K09,reduce_cpm,M_Base,465.0,440.0,0.0,0.0,-21.929999999993015,745.0,447.0,5.0
42,3,C-S5-MUM,K03,reduce_cpm,M_Base,300.0,270.0,-77.82,-62.64,-665.4800000000105,-882.0,-630.0,-7.0
42,3,C-S5-BLR,K03,reduce_cpm,M_Base,380.0,360.0,0.0,0.0,-850.1999999999971,-1019.0,-916.0,-9.0
42,4,C-S2-BLR,,increase_budget,M_Budget,450.0,675.0,225.0,2030.84,830.5599999999977,4464.0,1674.0,16.0
42,4,C-S4-DEL,K05,increase_cpm,M_Reprice,295.0,355.0,494.13,3526.64,1075.1499999999942,6360.0,3816.0,15.0
42,4,C-S1-BLR,K03,reduce_cpm,M_Base,330.0,315.0,-670.49,-2205.41,-570.820000000007,-1353.0,-1009.0,-8.0
42,4,C-S3-MUM,K03,reduce_cpm,M_Base,340.0,325.0,-765.65,-2272.27,-567.4100000000035,-1490.0,-894.0,-10.0
42,4,C-S3-MUM,K04,reduce_cpm,M_Base,315.0,300.0,-91.66,-220.55,-176.9100000000035,-298.0,0.0,-2.0
42,4,C-S3-BLR,K03,reduce_cpm,M_Base,295.0,265.0,-78.01,-111.76,-737.7300000000105,-2831.0,-1341.0,-19.0
42,4,C-S5-MUM,K03,reduce_cpm,M_Base,270.0,255.0,-6.56,-3.64,-249.22000000000116,-252.0,-252.0,-2.0
42,4,C-S5-BLR,K03,reduce_cpm,M_Base,360.0,340.0,0.0,0.0,-933.3000000000175,-778.0,-1214.0,-8.0
42,5,C-S4-PUN,K05,increase_cpm,M_Reprice,275.0,330.0,122.63,816.07,263.54000000000815,870.0,435.0,0.0
42,5,C-S4-MUM,K05,increase_cpm,M_Reprice,340.0,410.0,440.92,2712.78,714.2000000000116,4664.0,2544.0,11.0
42,5,C-S1-PUN,,increase_budget,M_Budget,400.0,600.0,171.4,750.19,386.11999999999534,2064.0,688.0,12.0
42,5,C-S3-DEL,K03,reduce_cpm,M_Base,265.0,250.0,-331.32,-1181.62,-820.0299999999988,-3851.0,-2086.0,-26.0
42,5,C-S3-MUM,K01,reduce_cpm,M_Base,220.0,210.0,-7.55,-82.93,-38.89000000001397,-58.0,103.0,1.0
42,5,C-S3-MUM,K02,reduce_cpm,M_Base,265.0,250.0,0.0,0.0,-52.87000000002445,-469.0,-126.0,-5.0
42,5,C-S3-BLR,K03,reduce_cpm,M_Base,265.0,250.0,-5.2,-5.48,-335.75999999999476,-894.0,-447.0,-6.0
42,5,C-S3-HYD,K09,reduce_cpm,M_Base,440.0,420.0,0.0,0.0,-15.680000000022119,23.0,0.0,0.0
42,5,C-S5-MUM,K03,reduce_cpm,M_Base,255.0,200.0,-33.55,-17.62,-667.570000000007,-882.0,-630.0,-7.0
42,5,C-S5-BLR,K03,reduce_cpm,M_Base,340.0,325.0,0.0,0.0,-751.4599999999919,-618.0,-664.0,-6.0
42,6,C-S1-DEL,,increase_budget,M_Budget,1500.0,2250.0,750.0,2943.25,4189.340000000011,13315.0,6193.0,73.0
42,6,C-S1-HYD,,increase_budget,M_Budget,600.0,900.0,300.0,1164.05,1664.1300000000047,6182.0,2294.0,35.0
42,6,C-S3-HYD,,increase_budget,M_Budget,400.0,600.0,200.0,827.37,846.6499999999942,2281.0,1043.0,15.0
42,6,C-S1-BLR,K03,reduce_cpm,M_Base,315.0,300.0,-610.59,-2189.03,-677.4200000000128,-3763.0,-1939.0,-18.0
42,6,C-S3-DEL,K03,reduce_cpm,M_Base,250.0,240.0,-9.43,-16.79,-362.3300000000163,-1605.0,-791.0,-10.0
42,6,C-S3-MUM,K01,reduce_cpm,M_Base,210.0,200.0,-17.31,-125.01,-36.820000000006985,-447.0,0.0,-3.0
42,6,C-S3-MUM,K02,reduce_cpm,M_Base,250.0,240.0,-5.66,-86.12,-32.210000000020955,-447.0,0.0,-3.0
42,6,C-S3-BLR,K03,reduce_cpm,M_Base,250.0,240.0,-4.25,-4.45,-208.14000000001397,-149.0,0.0,-1.0
42,6,C-S5-DEL,K03,reduce_cpm,M_Base,265.0,250.0,-259.34,-495.35,-514.1600000000035,-607.0,-630.0,-5.0
42,6,C-S5-BLR,K03,reduce_cpm,M_Base,325.0,310.0,-86.6,-141.01,-767.0500000000175,-893.0,-859.0,-8.0
42,6,C-S5-HYD,K03,reduce_cpm,M_Base,230.0,220.0,0.0,0.0,-153.29000000000815,-630.0,0.0,-5.0
42,6,C-S5-PUN,K03,reduce_cpm,M_Base,275.0,260.0,-248.49,-510.71,-250.13999999999942,35.0,-34.0,-1.0
